$version Generated by Wokwi.com $end
$date Sun, 06 Sep 2026 19:14:38 GMT $end
$timescale 1ns $end
$scope module logic $end
$var wire 1 ! D0 $end
$var wire 1 " D1 $end
$upscope $end
$enddefinitions $end
#0
0!
#0
0"
#1061304
1!
#1063016
1"
#1063136
0"
#1561304
0!
#1563016
1"
#1563144
0"
#2061320
1!
#2063032
1"
#2063360
0"
#2561304
0!
#2563016
1"
#2563144
0"
#3061304
1!
#3063016
1"
#3063344
0"
#3561304
0!
#3563016
1"
#3563144
0"
#4061312
1!
#4063024
1"
#4063352
0"
#4561304
0!
#4563016
1"
#4563144
0"
#5061304
1!
#5063016
1"
#5063344
0"
#5561304
0!
#5563016
1"
#5563144
0"
#6061312
1!
#6063024
1"
#6063352
0"
#6561304
0!
#6563016
1"
#6563144
0"
#7061304
1!
#7063016
1"
#7063344
0"
#7561304
0!
#7563016
1"
#7563144
0"
#8061312
1!
#8063024
1"
#8063352
0"
#8561304
0!
#8563016
1"
#8563144
0"
#9061304
1!
#9063016
1"
#9063344
0"
#9561304
0!
#9563016
1"
#9563144
0"
#10061312
1!
#10063024
1"
#10063352
0"
#10561304
0!
#10563016
1"
#10563144
0"
#11061304
1!
#11063016
1"
#11063344
0"
#11561304
0!
#11563016
1"
#11563144
0"
#12061312
1!
#12063024
1"
#12063352
0"
#12561304
0!
#12563016
1"
#12563144
0"
#13061304
1!
#13063016
1"
#13063344
0"
#13561304
0!
#13563016
1"
#13563144
0"
#14061312
1!
#14063024
1"
#14063352
0"
#14561304
0!
#14563016
1"
#14563144
0"
#15061304
1!
#15063016
1"
#15063344
0"
#15561304
0!
#15563016
1"
#15563144
0"
#16061312
1!
#16063024
1"
#16063352
0"
#16561312
0!
#16563024
1"
#16563152
0"
#17061304
1!
#17063016
1"
#17063344
0"
#17561304
0!
#17563016
1"
#17563144
0"
#18061312
1!
#18063024
1"
#18063352
0"
#18561304
0!
#18563016
1"
#18563144
0"
#19061304
1!
#19063016
1"
#19063344
0"
#19561304
0!
#19563016
1"
#19563144
0"
#20061312
1!
#20063024
1"
#20063352
0"
#20561304
0!
#20563016
1"
#20563144
0"
#21061304
1!
#21063016
1"
#21063344
0"
#21561304
0!
#21563016
1"
#21563144
0"
#22061312
1!
#22063024
1"
#22063352
0"
#22561304
0!
#22563016
1"
#22563144
0"
#23061304
1!
#23063016
1"
#23063344
0"
#23561304
0!
#23563016
1"
#23563144
0"
#24061312
1!
#24063024
1"
#24063352
0"
#24561304
0!
#24563016
1"
#24563144
0"
#25061304
1!
#25063016
1"
#25063344
0"
#25561304
0!
#25563016
1"
#25563144
0"
#26061312
1!
#26063024
1"
#26063352
0"
#26561304
0!
#26563016
1"
#26563144
0"
#27061304
1!
#27063016
1"
#27063344
0"
#27561304
0!
#27563016
1"
#27563144
0"
#28061312
1!
#28063024
1"
#28063352
0"
#28561304
0!
#28563016
1"
#28563144
0"
#29061304
1!
#29063016
1"
#29063344
0"
#29561304
0!
#29563016
1"
#29563144
0"
#30061312
1!
#30063024
1"
#30063352
0"
#30561304
0!
#30563016
1"
#30563144
0"
#31061304
1!
#31063016
1"
#31063344
0"
#31561304
0!
#31563016
1"
#31563144
0"
#32061312
1!
#32063024
1"
#32063352
0"
#32561304
0!
#32563016
1"
#32563144
0"
#33061304
1!
#33063016
1"
#33063344
0"
#33561304
0!
#33563016
1"
#33563144
0"
#34061312
1!
#34063024
1"
#34063352
0"
#34561304
0!
#34563016
1"
#34563144
0"
#35061304
1!
#35063016
1"
#35063344
0"
#35561304
0!
#35563016
1"
#35563144
0"
#36061312
1!
#36063024
1"
#36063352
0"
#36561304
0!
#36563016
1"
#36563144
0"
#37061304
1!
#37063016
1"
#37063344
0"
#37561304
0!
#37563016
1"
#37563144
0"
#38061312
1!
#38063024
1"
#38063352
0"
#38561304
0!
#38563016
1"
#38563144
0"
#39061304
1!
#39063016
1"
#39063344
0"
#39561304
0!
#39563016
1"
#39563144
0"
#40061312
1!
#40063024
1"
#40063352
0"
#40561304
0!
#40563016
1"
#40563144
0"
#41061304
1!
#41063016
1"
#41063344
0"
#41561304
0!
#41563016
1"
#41563144
0"
#42061312
1!
#42063024
1"
#42063352
0"
#42561304
0!
#42563016
1"
#42563144
0"
#43061304
1!
#43063016
1"
#43063344
0"
#43561304
0!
#43563016
1"
#43563144
0"
#44061312
1!
#44063024
1"
#44063352
0"
#44561304
0!
#44563016
1"
#44563144
0"
#45061304
1!
#45063016
1"
#45063344
0"
#45561304
0!
#45563016
1"
#45563144
0"
#46061312
1!
#46063024
1"
#46063352
0"
#46561304
0!
#46563016
1"
#46563144
0"
#47061304
1!
#47063016
1"
#47063344
0"
#47561304
0!
#47563016
1"
#47563144
0"
#48061312
1!
#48063024
1"
#48063352
0"
#48561304
0!
#48563016
1"
#48563144
0"
#49061304
1!
#49063016
1"
#49063344
0"
#49561304
0!
#49563016
1"
#49563144
0"
#50061312
1!
#50063024
1"
#50063352
0"
#50561304
0!
#50563016
1"
#50563144
0"
#51061304
1!
#51063016
1"
#51063344
0"
#51561304
0!
#51563016
1"
#51563144
0"
#52061312
1!
#52063024
1"
#52063352
0"
#52561304
0!
#52563016
1"
#52563144
0"
#53061304
1!
#53063016
1"
#53063344
0"
#53561304
0!
#53563016
1"
#53563144
0"
#54061312
1!
#54063024
1"
#54063352
0"
#54561304
0!
#54563016
1"
#54563144
0"
#55061304
1!
#55063016
1"
#55063344
0"
#55561304
0!
#55563016
1"
#55563144
0"
#56061312
1!
#56063024
1"
#56063352
0"
#56561304
0!
#56563016
1"
#56563144
0"
#57061304
1!
#57063016
1"
#57063344
0"
#57561304
0!
#57563016
1"
#57563144
0"
#58061312
1!
#58063024
1"
#58063352
0"
#58561304
0!
#58563016
1"
#58563144
0"
#59061304
1!
#59063016
1"
#59063344
0"
#59561304
0!
#59563016
1"
#59563144
0"
#60061312
1!
#60063024
1"
#60063352
0"
#60561304
0!
#60563016
1"
#60563144
0"
#61061304
1!
#61063016
1"
#61063344
0"
#61561304
0!
#61563016
1"
#61563144
0"
#62061312
1!
#62063024
1"
#62063352
0"
#62561304
0!
#62563016
1"
#62563144
0"
#63061304
1!
#63063016
1"
#63063344
0"
#63561304
0!
#63563016
1"
#63563144
0"
#64061312
1!
#64063024
1"
#64063352
0"
#64561304
0!
#64563016
1"
#64563144
0"
#65061304
1!
#65063016
1"
#65063344
0"
#65561304
0!
#65563016
1"
#65563144
0"
#66061312
1!
#66063024
1"
#66063352
0"
#66561304
0!
#66563016
1"
#66563144
0"
#67061304
1!
#67063016
1"
#67063344
0"
#67561304
0!
#67563016
1"
#67563144
0"
#68061312
1!
#68063024
1"
#68063352
0"
#68561304
0!
#68563016
1"
#68563144
0"
#69061304
1!
#69063016
1"
#69063344
0"
#69561304
0!
#69563016
1"
#69563144
0"
#70061312
1!
#70063024
1"
#70063352
0"
#70561304
0!
#70563016
1"
#70563144
0"
#71061304
1!
#71063016
1"
#71063344
0"
#71561304
0!
#71563016
1"
#71563144
0"
#72061312
1!
#72063024
1"
#72063352
0"
#72561304
0!
#72563016
1"
#72563144
0"
#73061304
1!
#73063016
1"
#73063344
0"
#73561304
0!
#73563016
1"
#73563144
0"
#74061312
1!
#74063024
1"
#74063352
0"
#74561304
0!
#74563016
1"
#74563144
0"
#75061304
1!
#75063016
1"
#75063344
0"
#75561304
0!
#75563016
1"
#75563144
0"
#76061312
1!
#76063024
1"
#76063352
0"
#76561304
0!
#76563016
1"
#76563144
0"
#77061304
1!
#77063016
1"
#77063344
0"
#77561304
0!
#77563016
1"
#77563144
0"
#78061312
1!
#78063024
1"
#78063352
0"
#78561304
0!
#78563016
1"
#78563144
0"
#79061304
1!
#79063016
1"
#79063344
0"
#79561304
0!
#79563016
1"
#79563144
0"
#80061312
1!
#80063024
1"
#80063352
0"
#80561304
0!
#80563016
1"
#80563144
0"
#81061304
1!
#81063016
1"
#81063344
0"
#81561304
0!
#81563016
1"
#81563144
0"
#82061312
1!
#82063024
1"
#82063352
0"
#82561304
0!
#82563016
1"
#82563144
0"
#83061304
1!
#83063016
1"
#83063344
0"
#83561304
0!
#83563016
1"
#83563144
0"
#84061312
1!
#84063024
1"
#84063352
0"
#84561304
0!
#84563016
1"
#84563144
0"
#85061304
1!
#85063016
1"
#85063344
0"
#85561304
0!
#85563016
1"
#85563144
0"
#86061312
1!
#86063024
1"
#86063352
0"
#86561304
0!
#86563016
1"
#86563144
0"
#87061304
1!
#87063016
1"
#87063344
0"
#87561304
0!
#87563016
1"
#87563144
0"
#88061312
1!
#88063024
1"
#88063352
0"
#88561304
0!
#88563016
1"
#88563144
0"
#89061304
1!
#89063016
1"
#89063344
0"
#89561304
0!
#89563016
1"
#89563144
0"
#90061312
1!
#90063024
1"
#90063352
0"
#90561304
0!
#90563016
1"
#90563144
0"
#91061304
1!
#91063016
1"
#91063344
0"
#91561304
0!
#91563016
1"
#91563144
0"
#92061312
1!
#92063024
1"
#92063352
0"
#92561304
0!
#92563016
1"
#92563144
0"
#93061304
1!
#93063016
1"
#93063344
0"
#93561304
0!
#93563016
1"
#93563144
0"
#94061312
1!
#94063024
1"
#94063352
0"
#94561304
0!
#94563016
1"
#94563144
0"
#95061304
1!
#95063016
1"
#95063344
0"
#95561304
0!
#95563016
1"
#95563144
0"
#96061312
1!
#96063024
1"
#96063352
0"
#96561304
0!
#96563016
1"
#96563144
0"
#97061304
1!
#97063016
1"
#97063344
0"
#97561304
0!
#97563016
1"
#97563144
0"
#98061312
1!
#98063024
1"
#98063352
0"
#98561304
0!
#98563016
1"
#98563144
0"
#99061304
1!
#99063016
1"
#99063344
0"
#99561304
0!
#99563016
1"
#99563144
0"
#100061312
1!
#100063024
1"
#100063352
0"
#100561304
0!
#100563016
1"
#100563144
0"
#101061304
1!
#101063016
1"
#101063344
0"
#101561304
0!
#101563016
1"
#101563144
0"
#102061312
1!
#102063024
1"
#102063352
0"
#102561304
0!
#102563016
1"
#102563144
0"
#103061304
1!
#103063016
1"
#103063344
0"
#103561304
0!
#103563016
1"
#103563144
0"
#104061312
1!
#104063024
1"
#104063352
0"
#104561304
0!
#104563016
1"
#104563144
0"
#105061304
1!
#105063016
1"
#105063344
0"
#105561304
0!
#105563016
1"
#105563144
0"
#106061312
1!
#106063024
1"
#106063352
0"
#106561304
0!
#106563016
1"
#106563144
0"
#107061304
1!
#107063016
1"
#107063344
0"
#107561304
0!
#107563016
1"
#107563144
0"
#108061312
1!
#108063024
1"
#108063352
0"
#108561304
0!
#108563016
1"
#108563144
0"
#109061304
1!
#109063016
1"
#109063344
0"
#109561304
0!
#109563016
1"
#109563144
0"
#110061312
1!
#110063024
1"
#110063352
0"
#110561304
0!
#110563016
1"
#110563144
0"
#111061304
1!
#111063016
1"
#111063344
0"
#111561304
0!
#111563016
1"
#111563144
0"
#112061312
1!
#112063024
1"
#112063352
0"
#112561304
0!
#112563016
1"
#112563144
0"
#113061304
1!
#113063016
1"
#113063344
0"
#113561304
0!
#113563016
1"
#113563144
0"
#114061312
1!
#114063024
1"
#114063352
0"
#114561304
0!
#114563016
1"
#114563144
0"
#115061304
1!
#115063016
1"
#115063344
0"
#115561304
0!
#115563016
1"
#115563144
0"
#116061312
1!
#116063024
1"
#116063352
0"
#116561304
0!
#116563016
1"
#116563144
0"
#117061304
1!
#117063016
1"
#117063344
0"
#117561304
0!
#117563016
1"
#117563144
0"
#118061312
1!
#118063024
1"
#118063352
0"
#118561304
0!
#118563016
1"
#118563144
0"
#119061304
1!
#119063016
1"
#119063344
0"
#119561304
0!
#119563016
1"
#119563144
0"
#120061312
1!
#120063024
1"
#120063352
0"
#120561304
0!
#120563016
1"
#120563144
0"
#121061304
1!
#121063016
1"
#121063344
0"
#121561304
0!
#121563016
1"
#121563144
0"
#122061312
1!
#122063024
1"
#122063352
0"
#122561304
0!
#122563016
1"
#122563144
0"
#123061304
1!
#123063016
1"
#123063344
0"
#123561304
0!
#123563016
1"
#123563144
0"
#124061312
1!
#124063024
1"
#124063352
0"
#124561304
0!
#124563016
1"
#124563144
0"
#125061312
1!
#125063024
1"
#125063352
0"
#125561312
0!
#125563024
1"
#125563152
0"
#126061312
1!
#126063024
1"
#126063352
0"
#126561312
0!
#126563024
1"
#126563152
0"
#127061312
1!
#127063024
1"
#127063352
0"
#127561312
0!
#127563024
1"
#127563152
0"
#128061312
1!
#128063024
1"
#128063352
0"
#128561312
0!
#128563024
1"
#128563152
0"
#129061312
1!
#129063024
1"
#129063352
0"
#129561312
0!
#129563024
1"
#129563152
0"
#130061312
1!
#130063024
1"
#130063352
0"
#130561312
0!
#130563024
1"
#130563152
0"
#131061312
1!
#131063024
1"
#131063352
0"
#131561312
0!
#131563024
1"
#131563152
0"
#132061312
1!
#132063024
1"
#132063352
0"
#132561312
0!
#132563024
1"
#132563152
0"
#133061312
1!
#133063024
1"
#133063352
0"
#133561312
0!
#133563024
1"
#133563152
0"
#134061312
1!
#134063024
1"
#134063352
0"
#134561304
0!
#134563016
1"
#134563144
0"
#135061304
1!
#135063016
1"
#135063344
0"
#135561304
0!
#135563016
1"
#135563144
0"
#136061312
1!
#136063024
1"
#136063352
0"
#136561304
0!
#136563016
1"
#136563144
0"
#137061304
1!
#137063016
1"
#137063344
0"
#137561304
0!
#137563016
1"
#137563144
0"
#138061312
1!
#138063024
1"
#138063352
0"
#138561304
0!
#138563016
1"
#138563144
0"
#139061304
1!
#139063016
1"
#139063344
0"
#139561304
0!
#139563016
1"
#139563144
0"
#140061312
1!
#140063024
1"
#140063352
0"
#140561304
0!
#140563016
1"
#140563144
0"
#141061304
1!
#141063016
1"
#141063344
0"
#141561304
0!
#141563016
1"
#141563144
0"
#142061312
1!
#142063024
1"
#142063352
0"
#142561304
0!
#142563016
1"
#142563144
0"
#143061304
1!
#143063016
1"
#143063344
0"
#143561304
0!
#143563016
1"
#143563144
0"
#144061312
1!
#144063024
1"
#144063352
0"
#144561304
0!
#144563016
1"
#144563144
0"
#145061304
1!
#145063016
1"
#145063344
0"
#145561304
0!
#145563016
1"
#145563144
0"
#146061312
1!
#146063024
1"
#146063352
0"
#146561304
0!
#146563016
1"
#146563144
0"
#147061304
1!
#147063016
1"
#147063344
0"
#147561304
0!
#147563016
1"
#147563144
0"
#148061312
1!
#148063024
1"
#148063352
0"
#148561304
0!
#148563016
1"
#148563144
0"
#149061304
1!
#149063016
1"
#149063344
0"
#149561304
0!
#149563016
1"
#149563144
0"
#150061312
1!
#150063024
1"
#150063352
0"
#150561304
0!
#150563016
1"
#150563144
0"
#151061304
1!
#151063016
1"
#151063344
0"
#151561304
0!
#151563016
1"
#151563144
0"
#152061312
1!
#152063024
1"
#152063352
0"
#152561304
0!
#152563016
1"
#152563144
0"
#153061304
1!
#153063016
1"
#153063344
0"
#153561304
0!
#153563016
1"
#153563144
0"
#154061312
1!
#154063024
1"
#154063352
0"
#154561304
0!
#154563016
1"
#154563144
0"
#155061304
1!
#155063016
1"
#155063344
0"
#155561304
0!
#155563016
1"
#155563144
0"
#156061312
1!
#156063024
1"
#156063352
0"
#156561304
0!
#156563016
1"
#156563144
0"
#157061304
1!
#157063016
1"
#157063344
0"
#157561304
0!
#157563016
1"
#157563144
0"
#158061312
1!
#158063024
1"
#158063352
0"
#158561304
0!
#158563016
1"
#158563144
0"
#159061304
1!
#159063016
1"
#159063344
0"
#159561304
0!
#159563016
1"
#159563144
0"
#160061312
1!
#160063024
1"
#160063352
0"
#160561304
0!
#160563016
1"
#160563144
0"
#161061304
1!
#161063016
1"
#161063344
0"
#161561304
0!
#161563016
1"
#161563144
0"
#162061312
1!
#162063024
1"
#162063352
0"
#162561304
0!
#162563016
1"
#162563144
0"
#163061304
1!
#163063016
1"
#163063344
0"
#163561304
0!
#163563016
1"
#163563144
0"
#164061312
1!
#164063024
1"
#164063352
0"
#164561304
0!
#164563016
1"
#164563144
0"
#165061304
1!
#165063016
1"
#165063344
0"
#165561304
0!
#165563016
1"
#165563144
0"
#166061312
1!
#166063024
1"
#166063352
0"
#166561304
0!
#166563016
1"
#166563144
0"
#167061304
1!
#167063016
1"
#167063344
0"
#167561304
0!
#167563016
1"
#167563144
0"
#168061312
1!
#168063024
1"
#168063352
0"
#168561304
0!
#168563016
1"
#168563144
0"
#169061304
1!
#169063016
1"
#169063344
0"
#169561304
0!
#169563016
1"
#169563144
0"
#170061312
1!
#170063024
1"
#170063352
0"
#170561304
0!
#170563016
1"
#170563144
0"
#171061304
1!
#171063016
1"
#171063344
0"
#171561304
0!
#171563016
1"
#171563144
0"
#172061312
1!
#172063024
1"
#172063352
0"
#172561304
0!
#172563016
1"
#172563144
0"
#173061304
1!
#173063016
1"
#173063344
0"
#173561304
0!
#173563016
1"
#173563144
0"
#174061312
1!
#174063024
1"
#174063352
0"
#174561304
0!
#174563016
1"
#174563144
0"
#175061304
1!
#175063016
1"
#175063344
0"
#175561304
0!
#175563016
1"
#175563144
0"
#176061312
1!
#176063024
1"
#176063352
0"
#176561304
0!
#176563016
1"
#176563144
0"
#177061304
1!
#177063016
1"
#177063344
0"
#177561304
0!
#177563016
1"
#177563144
0"
#178061312
1!
#178063024
1"
#178063352
0"
#178561304
0!
#178563016
1"
#178563144
0"
#179061304
1!
#179063016
1"
#179063344
0"
#179561304
0!
#179563016
1"
#179563144
0"
#180061312
1!
#180063024
1"
#180063352
0"
#180561304
0!
#180563016
1"
#180563144
0"
#181061304
1!
#181063016
1"
#181063344
0"
#181561304
0!
#181563016
1"
#181563144
0"
#182061312
1!
#182063024
1"
#182063352
0"
#182561304
0!
#182563016
1"
#182563144
0"
#183061304
1!
#183063016
1"
#183063344
0"
#183561304
0!
#183563016
1"
#183563144
0"
#184061312
1!
#184063024
1"
#184063352
0"
#184561304
0!
#184563016
1"
#184563144
0"
#185061304
1!
#185063016
1"
#185063344
0"
#185561304
0!
#185563016
1"
#185563144
0"
#186061312
1!
#186063024
1"
#186063352
0"
#186561304
0!
#186563016
1"
#186563144
0"
#187061304
1!
#187063016
1"
#187063344
0"
#187561304
0!
#187563016
1"
#187563144
0"
#188061312
1!
#188063024
1"
#188063352
0"
#188561304
0!
#188563016
1"
#188563144
0"
#189061304
1!
#189063016
1"
#189063344
0"
#189561304
0!
#189563016
1"
#189563144
0"
#190061312
1!
#190063024
1"
#190063352
0"
#190561304
0!
#190563016
1"
#190563144
0"
#191061304
1!
#191063016
1"
#191063344
0"
#191561304
0!
#191563016
1"
#191563144
0"
#192061312
1!
#192063024
1"
#192063352
0"
#192561304
0!
#192563016
1"
#192563144
0"
#193061304
1!
#193063016
1"
#193063344
0"
#193561304
0!
#193563016
1"
#193563144
0"
#194061312
1!
#194063024
1"
#194063352
0"
#194561304
0!
#194563016
1"
#194563144
0"
#195061304
1!
#195063016
1"
#195063344
0"
#195561304
0!
#195563016
1"
#195563144
0"
#196061312
1!
#196063024
1"
#196063352
0"
#196561304
0!
#196563016
1"
#196563144
0"
#197061304
1!
#197063016
1"
#197063344
0"
#197561304
0!
#197563016
1"
#197563144
0"
#198061312
1!
#198063024
1"
#198063352
0"
#198561304
0!
#198563016
1"
#198563144
0"
#199061304
1!
#199063016
1"
#199063344
0"
#199561304
0!
#199563016
1"
#199563144
0"
#200061312
1!
#200063024
1"
#200063352
0"
#200561304
0!
#200563016
1"
#200563144
0"
#201061304
1!
#201063016
1"
#201063344
0"
#201561304
0!
#201563016
1"
#201563144
0"
#202061312
1!
#202063024
1"
#202063352
0"
#202561304
0!
#202563016
1"
#202563144
0"
#203061304
1!
#203063016
1"
#203063344
0"
#203561304
0!
#203563016
1"
#203563144
0"
#204061312
1!
#204063024
1"
#204063352
0"
#204561304
0!
#204563016
1"
#204563144
0"
#205061304
1!
#205063016
1"
#205063344
0"
#205561304
0!
#205563016
1"
#205563144
0"
#206061312
1!
#206063024
1"
#206063352
0"
#206561304
0!
#206563016
1"
#206563144
0"
#207061304
1!
#207063016
1"
#207063344
0"
#207561304
0!
#207563016
1"
#207563144
0"
#208061312
1!
#208063024
1"
#208063352
0"
#208561304
0!
#208563016
1"
#208563144
0"
#209061304
1!
#209063016
1"
#209063344
0"
#209561304
0!
#209563016
1"
#209563144
0"
#210061312
1!
#210063024
1"
#210063352
0"
#210561304
0!
#210563016
1"
#210563144
0"
#211061304
1!
#211063016
1"
#211063344
0"
#211561304
0!
#211563016
1"
#211563144
0"
#212061312
1!
#212063024
1"
#212063352
0"
#212561304
0!
#212563016
1"
#212563144
0"
#213061304
1!
#213063016
1"
#213063344
0"
#213561304
0!
#213563016
1"
#213563144
0"
#214061312
1!
#214063024
1"
#214063352
0"
#214561304
0!
#214563016
1"
#214563144
0"
#215061304
1!
#215063016
1"
#215063344
0"
#215561304
0!
#215563016
1"
#215563144
0"
#216061312
1!
#216063024
1"
#216063352
0"
#216561304
0!
#216563016
1"
#216563144
0"
#217061304
1!
#217063016
1"
#217063344
0"
#217561304
0!
#217563016
1"
#217563144
0"
#218061312
1!
#218063024
1"
#218063352
0"
#218561304
0!
#218563016
1"
#218563144
0"
#219061304
1!
#219063016
1"
#219063344
0"
#219561304
0!
#219563016
1"
#219563144
0"
#220061312
1!
#220063024
1"
#220063352
0"
#220561304
0!
#220563016
1"
#220563144
0"
#221061304
1!
#221063016
1"
#221063344
0"
#221561304
0!
#221563016
1"
#221563144
0"
#222061312
1!
#222063024
1"
#222063352
0"
#222561304
0!
#222563016
1"
#222563144
0"
#223061304
1!
#223063016
1"
#223063344
0"
#223561304
0!
#223563016
1"
#223563144
0"
#224061312
1!
#224063024
1"
#224063352
0"
#224561304
0!
#224563016
1"
#224563144
0"
#225061304
1!
#225063016
1"
#225063344
0"
#225561304
0!
#225563016
1"
#225563144
0"
#226061312
1!
#226063024
1"
#226063352
0"
#226561304
0!
#226563016
1"
#226563144
0"
#227061304
1!
#227063016
1"
#227063344
0"
#227561304
0!
#227563016
1"
#227563144
0"
#228061312
1!
#228063024
1"
#228063352
0"
#228561304
0!
#228563016
1"
#228563144
0"
#229061304
1!
#229063016
1"
#229063344
0"
#229561304
0!
#229563016
1"
#229563144
0"
#230061312
1!
#230063024
1"
#230063352
0"
#230561304
0!
#230563016
1"
#230563144
0"
#231061304
1!
#231063016
1"
#231063344
0"
#231561304
0!
#231563016
1"
#231563144
0"
#232061312
1!
#232063024
1"
#232063352
0"
#232561304
0!
#232563016
1"
#232563144
0"
#233061304
1!
#233063016
1"
#233063344
0"
#233561304
0!
#233563016
1"
#233563144
0"
#234061312
1!
#234063024
1"
#234063352
0"
#234561304
0!
#234563016
1"
#234563144
0"
#235061304
1!
#235063016
1"
#235063344
0"
#235561304
0!
#235563016
1"
#235563144
0"
#236061312
1!
#236063024
1"
#236063352
0"
#236561304
0!
#236563016
1"
#236563144
0"
#237061304
1!
#237063016
1"
#237063344
0"
#237561304
0!
#237563016
1"
#237563144
0"
#238061312
1!
#238063024
1"
#238063352
0"
#238561304
0!
#238563016
1"
#238563144
0"
#239061304
1!
#239063016
1"
#239063344
0"
#239561304
0!
#239563016
1"
#239563144
0"
#240061312
1!
#240063024
1"
#240063352
0"
#240561304
0!
#240563016
1"
#240563144
0"
#241061304
1!
#241063016
1"
#241063344
0"
#241561304
0!
#241563016
1"
#241563144
0"
#242061312
1!
#242063024
1"
#242063352
0"
#242561304
0!
#242563016
1"
#242563144
0"
#243061304
1!
#243063016
1"
#243063344
0"
#243561304
0!
#243563016
1"
#243563144
0"
#244061312
1!
#244063024
1"
#244063352
0"
#244561304
0!
#244563016
1"
#244563144
0"
#245061304
1!
#245063016
1"
#245063344
0"
#245561304
0!
#245563016
1"
#245563144
0"
#246061312
1!
#246063024
1"
#246063352
0"
#246561304
0!
#246563016
1"
#246563144
0"
#247061304
1!
#247063016
1"
#247063344
0"
#247561304
0!
#247563016
1"
#247563144
0"
#248061312
1!
#248063024
1"
#248063352
0"
#248561304
0!
#248563016
1"
#248563144
0"
#249061304
1!
#249063016
1"
#249063344
0"
#249561304
0!
#249563016
1"
#249563144
0"
#250061312
1!
#250063024
1"
#250063352
0"
#250561312
0!
#250563024
1"
#250563152
0"
#251061304
1!
#251063016
1"
#251063344
0"
#251561304
0!
#251563016
1"
#251563144
0"
#252061312
1!
#252063024
1"
#252063352
0"
#252561304
0!
#252563016
1"
#252563144
0"
#253061304
1!
#253063016
1"
#253063344
0"
#253561304
0!
#253563016
1"
#253563144
0"
#254061312
1!
#254063024
1"
#254063352
0"
#254561304
0!
#254563016
1"
#254563144
0"
#255061304
1!
#255063016
1"
#255063344
0"
#255561304
0!
#255563016
1"
#255563144
0"
#256061312
1!
#256063024
1"
#256063352
0"
#256561304
0!
#256563016
1"
#256563144
0"
#257061304
1!
#257063016
1"
#257063344
0"
#257561304
0!
#257563016
1"
#257563144
0"
#258061312
1!
#258063024
1"
#258063352
0"
#258561304
0!
#258563016
1"
#258563144
0"
#259061304
1!
#259063016
1"
#259063344
0"
#259561304
0!
#259563016
1"
#259563144
0"
#260061312
1!
#260063024
1"
#260063352
0"
#260561304
0!
#260563016
1"
#260563144
0"
#261061304
1!
#261063016
1"
#261063344
0"
#261561304
0!
#261563016
1"
#261563144
0"
#262061312
1!
#262063024
1"
#262063352
0"
#262561304
0!
#262563016
1"
#262563144
0"
#263061304
1!
#263063016
1"
#263063344
0"
#263561304
0!
#263563016
1"
#263563144
0"
#264061312
1!
#264063024
1"
#264063352
0"
#264561304
0!
#264563016
1"
#264563144
0"
#265061304
1!
#265063016
1"
#265063344
0"
#265561304
0!
#265563016
1"
#265563144
0"
#266061312
1!
#266063024
1"
#266063352
0"
#266561304
0!
#266563016
1"
#266563144
0"
#267061304
1!
#267063016
1"
#267063344
0"
#267561304
0!
#267563016
1"
#267563144
0"
#268061312
1!
#268063024
1"
#268063352
0"
#268561304
0!
#268563016
1"
#268563144
0"
#269061304
1!
#269063016
1"
#269063344
0"
#269561304
0!
#269563016
1"
#269563144
0"
#270061312
1!
#270063024
1"
#270063352
0"
#270561304
0!
#270563016
1"
#270563144
0"
#271061304
1!
#271063016
1"
#271063344
0"
#271561304
0!
#271563016
1"
#271563144
0"
#272061312
1!
#272063024
1"
#272063352
0"
#272561304
0!
#272563016
1"
#272563144
0"
#273061304
1!
#273063016
1"
#273063344
0"
#273561304
0!
#273563016
1"
#273563144
0"
#274061312
1!
#274063024
1"
#274063352
0"
#274561304
0!
#274563016
1"
#274563144
0"
#275061304
1!
#275063016
1"
#275063344
0"
#275561304
0!
#275563016
1"
#275563144
0"
#276061312
1!
#276063024
1"
#276063352
0"
#276561304
0!
#276563016
1"
#276563144
0"
#277061304
1!
#277063016
1"
#277063344
0"
#277561304
0!
#277563016
1"
#277563144
0"
#278061312
1!
#278063024
1"
#278063352
0"
#278561304
0!
#278563016
1"
#278563144
0"
#279061304
1!
#279063016
1"
#279063344
0"
#279561304
0!
#279563016
1"
#279563144
0"
#280061312
1!
#280063024
1"
#280063352
0"
#280561304
0!
#280563016
1"
#280563144
0"
#281061304
1!
#281063016
1"
#281063344
0"
#281561304
0!
#281563016
1"
#281563144
0"
#282061312
1!
#282063024
1"
#282063352
0"
#282561304
0!
#282563016
1"
#282563144
0"
#283061304
1!
#283063016
1"
#283063344
0"
#283561304
0!
#283563016
1"
#283563144
0"
#284061312
1!
#284063024
1"
#284063352
0"
#284561304
0!
#284563016
1"
#284563144
0"
#285061304
1!
#285063016
1"
#285063344
0"
#285561304
0!
#285563016
1"
#285563144
0"
#286061312
1!
#286063024
1"
#286063352
0"
#286561304
0!
#286563016
1"
#286563144
0"
#287061304
1!
#287063016
1"
#287063344
0"
#287561304
0!
#287563016
1"
#287563144
0"
#288061312
1!
#288063024
1"
#288063352
0"
#288561304
0!
#288563016
1"
#288563144
0"
#289061304
1!
#289063016
1"
#289063344
0"
#289561304
0!
#289563016
1"
#289563144
0"
#290061312
1!
#290063024
1"
#290063352
0"
#290561304
0!
#290563016
1"
#290563144
0"
#291061304
1!
#291063016
1"
#291063344
0"
#291561304
0!
#291563016
1"
#291563144
0"
#292061312
1!
#292063024
1"
#292063352
0"
#292561304
0!
#292563016
1"
#292563144
0"
#293061304
1!
#293063016
1"
#293063344
0"
#293561304
0!
#293563016
1"
#293563144
0"
#294061312
1!
#294063024
1"
#294063352
0"
#294561304
0!
#294563016
1"
#294563144
0"
#295061304
1!
#295063016
1"
#295063344
0"
#295561304
0!
#295563016
1"
#295563144
0"
#296061312
1!
#296063024
1"
#296063352
0"
#296561304
0!
#296563016
1"
#296563144
0"
#297061304
1!
#297063016
1"
#297063344
0"
#297561304
0!
#297563016
1"
#297563144
0"
#298061312
1!
#298063024
1"
#298063352
0"
#298561304
0!
#298563016
1"
#298563144
0"
#299061304
1!
#299063016
1"
#299063344
0"
#299561304
0!
#299563016
1"
#299563144
0"
#300061312
1!
#300063024
1"
#300063352
0"
#300561304
0!
#300563016
1"
#300563144
0"
#301061304
1!
#301063016
1"
#301063344
0"
#301561304
0!
#301563016
1"
#301563144
0"
#302061312
1!
#302063024
1"
#302063352
0"
#302561304
0!
#302563016
1"
#302563144
0"
#303061304
1!
#303063016
1"
#303063344
0"
#303561304
0!
#303563016
1"
#303563144
0"
#304061312
1!
#304063024
1"
#304063352
0"
#304561304
0!
#304563016
1"
#304563144
0"
#305061304
1!
#305063016
1"
#305063344
0"
#305561304
0!
#305563016
1"
#305563144
0"
#306061312
1!
#306063024
1"
#306063352
0"
#306561304
0!
#306563016
1"
#306563144
0"
#307061304
1!
#307063016
1"
#307063344
0"
#307561304
0!
#307563016
1"
#307563144
0"
#308061312
1!
#308063024
1"
#308063352
0"
#308561304
0!
#308563016
1"
#308563144
0"
#309061304
1!
#309063016
1"
#309063344
0"
#309561304
0!
#309563016
1"
#309563144
0"
#310061312
1!
#310063024
1"
#310063352
0"
#310561304
0!
#310563016
1"
#310563144
0"
#311061304
1!
#311063016
1"
#311063344
0"
#311561304
0!
#311563016
1"
#311563144
0"
#312061312
1!
#312063024
1"
#312063352
0"
#312561304
0!
#312563016
1"
#312563144
0"
#313061304
1!
#313063016
1"
#313063344
0"
#313561304
0!
#313563016
1"
#313563144
0"
#314061312
1!
#314063024
1"
#314063352
0"
#314561304
0!
#314563016
1"
#314563144
0"
#315061304
1!
#315063016
1"
#315063344
0"
#315561304
0!
#315563016
1"
#315563144
0"
#316061312
1!
#316063024
1"
#316063352
0"
#316561304
0!
#316563016
1"
#316563144
0"
#317061304
1!
#317063016
1"
#317063344
0"
#317561304
0!
#317563016
1"
#317563144
0"
#318061312
1!
#318063024
1"
#318063352
0"
#318561304
0!
#318563016
1"
#318563144
0"
#319061304
1!
#319063016
1"
#319063344
0"
#319561304
0!
#319563016
1"
#319563144
0"
#320061312
1!
#320063024
1"
#320063352
0"
#320561304
0!
#320563016
1"
#320563144
0"
#321061304
1!
#321063016
1"
#321063344
0"
#321561304
0!
#321563016
1"
#321563144
0"
#322061312
1!
#322063024
1"
#322063352
0"
#322561304
0!
#322563016
1"
#322563144
0"
#323061304
1!
#323063016
1"
#323063344
0"
#323561304
0!
#323563016
1"
#323563144
0"
#324061312
1!
#324063024
1"
#324063352
0"
#324561304
0!
#324563016
1"
#324563144
0"
#325061304
1!
#325063016
1"
#325063344
0"
#325561304
0!
#325563016
1"
#325563144
0"
#326061312
1!
#326063024
1"
#326063352
0"
#326561304
0!
#326563016
1"
#326563144
0"
#327061304
1!
#327063016
1"
#327063344
0"
#327561304
0!
#327563016
1"
#327563144
0"
#328061312
1!
#328063024
1"
#328063352
0"
#328561304
0!
#328563016
1"
#328563144
0"
#329061304
1!
#329063016
1"
#329063344
0"
#329561304
0!
#329563016
1"
#329563144
0"
#330061312
1!
#330063024
1"
#330063352
0"
#330561304
0!
#330563016
1"
#330563144
0"
#331061304
1!
#331063016
1"
#331063344
0"
#331561304
0!
#331563016
1"
#331563144
0"
#332061312
1!
#332063024
1"
#332063352
0"
#332561304
0!
#332563016
1"
#332563144
0"
#333061304
1!
#333063016
1"
#333063344
0"
#333561304
0!
#333563016
1"
#333563144
0"
#334061312
1!
#334063024
1"
#334063352
0"
#334561304
0!
#334563016
1"
#334563144
0"
#335061304
1!
#335063016
1"
#335063344
0"
#335561304
0!
#335563016
1"
#335563144
0"
#336061312
1!
#336063024
1"
#336063352
0"
#336561304
0!
#336563016
1"
#336563144
0"
#337061304
1!
#337063016
1"
#337063344
0"
#337561304
0!
#337563016
1"
#337563144
0"
#338061312
1!
#338063024
1"
#338063352
0"
#338561304
0!
#338563016
1"
#338563144
0"
#339061304
1!
#339063016
1"
#339063344
0"
#339561304
0!
#339563016
1"
#339563144
0"
#340061312
1!
#340063024
1"
#340063352
0"
#340561304
0!
#340563016
1"
#340563144
0"
#341061304
1!
#341063016
1"
#341063344
0"
#341561304
0!
#341563016
1"
#341563144
0"
#342061312
1!
#342063024
1"
#342063352
0"
#342561304
0!
#342563016
1"
#342563144
0"
#343061304
1!
#343063016
1"
#343063344
0"
#343561304
0!
#343563016
1"
#343563144
0"
#344061312
1!
#344063024
1"
#344063352
0"
#344561304
0!
#344563016
1"
#344563144
0"
#345061304
1!
#345063016
1"
#345063344
0"
#345561304
0!
#345563016
1"
#345563144
0"
#346061312
1!
#346063024
1"
#346063352
0"
#346561304
0!
#346563016
1"
#346563144
0"
#347061304
1!
#347063016
1"
#347063344
0"
#347561304
0!
#347563016
1"
#347563144
0"
#348061312
1!
#348063024
1"
#348063352
0"
#348561304
0!
#348563016
1"
#348563144
0"
#349061304
1!
#349063016
1"
#349063344
0"
#349561304
0!
#349563016
1"
#349563144
0"
#350061312
1!
#350063024
1"
#350063352
0"
#350561304
0!
#350563016
1"
#350563144
0"
#351061304
1!
#351063016
1"
#351063344
0"
#351561304
0!
#351563016
1"
#351563144
0"
#352061312
1!
#352063024
1"
#352063352
0"
#352561304
0!
#352563016
1"
#352563144
0"
#353061304
1!
#353063016
1"
#353063344
0"
#353561304
0!
#353563016
1"
#353563144
0"
#354061312
1!
#354063024
1"
#354063352
0"
#354561304
0!
#354563016
1"
#354563144
0"
#355061304
1!
#355063016
1"
#355063344
0"
#355561304
0!
#355563016
1"
#355563144
0"
#356061312
1!
#356063024
1"
#356063352
0"
#356561304
0!
#356563016
1"
#356563144
0"
#357061304
1!
#357063016
1"
#357063344
0"
#357561304
0!
#357563016
1"
#357563144
0"
#358061312
1!
#358063024
1"
#358063352
0"
#358561304
0!
#358563016
1"
#358563144
0"
#359061304
1!
#359063016
1"
#359063344
0"
#359561304
0!
#359563016
1"
#359563144
0"
#360061312
1!
#360063024
1"
#360063352
0"
#360561304
0!
#360563016
1"
#360563144
0"
#361061304
1!
#361063016
1"
#361063344
0"
#361561304
0!
#361563016
1"
#361563144
0"
#362061312
1!
#362063024
1"
#362063352
0"
#362561304
0!
#362563016
1"
#362563144
0"
#363061304
1!
#363063016
1"
#363063344
0"
#363561304
0!
#363563016
1"
#363563144
0"
#364061312
1!
#364063024
1"
#364063352
0"
#364561304
0!
#364563016
1"
#364563144
0"
#365061304
1!
#365063016
1"
#365063344
0"
#365561304
0!
#365563016
1"
#365563144
0"
#366061312
1!
#366063024
1"
#366063352
0"
#366561304
0!
#366563016
1"
#366563144
0"
#367061304
1!
#367063016
1"
#367063344
0"
#367561304
0!
#367563016
1"
#367563144
0"
#368061312
1!
#368063024
1"
#368063352
0"
#368561304
0!
#368563016
1"
#368563144
0"
#369061304
1!
#369063016
1"
#369063344
0"
#369561304
0!
#369563016
1"
#369563144
0"
#370061312
1!
#370063024
1"
#370063352
0"
#370561304
0!
#370563016
1"
#370563144
0"
#371061304
1!
#371063016
1"
#371063344
0"
#371561304
0!
#371563016
1"
#371563144
0"
#372061312
1!
#372063024
1"
#372063352
0"
#372561304
0!
#372563016
1"
#372563144
0"
#373061304
1!
#373063016
1"
#373063344
0"
#373561304
0!
#373563016
1"
#373563144
0"
#374061312
1!
#374063024
1"
#374063352
0"
#374561304
0!
#374563016
1"
#374563144
0"
#375061304
1!
#375063016
1"
#375063344
0"
#375561304
0!
#375563016
1"
#375563144
0"
#376061312
1!
#376063024
1"
#376063352
0"
#376561304
0!
#376563016
1"
#376563144
0"
#377061304
1!
#377063016
1"
#377063344
0"
#377561304
0!
#377563016
1"
#377563144
0"
#378061312
1!
#378063024
1"
#378063352
0"
#378561304
0!
#378563016
1"
#378563144
0"
#379061304
1!
#379063016
1"
#379063344
0"
#379561304
0!
#379563016
1"
#379563144
0"
#380061312
1!
#380063024
1"
#380063352
0"
#380561304
0!
#380563016
1"
#380563144
0"
#381061304
1!
#381063016
1"
#381063344
0"
#381561304
0!
#381563016
1"
#381563144
0"
#382061312
1!
#382063024
1"
#382063352
0"
#382561304
0!
#382563016
1"
#382563144
0"
#383061304
1!
#383063016
1"
#383063344
0"
#383561304
0!
#383563016
1"
#383563144
0"
#384061312
1!
#384063024
1"
#384063352
0"
#384561304
0!
#384563016
1"
#384563144
0"
#385061304
1!
#385063016
1"
#385063344
0"
#385561304
0!
#385563016
1"
#385563144
0"
#386061312
1!
#386063024
1"
#386063352
0"
#386561304
0!
#386563016
1"
#386563144
0"
#387061304
1!
#387063016
1"
#387063344
0"
#387561304
0!
#387563016
1"
#387563144
0"
#388061312
1!
#388063024
1"
#388063352
0"
#388561304
0!
#388563016
1"
#388563144
0"
#389061304
1!
#389063016
1"
#389063344
0"
#389561304
0!
#389563016
1"
#389563144
0"
#390061312
1!
#390063024
1"
#390063352
0"
#390561304
0!
#390563016
1"
#390563144
0"
#391061304
1!
#391063016
1"
#391063344
0"
#391561304
0!
#391563016
1"
#391563144
0"
#392061312
1!
#392063024
1"
#392063352
0"
#392561304
0!
#392563016
1"
#392563144
0"
#393061304
1!
#393063016
1"
#393063344
0"
#393561304
0!
#393563016
1"
#393563144
0"
#394061312
1!
#394063024
1"
#394063352
0"
#394561304
0!
#394563016
1"
#394563144
0"
#395061304
1!
#395063016
1"
#395063344
0"
#395561304
0!
#395563016
1"
#395563144
0"
#396061312
1!
#396063024
1"
#396063352
0"
#396561304
0!
#396563016
1"
#396563144
0"
#397061304
1!
#397063016
1"
#397063344
0"
#397561304
0!
#397563016
1"
#397563144
0"
#398061312
1!
#398063024
1"
#398063352
0"
#398561304
0!
#398563016
1"
#398563144
0"
#399061304
1!
#399063016
1"
#399063344
0"
#399561304
0!
#399563016
1"
#399563144
0"
#400061312
1!
#400063024
1"
#400063352
0"
#400561304
0!
#400563016
1"
#400563144
0"
#401061304
1!
#401063016
1"
#401063344
0"
#401561304
0!
#401563016
1"
#401563144
0"
#402061312
1!
#402063024
1"
#402063352
0"
#402561304
0!
#402563016
1"
#402563144
0"
#403061304
1!
#403063016
1"
#403063344
0"
#403561304
0!
#403563016
1"
#403563144
0"
#404061312
1!
#404063024
1"
#404063352
0"
#404561304
0!
#404563016
1"
#404563144
0"
#405061304
1!
#405063016
1"
#405063344
0"
#405561304
0!
#405563016
1"
#405563144
0"
#406061312
1!
#406063024
1"
#406063352
0"
#406561304
0!
#406563016
1"
#406563144
0"
#407061304
1!
#407063016
1"
#407063344
0"
#407561304
0!
#407563016
1"
#407563144
0"
#408061312
1!
#408063024
1"
#408063352
0"
#408561304
0!
#408563016
1"
#408563144
0"
#409061304
1!
#409063016
1"
#409063344
0"
#409561304
0!
#409563016
1"
#409563144
0"
#410061312
1!
#410063024
1"
#410063352
0"
#410561304
0!
#410563016
1"
#410563144
0"
#411061304
1!
#411063016
1"
#411063344
0"
#411561304
0!
#411563016
1"
#411563144
0"
#412061312
1!
#412063024
1"
#412063352
0"
#412561304
0!
#412563016
1"
#412563144
0"
#413061304
1!
#413063016
1"
#413063344
0"
#413561304
0!
#413563016
1"
#413563144
0"
#414061312
1!
#414063024
1"
#414063352
0"
#414561304
0!
#414563016
1"
#414563144
0"
#415061304
1!
#415063016
1"
#415063344
0"
#415561304
0!
#415563016
1"
#415563144
0"
#416061312
1!
#416063024
1"
#416063352
0"
#416561304
0!
#416563016
1"
#416563144
0"
#417061304
1!
#417063016
1"
#417063344
0"
#417561304
0!
#417563016
1"
#417563144
0"
#418061312
1!
#418063024
1"
#418063352
0"
#418561304
0!
#418563016
1"
#418563144
0"
#419061304
1!
#419063016
1"
#419063344
0"
#419561304
0!
#419563016
1"
#419563144
0"
#420061312
1!
#420063024
1"
#420063352
0"
#420561304
0!
#420563016
1"
#420563144
0"
#421061304
1!
#421063016
1"
#421063344
0"
#421561304
0!
#421563016
1"
#421563144
0"
#422061312
1!
#422063024
1"
#422063352
0"
#422561304
0!
#422563016
1"
#422563144
0"
#423061304
1!
#423063016
1"
#423063344
0"
#423561304
0!
#423563016
1"
#423563144
0"
#424061312
1!
#424063024
1"
#424063352
0"
#424561304
0!
#424563016
1"
#424563144
0"
#425061304
1!
#425063016
1"
#425063344
0"
#425561304
0!
#425563016
1"
#425563144
0"
#426061312
1!
#426063024
1"
#426063352
0"
#426561304
0!
#426563016
1"
#426563144
0"
#427061304
1!
#427063016
1"
#427063344
0"
#427561304
0!
#427563016
1"
#427563144
0"
#428061312
1!
#428063024
1"
#428063352
0"
#428561304
0!
#428563016
1"
#428563144
0"
#429061304
1!
#429063016
1"
#429063344
0"
#429561304
0!
#429563016
1"
#429563144
0"
#430061312
1!
#430063024
1"
#430063352
0"
#430561304
0!
#430563016
1"
#430563144
0"
#431061304
1!
#431063016
1"
#431063344
0"
#431561304
0!
#431563016
1"
#431563144
0"
#432061312
1!
#432063024
1"
#432063352
0"
#432561304
0!
#432563016
1"
#432563144
0"
#433061304
1!
#433063016
1"
#433063344
0"
#433561304
0!
#433563016
1"
#433563144
0"
#434061312
1!
#434063024
1"
#434063352
0"
#434561304
0!
#434563016
1"
#434563144
0"
#435061304
1!
#435063016
1"
#435063344
0"
#435561304
0!
#435563016
1"
#435563144
0"
#436061312
1!
#436063024
1"
#436063352
0"
#436561304
0!
#436563016
1"
#436563144
0"
#437061304
1!
#437063016
1"
#437063344
0"
#437561304
0!
#437563016
1"
#437563144
0"
#438061312
1!
#438063024
1"
#438063352
0"
#438561304
0!
#438563016
1"
#438563144
0"
#439061304
1!
#439063016
1"
#439063344
0"
#439561304
0!
#439563016
1"
#439563144
0"
#440061312
1!
#440063024
1"
#440063352
0"
#440561304
0!
#440563016
1"
#440563144
0"
#441061304
1!
#441063016
1"
#441063344
0"
#441561304
0!
#441563016
1"
#441563144
0"
#442061312
1!
#442063024
1"
#442063352
0"
#442561304
0!
#442563016
1"
#442563144
0"
#443061304
1!
#443063016
1"
#443063344
0"
#443561304
0!
#443563016
1"
#443563144
0"
#444061312
1!
#444063024
1"
#444063352
0"
#444561304
0!
#444563016
1"
#444563144
0"
#445061304
1!
#445063016
1"
#445063344
0"
#445561304
0!
#445563016
1"
#445563144
0"
#446061312
1!
#446063024
1"
#446063352
0"
#446561304
0!
#446563016
1"
#446563144
0"
#447061304
1!
#447063016
1"
#447063344
0"
#447561304
0!
#447563016
1"
#447563144
0"
#448061312
1!
#448063024
1"
#448063352
0"
#448561304
0!
#448563016
1"
#448563144
0"
#449061304
1!
#449063016
1"
#449063344
0"
#449561304
0!
#449563016
1"
#449563144
0"
#450061312
1!
#450063024
1"
#450063352
0"
#450561304
0!
#450563016
1"
#450563144
0"
#451061304
1!
#451063016
1"
#451063344
0"
#451561304
0!
#451563016
1"
#451563144
0"
#452061312
1!
#452063024
1"
#452063352
0"
#452561304
0!
#452563016
1"
#452563144
0"
#453061304
1!
#453063016
1"
#453063344
0"
#453561304
0!
#453563016
1"
#453563144
0"
#454061312
1!
#454063024
1"
#454063352
0"
#454561304
0!
#454563016
1"
#454563144
0"
#455061304
1!
#455063016
1"
#455063344
0"
#455561304
0!
#455563016
1"
#455563144
0"
#456061312
1!
#456063024
1"
#456063352
0"
#456561304
0!
#456563016
1"
#456563144
0"
#457061304
1!
#457063016
1"
#457063344
0"
#457561304
0!
#457563016
1"
#457563144
0"
#458061312
1!
#458063024
1"
#458063352
0"
#458561304
0!
#458563016
1"
#458563144
0"
#459061304
1!
#459063016
1"
#459063344
0"
#459561304
0!
#459563016
1"
#459563144
0"
#460061312
1!
#460063024
1"
#460063352
0"
#460561304
0!
#460563016
1"
#460563144
0"
#461061304
1!
#461063016
1"
#461063344
0"
#461561304
0!
#461563016
1"
#461563144
0"
#462061312
1!
#462063024
1"
#462063352
0"
#462561304
0!
#462563016
1"
#462563144
0"
#463061304
1!
#463063016
1"
#463063344
0"
#463561304
0!
#463563016
1"
#463563144
0"
#464061312
1!
#464063024
1"
#464063352
0"
#464561304
0!
#464563016
1"
#464563144
0"
#465061304
1!
#465063016
1"
#465063344
0"
#465561304
0!
#465563016
1"
#465563144
0"
#466061312
1!
#466063024
1"
#466063352
0"
#466561304
0!
#466563016
1"
#466563144
0"
#467061304
1!
#467063016
1"
#467063344
0"
#467561304
0!
#467563016
1"
#467563144
0"
#468061312
1!
#468063024
1"
#468063352
0"
#468561304
0!
#468563016
1"
#468563144
0"
#469061304
1!
#469063016
1"
#469063344
0"
#469561304
0!
#469563016
1"
#469563144
0"
#470061312
1!
#470063024
1"
#470063352
0"
#470561304
0!
#470563016
1"
#470563144
0"
#471061304
1!
#471063016
1"
#471063344
0"
#471561304
0!
#471563016
1"
#471563144
0"
#472061312
1!
#472063024
1"
#472063352
0"
#472561304
0!
#472563016
1"
#472563144
0"
#473061304
1!
#473063016
1"
#473063344
0"
#473561304
0!
#473563016
1"
#473563144
0"
#474061312
1!
#474063024
1"
#474063352
0"
#474561304
0!
#474563016
1"
#474563144
0"
#475061304
1!
#475063016
1"
#475063344
0"
#475561304
0!
#475563016
1"
#475563144
0"
#476061312
1!
#476063024
1"
#476063352
0"
#476561304
0!
#476563016
1"
#476563144
0"
#477061304
1!
#477063016
1"
#477063344
0"
#477561304
0!
#477563016
1"
#477563144
0"
#478061312
1!
#478063024
1"
#478063352
0"
#478561304
0!
#478563016
1"
#478563144
0"
#479061304
1!
#479063016
1"
#479063344
0"
#479561304
0!
#479563016
1"
#479563144
0"
#480061312
1!
#480063024
1"
#480063352
0"
#480561304
0!
#480563016
1"
#480563144
0"
#481061304
1!
#481063016
1"
#481063344
0"
#481561304
0!
#481563016
1"
#481563144
0"
#482061312
1!
#482063024
1"
#482063352
0"
#482561304
0!
#482563016
1"
#482563144
0"
#483061304
1!
#483063016
1"
#483063344
0"
#483561304
0!
#483563016
1"
#483563144
0"
#484061312
1!
#484063024
1"
#484063352
0"
#484561304
0!
#484563016
1"
#484563144
0"
#485061304
1!
#485063016
1"
#485063344
0"
#485561304
0!
#485563016
1"
#485563144
0"
#486061312
1!
#486063024
1"
#486063352
0"
#486561304
0!
#486563016
1"
#486563144
0"
#487061304
1!
#487063016
1"
#487063344
0"
#487561304
0!
#487563016
1"
#487563144
0"
#488061312
1!
#488063024
1"
#488063352
0"
#488561304
0!
#488563016
1"
#488563144
0"
#489061304
1!
#489063016
1"
#489063344
0"
#489561304
0!
#489563016
1"
#489563144
0"
#490061312
1!
#490063024
1"
#490063352
0"
#490561304
0!
#490563016
1"
#490563144
0"
#491061304
1!
#491063016
1"
#491063344
0"
#491561304
0!
#491563016
1"
#491563144
0"
#492061312
1!
#492063024
1"
#492063352
0"
#492561304
0!
#492563016
1"
#492563144
0"
#493061304
1!
#493063016
1"
#493063344
0"
#493561304
0!
#493563016
1"
#493563144
0"
#494061312
1!
#494063024
1"
#494063352
0"
#494561304
0!
#494563016
1"
#494563144
0"
#495061304
1!
#495063016
1"
#495063344
0"
#495561304
0!
#495563016
1"
#495563144
0"
#496061312
1!
#496063024
1"
#496063352
0"
#496561304
0!
#496563016
1"
#496563144
0"
#497061304
1!
#497063016
1"
#497063344
0"
#497561304
0!
#497563016
1"
#497563144
0"
#498061312
1!
#498063024
1"
#498063352
0"
#498561304
0!
#498563016
1"
#498563144
0"
#499061304
1!
#499063016
1"
#499063344
0"
#499561304
0!
#499563016
1"
#499563144
0"
#500061312
1!
#500063024
1"
#500063352
0"
#500561304
0!
#500563016
1"
#500563144
0"
#501061312
1!
#501063024
1"
#501063352
0"
#501561304
0!
#501563016
1"
#501563144
0"
#502061312
1!
#502063024
1"
#502063352
0"
#502561304
0!
#502563016
1"
#502563144
0"
#503061312
1!
#503063024
1"
#503063352
0"
#503561304
0!
#503563016
1"
#503563144
0"
#504061312
1!
#504063024
1"
#504063352
0"
#504561304
0!
#504563016
1"
#504563144
0"
#505061312
1!
#505063024
1"
#505063352
0"
#505561304
0!
#505563016
1"
#505563144
0"
#506061312
1!
#506063024
1"
#506063352
0"
#506561304
0!
#506563016
1"
#506563144
0"
#507061312
1!
#507063024
1"
#507063352
0"
#507561304
0!
#507563016
1"
#507563144
0"
#508061312
1!
#508063024
1"
#508063352
0"
#508561304
0!
#508563016
1"
#508563144
0"
#509061312
1!
#509063024
1"
#509063352
0"
#509561304
0!
#509563016
1"
#509563144
0"
#510061312
1!
#510063024
1"
#510063352
0"
#510561304
0!
#510563016
1"
#510563144
0"
#511061312
1!
#511063024
1"
#511063352
0"
#511561304
0!
#511563016
1"
#511563144
0"
#512061312
1!
#512063024
1"
#512063352
0"
#512561304
0!
#512563016
1"
#512563144
0"
#513061312
1!
#513063024
1"
#513063352
0"
#513561304
0!
#513563016
1"
#513563144
0"
#514061312
1!
#514063024
1"
#514063352
0"
#514561304
0!
#514563016
1"
#514563144
0"
#515061312
1!
#515063024
1"
#515063352
0"
#515561304
0!
#515563016
1"
#515563144
0"
#516061312
1!
#516063024
1"
#516063352
0"
#516561304
0!
#516563016
1"
#516563144
0"
#517061312
1!
#517063024
1"
#517063352
0"
#517561304
0!
#517563016
1"
#517563144
0"
#518061312
1!
#518063024
1"
#518063352
0"
#518561304
0!
#518563016
1"
#518563144
0"
#519061312
1!
#519063024
1"
#519063352
0"
#519561304
0!
#519563016
1"
#519563144
0"
#520061312
1!
#520063024
1"
#520063352
0"
#520561304
0!
#520563016
1"
#520563144
0"
#521061312
1!
#521063024
1"
#521063352
0"
#521561304
0!
#521563016
1"
#521563144
0"
#522061312
1!
#522063024
1"
#522063352
0"
#522561304
0!
#522563016
1"
#522563144
0"
#523061312
1!
#523063024
1"
#523063352
0"
#523561304
0!
#523563016
1"
#523563144
0"
#524061312
1!
#524063024
1"
#524063352
0"
#524561304
0!
#524563016
1"
#524563144
0"
#525061312
1!
#525063024
1"
#525063352
0"
#525561304
0!
#525563016
1"
#525563144
0"
#526061312
1!
#526063024
1"
#526063352
0"
#526561304
0!
#526563016
1"
#526563144
0"
#527061312
1!
#527063024
1"
#527063352
0"
#527561304
0!
#527563016
1"
#527563144
0"
#528061312
1!
#528063024
1"
#528063352
0"
#528561304
0!
#528563016
1"
#528563144
0"
#529061312
1!
#529063024
1"
#529063352
0"
#529561304
0!
#529563016
1"
#529563144
0"
#530061312
1!
#530063024
1"
#530063352
0"
#530561304
0!
#530563016
1"
#530563144
0"
#531061312
1!
#531063024
1"
#531063352
0"
#531561304
0!
#531563016
1"
#531563144
0"
#532061312
1!
#532063024
1"
#532063352
0"
#532561304
0!
#532563016
1"
#532563144
0"
#533061312
1!
#533063024
1"
#533063352
0"
#533561304
0!
#533563016
1"
#533563144
0"
#534061312
1!
#534063024
1"
#534063352
0"
#534561304
0!
#534563016
1"
#534563144
0"
#535061312
1!
#535063024
1"
#535063352
0"
#535561304
0!
#535563016
1"
#535563144
0"
#536061312
1!
#536063024
1"
#536063352
0"
#536561304
0!
#536563016
1"
#536563144
0"
#537061304
1!
#537063016
1"
#537063344
0"
#537561304
0!
#537563016
1"
#537563144
0"
#538061312
1!
#538063024
1"
#538063352
0"
#538561304
0!
#538563016
1"
#538563144
0"
#539061304
1!
#539063016
1"
#539063344
0"
#539561304
0!
#539563016
1"
#539563144
0"
#540061312
1!
#540063024
1"
#540063352
0"
#540561304
0!
#540563016
1"
#540563144
0"
#541061304
1!
#541063016
1"
#541063344
0"
#541561304
0!
#541563016
1"
#541563144
0"
#542061312
1!
#542063024
1"
#542063352
0"
#542561304
0!
#542563016
1"
#542563144
0"
#543061304
1!
#543063016
1"
#543063344
0"
#543561304
0!
#543563016
1"
#543563144
0"
#544061312
1!
#544063024
1"
#544063352
0"
#544561304
0!
#544563016
1"
#544563144
0"
#545061304
1!
#545063016
1"
#545063344
0"
#545561304
0!
#545563016
1"
#545563144
0"
#546061312
1!
#546063024
1"
#546063352
0"
#546561304
0!
#546563016
1"
#546563144
0"
#547061304
1!
#547063016
1"
#547063344
0"
#547561304
0!
#547563016
1"
#547563144
0"
#548061312
1!
#548063024
1"
#548063352
0"
#548561304
0!
#548563016
1"
#548563144
0"
#549061304
1!
#549063016
1"
#549063344
0"
#549561304
0!
#549563016
1"
#549563144
0"
#550061312
1!
#550063024
1"
#550063352
0"
#550561304
0!
#550563016
1"
#550563144
0"
#551061304
1!
#551063016
1"
#551063344
0"
#551561304
0!
#551563016
1"
#551563144
0"
#552061312
1!
#552063024
1"
#552063352
0"
#552561304
0!
#552563016
1"
#552563144
0"
#553061304
1!
#553063016
1"
#553063344
0"
#553561304
0!
#553563016
1"
#553563144
0"
#554061312
1!
#554063024
1"
#554063352
0"
#554561304
0!
#554563016
1"
#554563144
0"
#555061304
1!
#555063016
1"
#555063344
0"
#555561304
0!
#555563016
1"
#555563144
0"
#556061312
1!
#556063024
1"
#556063352
0"
#556561304
0!
#556563016
1"
#556563144
0"
#557061304
1!
#557063016
1"
#557063344
0"
#557561304
0!
#557563016
1"
#557563144
0"
#558061312
1!
#558063024
1"
#558063352
0"
#558561304
0!
#558563016
1"
#558563144
0"
#559061304
1!
#559063016
1"
#559063344
0"
#559561304
0!
#559563016
1"
#559563144
0"
#560061312
1!
#560063024
1"
#560063352
0"
#560561304
0!
#560563016
1"
#560563144
0"
#561061304
1!
#561063016
1"
#561063344
0"
#561561304
0!
#561563016
1"
#561563144
0"
#562061312
1!
#562063024
1"
#562063352
0"
#562561304
0!
#562563016
1"
#562563144
0"
#563061304
1!
#563063016
1"
#563063344
0"
#563561304
0!
#563563016
1"
#563563144
0"
#564061312
1!
#564063024
1"
#564063352
0"
#564561304
0!
#564563016
1"
#564563144
0"
#565061304
1!
#565063016
1"
#565063344
0"
#565561304
0!
#565563016
1"
#565563144
0"
#566061312
1!
#566063024
1"
#566063352
0"
#566561304
0!
#566563016
1"
#566563144
0"
#567061304
1!
#567063016
1"
#567063344
0"
#567561304
0!
#567563016
1"
#567563144
0"
#568061312
1!
#568063024
1"
#568063352
0"
#568561304
0!
#568563016
1"
#568563144
0"
#569061304
1!
#569063016
1"
#569063344
0"
#569561304
0!
#569563016
1"
#569563144
0"
#570061312
1!
#570063024
1"
#570063352
0"
#570561304
0!
#570563016
1"
#570563144
0"
#571061304
1!
#571063016
1"
#571063344
0"
#571561304
0!
#571563016
1"
#571563144
0"
#572061312
1!
#572063024
1"
#572063352
0"
#572561304
0!
#572563016
1"
#572563144
0"
#573061304
1!
#573063016
1"
#573063344
0"
#573561304
0!
#573563016
1"
#573563144
0"
#574061312
1!
#574063024
1"
#574063352
0"
#574561304
0!
#574563016
1"
#574563144
0"
#575061304
1!
#575063016
1"
#575063344
0"
#575561304
0!
#575563016
1"
#575563144
0"
#576061312
1!
#576063024
1"
#576063352
0"
#576561304
0!
#576563016
1"
#576563144
0"
#577061304
1!
#577063016
1"
#577063344
0"
#577561304
0!
#577563016
1"
#577563144
0"
#578061312
1!
#578063024
1"
#578063352
0"
#578561304
0!
#578563016
1"
#578563144
0"
#579061304
1!
#579063016
1"
#579063344
0"
#579561304
0!
#579563016
1"
#579563144
0"
#580061312
1!
#580063024
1"
#580063352
0"
#580561304
0!
#580563016
1"
#580563144
0"
#581061304
1!
#581063016
1"
#581063344
0"
#581561304
0!
#581563016
1"
#581563144
0"
#582061312
1!
#582063024
1"
#582063352
0"
#582561304
0!
#582563016
1"
#582563144
0"
#583061304
1!
#583063016
1"
#583063344
0"
#583561304
0!
#583563016
1"
#583563144
0"
#584061312
1!
#584063024
1"
#584063352
0"
#584561304
0!
#584563016
1"
#584563144
0"
#585061304
1!
#585063016
1"
#585063344
0"
#585561304
0!
#585563016
1"
#585563144
0"
#586061312
1!
#586063024
1"
#586063352
0"
#586561304
0!
#586563016
1"
#586563144
0"
#587061304
1!
#587063016
1"
#587063344
0"
#587561304
0!
#587563016
1"
#587563144
0"
#588061312
1!
#588063024
1"
#588063352
0"
#588561304
0!
#588563016
1"
#588563144
0"
#589061304
1!
#589063016
1"
#589063344
0"
#589561304
0!
#589563016
1"
#589563144
0"
#590061312
1!
#590063024
1"
#590063352
0"
#590561304
0!
#590563016
1"
#590563144
0"
#591061304
1!
#591063016
1"
#591063344
0"
#591561304
0!
#591563016
1"
#591563144
0"
#592061312
1!
#592063024
1"
#592063352
0"
#592561304
0!
#592563016
1"
#592563144
0"
#593061304
1!
#593063016
1"
#593063344
0"
#593561304
0!
#593563016
1"
#593563144
0"
#594061312
1!
#594063024
1"
#594063352
0"
#594561304
0!
#594563016
1"
#594563144
0"
#595061304
1!
#595063016
1"
#595063344
0"
#595561304
0!
#595563016
1"
#595563144
0"
#596061312
1!
#596063024
1"
#596063352
0"
#596561304
0!
#596563016
1"
#596563144
0"
#597061304
1!
#597063016
1"
#597063344
0"
#597561304
0!
#597563016
1"
#597563144
0"
#598061312
1!
#598063024
1"
#598063352
0"
#598561304
0!
#598563016
1"
#598563144
0"
#599061304
1!
#599063016
1"
#599063344
0"
#599561304
0!
#599563016
1"
#599563144
0"
#600061312
1!
#600063024
1"
#600063352
0"
#600561304
0!
#600563016
1"
#600563144
0"
#601061304
1!
#601063016
1"
#601063344
0"
#601561304
0!
#601563016
1"
#601563144
0"
#602061312
1!
#602063024
1"
#602063352
0"
#602561304
0!
#602563016
1"
#602563144
0"
#603061304
1!
#603063016
1"
#603063344
0"
#603561304
0!
#603563016
1"
#603563144
0"
#604061312
1!
#604063024
1"
#604063352
0"
#604561304
0!
#604563016
1"
#604563144
0"
#605061304
1!
#605063016
1"
#605063344
0"
#605561304
0!
#605563016
1"
#605563144
0"
#606061312
1!
#606063024
1"
#606063352
0"
#606561304
0!
#606563016
1"
#606563144
0"
#607061304
1!
#607063016
1"
#607063344
0"
#607561304
0!
#607563016
1"
#607563144
0"
#608061312
1!
#608063024
1"
#608063352
0"
#608561304
0!
#608563016
1"
#608563144
0"
#609061304
1!
#609063016
1"
#609063344
0"
#609561304
0!
#609563016
1"
#609563144
0"
#610061312
1!
#610063024
1"
#610063352
0"
#610561304
0!
#610563016
1"
#610563144
0"
#611061304
1!
#611063016
1"
#611063344
0"
#611561304
0!
#611563016
1"
#611563144
0"
#612061312
1!
#612063024
1"
#612063352
0"
#612561304
0!
#612563016
1"
#612563144
0"
#613061304
1!
#613063016
1"
#613063344
0"
#613561304
0!
#613563016
1"
#613563144
0"
#614061312
1!
#614063024
1"
#614063352
0"
#614561304
0!
#614563016
1"
#614563144
0"
#615061304
1!
#615063016
1"
#615063344
0"
#615561304
0!
#615563016
1"
#615563144
0"
#616061312
1!
#616063024
1"
#616063352
0"
#616561304
0!
#616563016
1"
#616563144
0"
#617061304
1!
#617063016
1"
#617063344
0"
#617561304
0!
#617563016
1"
#617563144
0"
#618061312
1!
#618063024
1"
#618063352
0"
#618561304
0!
#618563016
1"
#618563144
0"
#619061304
1!
#619063016
1"
#619063344
0"
#619561304
0!
#619563016
1"
#619563144
0"
#620061312
1!
#620063024
1"
#620063352
0"
#620561304
0!
#620563016
1"
#620563144
0"
#621061304
1!
#621063016
1"
#621063344
0"
#621561304
0!
#621563016
1"
#621563144
0"
#622061312
1!
#622063024
1"
#622063352
0"
#622561304
0!
#622563016
1"
#622563144
0"
#623061304
1!
#623063016
1"
#623063344
0"
#623561304
0!
#623563016
1"
#623563144
0"
#624061312
1!
#624063024
1"
#624063352
0"
#624561304
0!
#624563016
1"
#624563144
0"
#625061304
1!
#625063016
1"
#625063344
0"
#625561304
0!
#625563016
1"
#625563144
0"
#626061312
1!
#626063024
1"
#626063352
0"
#626561304
0!
#626563016
1"
#626563144
0"
#627061304
1!
#627063016
1"
#627063344
0"
#627561304
0!
#627563016
1"
#627563144
0"
#628061312
1!
#628063024
1"
#628063352
0"
#628561304
0!
#628563016
1"
#628563144
0"
#629061304
1!
#629063016
1"
#629063344
0"
#629561304
0!
#629563016
1"
#629563144
0"
#630061312
1!
#630063024
1"
#630063352
0"
#630561304
0!
#630563016
1"
#630563144
0"
#631061304
1!
#631063016
1"
#631063344
0"
#631561304
0!
#631563016
1"
#631563144
0"
#632061312
1!
#632063024
1"
#632063352
0"
#632561304
0!
#632563016
1"
#632563144
0"
#633061304
1!
#633063016
1"
#633063344
0"
#633561304
0!
#633563016
1"
#633563144
0"
#634061312
1!
#634063024
1"
#634063352
0"
#634561304
0!
#634563016
1"
#634563144
0"
#635061304
1!
#635063016
1"
#635063344
0"
#635561304
0!
#635563016
1"
#635563144
0"
#636061312
1!
#636063024
1"
#636063352
0"
#636561304
0!
#636563016
1"
#636563144
0"
#637061304
1!
#637063016
1"
#637063344
0"
#637561304
0!
#637563016
1"
#637563144
0"
#638061312
1!
#638063024
1"
#638063352
0"
#638561304
0!
#638563016
1"
#638563144
0"
#639061304
1!
#639063016
1"
#639063344
0"
#639561304
0!
#639563016
1"
#639563144
0"
#640061312
1!
#640063024
1"
#640063352
0"
#640561304
0!
#640563016
1"
#640563144
0"
#641061304
1!
#641063016
1"
#641063344
0"
#641561304
0!
#641563016
1"
#641563144
0"
#642061312
1!
#642063024
1"
#642063352
0"
#642561304
0!
#642563016
1"
#642563144
0"
#643061304
1!
#643063016
1"
#643063344
0"
#643561304
0!
#643563016
1"
#643563144
0"
#644061312
1!
#644063024
1"
#644063352
0"
#644561304
0!
#644563016
1"
#644563144
0"
#645061304
1!
#645063016
1"
#645063344
0"
#645561304
0!
#645563016
1"
#645563144
0"
#646061312
1!
#646063024
1"
#646063352
0"
#646561304
0!
#646563016
1"
#646563144
0"
#647061304
1!
#647063016
1"
#647063344
0"
#647561304
0!
#647563016
1"
#647563144
0"
#648061312
1!
#648063024
1"
#648063352
0"
#648561304
0!
#648563016
1"
#648563144
0"
#649061304
1!
#649063016
1"
#649063344
0"
#649561304
0!
#649563016
1"
#649563144
0"
#650061312
1!
#650063024
1"
#650063352
0"
#650561304
0!
#650563016
1"
#650563144
0"
#651061304
1!
#651063016
1"
#651063344
0"
#651561304
0!
#651563016
1"
#651563144
0"
#652061312
1!
#652063024
1"
#652063352
0"
#652561304
0!
#652563016
1"
#652563144
0"
#653061304
1!
#653063016
1"
#653063344
0"
#653561304
0!
#653563016
1"
#653563144
0"
#654061312
1!
#654063024
1"
#654063352
0"
#654561304
0!
#654563016
1"
#654563144
0"
#655061304
1!
#655063016
1"
#655063344
0"
#655561304
0!
#655563016
1"
#655563144
0"
#656061312
1!
#656063024
1"
#656063352
0"
#656561304
0!
#656563016
1"
#656563144
0"
#657061304
1!
#657063016
1"
#657063344
0"
#657561304
0!
#657563016
1"
#657563144
0"
#658061312
1!
#658063024
1"
#658063352
0"
#658561304
0!
#658563016
1"
#658563144
0"
#659061304
1!
#659063016
1"
#659063344
0"
#659561304
0!
#659563016
1"
#659563144
0"
#660061312
1!
#660063024
1"
#660063352
0"
#660561304
0!
#660563016
1"
#660563144
0"
#661061304
1!
#661063016
1"
#661063344
0"
#661561304
0!
#661563016
1"
#661563144
0"
#662061312
1!
#662063024
1"
#662063352
0"
#662561304
0!
#662563016
1"
#662563144
0"
#663061304
1!
#663063016
1"
#663063344
0"
#663561304
0!
#663563016
1"
#663563144
0"
#664061312
1!
#664063024
1"
#664063352
0"
#664561304
0!
#664563016
1"
#664563144
0"
#665061304
1!
#665063016
1"
#665063344
0"
#665561304
0!
#665563016
1"
#665563144
0"
#666061312
1!
#666063024
1"
#666063352
0"
#666561304
0!
#666563016
1"
#666563144
0"
#667061304
1!
#667063016
1"
#667063344
0"
#667561304
0!
#667563016
1"
#667563144
0"
#668061312
1!
#668063024
1"
#668063352
0"
#668561304
0!
#668563016
1"
#668563144
0"
#669061304
1!
#669063016
1"
#669063344
0"
#669561304
0!
#669563016
1"
#669563144
0"
#670061312
1!
#670063024
1"
#670063352
0"
#670561304
0!
#670563016
1"
#670563144
0"
#671061304
1!
#671063016
1"
#671063344
0"
#671561304
0!
#671563016
1"
#671563144
0"
#672061312
1!
#672063024
1"
#672063352
0"
#672561304
0!
#672563016
1"
#672563144
0"
#673061304
1!
#673063016
1"
#673063344
0"
#673561304
0!
#673563016
1"
#673563144
0"
#674061312
1!
#674063024
1"
#674063352
0"
#674561304
0!
#674563016
1"
#674563144
0"
#675061304
1!
#675063016
1"
#675063344
0"
#675561304
0!
#675563016
1"
#675563144
0"
#676061312
1!
#676063024
1"
#676063352
0"
#676561304
0!
#676563016
1"
#676563144
0"
#677061304
1!
#677063016
1"
#677063344
0"
#677561304
0!
#677563016
1"
#677563144
0"
#678061312
1!
#678063024
1"
#678063352
0"
#678561304
0!
#678563016
1"
#678563144
0"
#679061304
1!
#679063016
1"
#679063344
0"
#679561304
0!
#679563016
1"
#679563144
0"
#680061312
1!
#680063024
1"
#680063352
0"
#680561304
0!
#680563016
1"
#680563144
0"
#681061304
1!
#681063016
1"
#681063344
0"
#681561304
0!
#681563016
1"
#681563144
0"
#682061312
1!
#682063024
1"
#682063352
0"
#682561304
0!
#682563016
1"
#682563144
0"
#683061304
1!
#683063016
1"
#683063344
0"
#683561304
0!
#683563016
1"
#683563144
0"
#684061312
1!
#684063024
1"
#684063352
0"
#684561304
0!
#684563016
1"
#684563144
0"
#685061304
1!
#685063016
1"
#685063344
0"
#685561304
0!
#685563016
1"
#685563144
0"
#686061312
1!
#686063024
1"
#686063352
0"
#686561304
0!
#686563016
1"
#686563144
0"
#687061304
1!
#687063016
1"
#687063344
0"
#687561304
0!
#687563016
1"
#687563144
0"
#688061312
1!
#688063024
1"
#688063352
0"
#688561304
0!
#688563016
1"
#688563144
0"
#689061304
1!
#689063016
1"
#689063344
0"
#689561304
0!
#689563016
1"
#689563144
0"
#690061312
1!
#690063024
1"
#690063352
0"
#690561304
0!
#690563016
1"
#690563144
0"
#691061304
1!
#691063016
1"
#691063344
0"
#691561304
0!
#691563016
1"
#691563144
0"
#692061312
1!
#692063024
1"
#692063352
0"
#692561304
0!
#692563016
1"
#692563144
0"
#693061304
1!
#693063016
1"
#693063344
0"
#693561304
0!
#693563016
1"
#693563144
0"
#694061312
1!
#694063024
1"
#694063352
0"
#694561304
0!
#694563016
1"
#694563144
0"
#695061304
1!
#695063016
1"
#695063344
0"
#695561304
0!
#695563016
1"
#695563144
0"
#696061312
1!
#696063024
1"
#696063352
0"
#696561304
0!
#696563016
1"
#696563144
0"
#697061304
1!
#697063016
1"
#697063344
0"
#697561304
0!
#697563016
1"
#697563144
0"
#698061312
1!
#698063024
1"
#698063352
0"
#698561304
0!
#698563016
1"
#698563144
0"
#699061304
1!
#699063016
1"
#699063344
0"
#699561304
0!
#699563016
1"
#699563144
0"
#700061312
1!
#700063024
1"
#700063352
0"
#700561304
0!
#700563016
1"
#700563144
0"
#701061304
1!
#701063016
1"
#701063344
0"
#701561304
0!
#701563016
1"
#701563144
0"
#702061312
1!
#702063024
1"
#702063352
0"
#702561304
0!
#702563016
1"
#702563144
0"
#703061304
1!
#703063016
1"
#703063344
0"
#703561304
0!
#703563016
1"
#703563144
0"
#704061312
1!
#704063024
1"
#704063352
0"
#704561304
0!
#704563016
1"
#704563144
0"
#705061304
1!
#705063016
1"
#705063344
0"
#705561304
0!
#705563016
1"
#705563144
0"
#706061312
1!
#706063024
1"
#706063352
0"
#706561304
0!
#706563016
1"
#706563144
0"
#707061304
1!
#707063016
1"
#707063344
0"
#707561304
0!
#707563016
1"
#707563144
0"
#708061312
1!
#708063024
1"
#708063352
0"
#708561304
0!
#708563016
1"
#708563144
0"
#709061304
1!
#709063016
1"
#709063344
0"
#709561304
0!
#709563016
1"
#709563144
0"
#710061312
1!
#710063024
1"
#710063352
0"
#710561304
0!
#710563016
1"
#710563144
0"
#711061304
1!
#711063016
1"
#711063344
0"
#711561304
0!
#711563016
1"
#711563144
0"
#712061312
1!
#712063024
1"
#712063352
0"
#712561304
0!
#712563016
1"
#712563144
0"
#713061304
1!
#713063016
1"
#713063344
0"
#713561304
0!
#713563016
1"
#713563144
0"
#714061312
1!
#714063024
1"
#714063352
0"
#714561304
0!
#714563016
1"
#714563144
0"
#715061304
1!
#715063016
1"
#715063344
0"
#715561304
0!
#715563016
1"
#715563144
0"
#716061312
1!
#716063024
1"
#716063352
0"
#716561304
0!
#716563016
1"
#716563144
0"
#717061304
1!
#717063016
1"
#717063344
0"
#717561304
0!
#717563016
1"
#717563144
0"
#718061312
1!
#718063024
1"
#718063352
0"
#718561304
0!
#718563016
1"
#718563144
0"
#719061304
1!
#719063016
1"
#719063344
0"
#719561304
0!
#719563016
1"
#719563144
0"
#720061312
1!
#720063024
1"
#720063352
0"
#720561304
0!
#720563016
1"
#720563144
0"
#721061304
1!
#721063016
1"
#721063344
0"
#721561304
0!
#721563016
1"
#721563144
0"
#722061312
1!
#722063024
1"
#722063352
0"
#722561304
0!
#722563016
1"
#722563144
0"
#723061304
1!
#723063016
1"
#723063344
0"
#723561304
0!
#723563016
1"
#723563144
0"
#724061312
1!
#724063024
1"
#724063352
0"
#724561304
0!
#724563016
1"
#724563144
0"
#725061304
1!
#725063016
1"
#725063344
0"
#725561304
0!
#725563016
1"
#725563144
0"
#726061312
1!
#726063024
1"
#726063352
0"
#726561304
0!
#726563016
1"
#726563144
0"
#727061304
1!
#727063016
1"
#727063344
0"
#727561304
0!
#727563016
1"
#727563144
0"
#728061312
1!
#728063024
1"
#728063352
0"
#728561304
0!
#728563016
1"
#728563144
0"
#729061304
1!
#729063016
1"
#729063344
0"
#729561304
0!
#729563016
1"
#729563144
0"
#730061312
1!
#730063024
1"
#730063352
0"
#730561304
0!
#730563016
1"
#730563144
0"
#731061304
1!
#731063016
1"
#731063344
0"
#731561304
0!
#731563016
1"
#731563144
0"
#732061312
1!
#732063024
1"
#732063352
0"
#732561304
0!
#732563016
1"
#732563144
0"
#733061304
1!
#733063016
1"
#733063344
0"
#733561304
0!
#733563016
1"
#733563144
0"
#734061312
1!
#734063024
1"
#734063352
0"
#734561304
0!
#734563016
1"
#734563144
0"
#735061304
1!
#735063016
1"
#735063344
0"
#735561304
0!
#735563016
1"
#735563144
0"
#736061312
1!
#736063024
1"
#736063352
0"
#736561304
0!
#736563016
1"
#736563144
0"
#737061304
1!
#737063016
1"
#737063344
0"
#737561304
0!
#737563016
1"
#737563144
0"
#738061312
1!
#738063024
1"
#738063352
0"
#738561304
0!
#738563016
1"
#738563144
0"
#739061304
1!
#739063016
1"
#739063344
0"
#739561304
0!
#739563016
1"
#739563144
0"
#740061312
1!
#740063024
1"
#740063352
0"
#740561304
0!
#740563016
1"
#740563144
0"
#741061304
1!
#741063016
1"
#741063344
0"
#741561304
0!
#741563016
1"
#741563144
0"
#742061312
1!
#742063024
1"
#742063352
0"
#742561304
0!
#742563016
1"
#742563144
0"
#743061304
1!
#743063016
1"
#743063344
0"
#743561304
0!
#743563016
1"
#743563144
0"
#744061312
1!
#744063024
1"
#744063352
0"
#744561304
0!
#744563016
1"
#744563144
0"
#745061304
1!
#745063016
1"
#745063344
0"
#745561304
0!
#745563016
1"
#745563144
0"
#746061312
1!
#746063024
1"
#746063352
0"
#746561304
0!
#746563016
1"
#746563144
0"
#747061304
1!
#747063016
1"
#747063344
0"
#747561304
0!
#747563016
1"
#747563144
0"
#748061312
1!
#748063024
1"
#748063352
0"
#748561304
0!
#748563016
1"
#748563144
0"
#749061304
1!
#749063016
1"
#749063344
0"
#749561304
0!
#749563016
1"
#749563144
0"
#750061312
1!
#750063024
1"
#750063352
0"
#750561304
0!
#750563016
1"
#750563144
0"
#751061304
1!
#751063016
1"
#751063344
0"
#751561304
0!
#751563016
1"
#751563144
0"
#752061312
1!
#752063024
1"
#752063352
0"
#752561304
0!
#752563016
1"
#752563144
0"
#753061304
1!
#753063016
1"
#753063344
0"
#753561304
0!
#753563016
1"
#753563144
0"
#754061312
1!
#754063024
1"
#754063352
0"
#754561304
0!
#754563016
1"
#754563144
0"
#755061304
1!
#755063016
1"
#755063344
0"
#755561304
0!
#755563016
1"
#755563144
0"
#756061312
1!
#756063024
1"
#756063352
0"
#756561304
0!
#756563016
1"
#756563144
0"
#757061304
1!
#757063016
1"
#757063344
0"
#757561304
0!
#757563016
1"
#757563144
0"
#758061312
1!
#758063024
1"
#758063352
0"
#758561304
0!
#758563016
1"
#758563144
0"
#759061304
1!
#759063016
1"
#759063344
0"
#759561304
0!
#759563016
1"
#759563144
0"
#760061312
1!
#760063024
1"
#760063352
0"
#760561304
0!
#760563016
1"
#760563144
0"
#761061304
1!
#761063016
1"
#761063344
0"
#761561304
0!
#761563016
1"
#761563144
0"
#762061312
1!
#762063024
1"
#762063352
0"
#762561304
0!
#762563016
1"
#762563144
0"
#763061304
1!
#763063016
1"
#763063344
0"
#763561304
0!
#763563016
1"
#763563144
0"
#764061312
1!
#764063024
1"
#764063352
0"
#764561304
0!
#764563016
1"
#764563144
0"
#765061304
1!
#765063016
1"
#765063344
0"
#765561304
0!
#765563016
1"
#765563144
0"
#766061312
1!
#766063024
1"
#766063352
0"
#766561304
0!
#766563016
1"
#766563144
0"
#767061304
1!
#767063016
1"
#767063344
0"
#767561304
0!
#767563016
1"
#767563144
0"
#768061312
1!
#768063024
1"
#768063352
0"
#768561304
0!
#768563016
1"
#768563144
0"
#769061304
1!
#769063016
1"
#769063344
0"
#769561304
0!
#769563016
1"
#769563144
0"
#770061312
1!
#770063024
1"
#770063352
0"
#770561304
0!
#770563016
1"
#770563144
0"
#771061304
1!
#771063016
1"
#771063344
0"
#771561304
0!
#771563016
1"
#771563144
0"
#772061312
1!
#772063024
1"
#772063352
0"
#772561304
0!
#772563016
1"
#772563144
0"
#773061304
1!
#773063016
1"
#773063344
0"
#773561304
0!
#773563016
1"
#773563144
0"
#774061312
1!
#774063024
1"
#774063352
0"
#774561304
0!
#774563016
1"
#774563144
0"
#775061304
1!
#775063016
1"
#775063344
0"
#775561304
0!
#775563016
1"
#775563144
0"
#776061312
1!
#776063024
1"
#776063352
0"
#776561304
0!
#776563016
1"
#776563144
0"
#777061304
1!
#777063016
1"
#777063344
0"
#777561304
0!
#777563016
1"
#777563144
0"
#778061312
1!
#778063024
1"
#778063352
0"
#778561304
0!
#778563016
1"
#778563144
0"
#779061304
1!
#779063016
1"
#779063344
0"
#779561304
0!
#779563016
1"
#779563144
0"
#780061312
1!
#780063024
1"
#780063352
0"
#780561304
0!
#780563016
1"
#780563144
0"
#781061304
1!
#781063016
1"
#781063344
0"
#781561304
0!
#781563016
1"
#781563144
0"
#782061312
1!
#782063024
1"
#782063352
0"
#782561304
0!
#782563016
1"
#782563144
0"
#783061304
1!
#783063016
1"
#783063344
0"
#783561304
0!
#783563016
1"
#783563144
0"
#784061312
1!
#784063024
1"
#784063352
0"
#784561304
0!
#784563016
1"
#784563144
0"
#785061304
1!
#785063016
1"
#785063344
0"
#785561304
0!
#785563016
1"
#785563144
0"
#786061312
1!
#786063024
1"
#786063352
0"
#786561304
0!
#786563016
1"
#786563144
0"
#787061304
1!
#787063016
1"
#787063344
0"
#787561304
0!
#787563016
1"
#787563144
0"
#788061312
1!
#788063024
1"
#788063352
0"
#788561304
0!
#788563016
1"
#788563144
0"
#789061304
1!
#789063016
1"
#789063344
0"
#789561304
0!
#789563016
1"
#789563144
0"
#790061312
1!
#790063024
1"
#790063352
0"
#790561304
0!
#790563016
1"
#790563144
0"
#791061304
1!
#791063016
1"
#791063344
0"
#791561304
0!
#791563016
1"
#791563144
0"
#792061312
1!
#792063024
1"
#792063352
0"
#792561304
0!
#792563016
1"
#792563144
0"
#793061304
1!
#793063016
1"
#793063344
0"
#793561304
0!
#793563016
1"
#793563144
0"
#794061312
1!
#794063024
1"
#794063352
0"
#794561304
0!
#794563016
1"
#794563144
0"
#795061304
1!
#795063016
1"
#795063344
0"
#795561304
0!
#795563016
1"
#795563144
0"
#796061312
1!
#796063024
1"
#796063352
0"
#796561304
0!
#796563016
1"
#796563144
0"
#797061304
1!
#797063016
1"
#797063344
0"
#797561304
0!
#797563016
1"
#797563144
0"
#798061312
1!
#798063024
1"
#798063352
0"
#798561304
0!
#798563016
1"
#798563144
0"
#799061304
1!
#799063016
1"
#799063344
0"
#799561304
0!
#799563016
1"
#799563144
0"
#800061312
1!
#800063024
1"
#800063352
0"
#800561304
0!
#800563016
1"
#800563144
0"
#801061304
1!
#801063016
1"
#801063344
0"
#801561304
0!
#801563016
1"
#801563144
0"
#802061312
1!
#802063024
1"
#802063352
0"
#802561304
0!
#802563016
1"
#802563144
0"
#803061304
1!
#803063016
1"
#803063344
0"
#803561304
0!
#803563016
1"
#803563144
0"
#804061312
1!
#804063024
1"
#804063352
0"
#804561304
0!
#804563016
1"
#804563144
0"
#805061304
1!
#805063016
1"
#805063344
0"
#805561304
0!
#805563016
1"
#805563144
0"
#806061312
1!
#806063024
1"
#806063352
0"
#806561304
0!
#806563016
1"
#806563144
0"
#807061304
1!
#807063016
1"
#807063344
0"
#807561304
0!
#807563016
1"
#807563144
0"
#808061312
1!
#808063024
1"
#808063352
0"
#808561304
0!
#808563016
1"
#808563144
0"
#809061304
1!
#809063016
1"
#809063344
0"
#809561304
0!
#809563016
1"
#809563144
0"
#810061312
1!
#810063024
1"
#810063352
0"
#810561304
0!
#810563016
1"
#810563144
0"
#811061304
1!
#811063016
1"
#811063344
0"
#811561304
0!
#811563016
1"
#811563144
0"
#812061312
1!
#812063024
1"
#812063352
0"
#812561304
0!
#812563016
1"
#812563144
0"
#813061304
1!
#813063016
1"
#813063344
0"
#813561304
0!
#813563016
1"
#813563144
0"
#814061312
1!
#814063024
1"
#814063352
0"
#814561304
0!
#814563016
1"
#814563144
0"
#815061304
1!
#815063016
1"
#815063344
0"
#815561304
0!
#815563016
1"
#815563144
0"
#816061312
1!
#816063024
1"
#816063352
0"
#816561304
0!
#816563016
1"
#816563144
0"
#817061304
1!
#817063016
1"
#817063344
0"
#817561304
0!
#817563016
1"
#817563144
0"
#818061312
1!
#818063024
1"
#818063352
0"
#818561304
0!
#818563016
1"
#818563144
0"
#819061304
1!
#819063016
1"
#819063344
0"
#819561304
0!
#819563016
1"
#819563144
0"
#820061312
1!
#820063024
1"
#820063352
0"
#820561304
0!
#820563016
1"
#820563144
0"
#821061304
1!
#821063016
1"
#821063344
0"
#821561304
0!
#821563016
1"
#821563144
0"
#822061312
1!
#822063024
1"
#822063352
0"
#822561304
0!
#822563016
1"
#822563144
0"
#823061304
1!
#823063016
1"
#823063344
0"
#823561304
0!
#823563016
1"
#823563144
0"
#824061312
1!
#824063024
1"
#824063352
0"
#824561304
0!
#824563016
1"
#824563144
0"
#825061304
1!
#825063016
1"
#825063344
0"
#825561304
0!
#825563016
1"
#825563144
0"
#826061312
1!
#826063024
1"
#826063352
0"
#826561304
0!
#826563016
1"
#826563144
0"
#827061304
1!
#827063016
1"
#827063344
0"
#827561304
0!
#827563016
1"
#827563144
0"
#828061312
1!
#828063024
1"
#828063352
0"
#828561304
0!
#828563016
1"
#828563144
0"
#829061304
1!
#829063016
1"
#829063344
0"
#829561304
0!
#829563016
1"
#829563144
0"
#830061312
1!
#830063024
1"
#830063352
0"
#830561304
0!
#830563016
1"
#830563144
0"
#831061304
1!
#831063016
1"
#831063344
0"
#831561304
0!
#831563016
1"
#831563144
0"
#832061312
1!
#832063024
1"
#832063352
0"
#832561304
0!
#832563016
1"
#832563144
0"
#833061304
1!
#833063016
1"
#833063344
0"
#833561304
0!
#833563016
1"
#833563144
0"
#834061312
1!
#834063024
1"
#834063352
0"
#834561304
0!
#834563016
1"
#834563144
0"
#835061304
1!
#835063016
1"
#835063344
0"
#835561304
0!
#835563016
1"
#835563144
0"
#836061312
1!
#836063024
1"
#836063352
0"
#836561304
0!
#836563016
1"
#836563144
0"
#837061304
1!
#837063016
1"
#837063344
0"
#837561304
0!
#837563016
1"
#837563144
0"
#838061312
1!
#838063024
1"
#838063352
0"
#838561304
0!
#838563016
1"
#838563144
0"
#839061304
1!
#839063016
1"
#839063344
0"
#839561304
0!
#839563016
1"
#839563144
0"
#840061312
1!
#840063024
1"
#840063352
0"
#840561304
0!
#840563016
1"
#840563144
0"
#841061304
1!
#841063016
1"
#841063344
0"
#841561304
0!
#841563016
1"
#841563144
0"
#842061312
1!
#842063024
1"
#842063352
0"
#842561304
0!
#842563016
1"
#842563144
0"
#843061304
1!
#843063016
1"
#843063344
0"
#843561304
0!
#843563016
1"
#843563144
0"
#844061312
1!
#844063024
1"
#844063352
0"
#844561304
0!
#844563016
1"
#844563144
0"
#845061304
1!
#845063016
1"
#845063344
0"
#845561304
0!
#845563016
1"
#845563144
0"
#846061312
1!
#846063024
1"
#846063352
0"
#846561304
0!
#846563016
1"
#846563144
0"
#847061304
1!
#847063016
1"
#847063344
0"
#847561304
0!
#847563016
1"
#847563144
0"
#848061312
1!
#848063024
1"
#848063352
0"
#848561304
0!
#848563016
1"
#848563144
0"
#849061304
1!
#849063016
1"
#849063344
0"
#849561304
0!
#849563016
1"
#849563144
0"
#850061312
1!
#850063024
1"
#850063352
0"
#850561304
0!
#850563016
1"
#850563144
0"
#851061304
1!
#851063016
1"
#851063344
0"
#851561304
0!
#851563016
1"
#851563144
0"
#852061312
1!
#852063024
1"
#852063352
0"
#852561304
0!
#852563016
1"
#852563144
0"
#853061304
1!
#853063016
1"
#853063344
0"
#853561304
0!
#853563016
1"
#853563144
0"
#854061312
1!
#854063024
1"
#854063352
0"
#854561304
0!
#854563016
1"
#854563144
0"
#855061304
1!
#855063016
1"
#855063344
0"
#855561304
0!
#855563016
1"
#855563144
0"
#856061312
1!
#856063024
1"
#856063352
0"
#856561304
0!
#856563016
1"
#856563144
0"
#857061304
1!
#857063016
1"
#857063344
0"
#857561304
0!
#857563016
1"
#857563144
0"
#858061312
1!
#858063024
1"
#858063352
0"
#858561304
0!
#858563016
1"
#858563144
0"
#859061304
1!
#859063016
1"
#859063344
0"
#859561304
0!
#859563016
1"
#859563144
0"
#860061312
1!
#860063024
1"
#860063352
0"
#860561304
0!
#860563016
1"
#860563144
0"
#861061304
1!
#861063016
1"
#861063344
0"
#861561304
0!
#861563016
1"
#861563144
0"
#862061312
1!
#862063024
1"
#862063352
0"
#862561304
0!
#862563016
1"
#862563144
0"
#863061304
1!
#863063016
1"
#863063344
0"
#863561304
0!
#863563016
1"
#863563144
0"
#864061312
1!
#864063024
1"
#864063352
0"
#864561304
0!
#864563016
1"
#864563144
0"
#865061304
1!
#865063016
1"
#865063344
0"
#865561304
0!
#865563016
1"
#865563144
0"
#866061312
1!
#866063024
1"
#866063352
0"
#866561304
0!
#866563016
1"
#866563144
0"
#867061304
1!
#867063016
1"
#867063344
0"
#867561304
0!
#867563016
1"
#867563144
0"
#868061312
1!
#868063024
1"
#868063352
0"
#868561304
0!
#868563016
1"
#868563144
0"
#869061304
1!
#869063016
1"
#869063344
0"
#869561304
0!
#869563016
1"
#869563144
0"
#870061312
1!
#870063024
1"
#870063352
0"
#870561304
0!
#870563016
1"
#870563144
0"
#871061304
1!
#871063016
1"
#871063344
0"
#871561304
0!
#871563016
1"
#871563144
0"
#872061312
1!
#872063024
1"
#872063352
0"
#872561304
0!
#872563016
1"
#872563144
0"
#873061304
1!
#873063016
1"
#873063344
0"
#873561304
0!
#873563016
1"
#873563144
0"
#874061312
1!
#874063024
1"
#874063352
0"
#874561304
0!
#874563016
1"
#874563144
0"
#875061304
1!
#875063016
1"
#875063344
0"
#875561304
0!
#875563016
1"
#875563144
0"
#876061312
1!
#876063024
1"
#876063352
0"
#876561304
0!
#876563016
1"
#876563144
0"
#877061304
1!
#877063016
1"
#877063344
0"
#877561304
0!
#877563016
1"
#877563144
0"
#878061312
1!
#878063024
1"
#878063352
0"
#878561304
0!
#878563016
1"
#878563144
0"
#879061304
1!
#879063016
1"
#879063344
0"
#879561304
0!
#879563016
1"
#879563144
0"
#880061312
1!
#880063024
1"
#880063352
0"
#880561304
0!
#880563016
1"
#880563144
0"
#881061304
1!
#881063016
1"
#881063344
0"
#881561304
0!
#881563016
1"
#881563144
0"
#882061312
1!
#882063024
1"
#882063352
0"
#882561304
0!
#882563016
1"
#882563144
0"
#883061304
1!
#883063016
1"
#883063344
0"
#883561304
0!
#883563016
1"
#883563144
0"
#884061312
1!
#884063024
1"
#884063352
0"
#884561304
0!
#884563016
1"
#884563144
0"
#885061304
1!
#885063016
1"
#885063344
0"
#885561304
0!
#885563016
1"
#885563144
0"
#886061312
1!
#886063024
1"
#886063352
0"
#886561304
0!
#886563016
1"
#886563144
0"
#887061304
1!
#887063016
1"
#887063344
0"
#887561304
0!
#887563016
1"
#887563144
0"
#888061312
1!
#888063024
1"
#888063352
0"
#888561304
0!
#888563016
1"
#888563144
0"
#889061304
1!
#889063016
1"
#889063344
0"
#889561304
0!
#889563016
1"
#889563144
0"
#890061312
1!
#890063024
1"
#890063352
0"
#890561304
0!
#890563016
1"
#890563144
0"
#891061304
1!
#891063016
1"
#891063344
0"
#891561304
0!
#891563016
1"
#891563144
0"
#892061312
1!
#892063024
1"
#892063352
0"
#892561304
0!
#892563016
1"
#892563144
0"
#893061304
1!
#893063016
1"
#893063344
0"
#893561304
0!
#893563016
1"
#893563144
0"
#894061312
1!
#894063024
1"
#894063352
0"
#894561304
0!
#894563016
1"
#894563144
0"
#895061304
1!
#895063016
1"
#895063344
0"
#895561304
0!
#895563016
1"
#895563144
0"
#896061312
1!
#896063024
1"
#896063352
0"
#896561304
0!
#896563016
1"
#896563144
0"
#897061304
1!
#897063016
1"
#897063344
0"
#897561304
0!
#897563016
1"
#897563144
0"
#898061312
1!
#898063024
1"
#898063352
0"
#898561304
0!
#898563016
1"
#898563144
0"
#899061304
1!
#899063016
1"
#899063344
0"
#899561304
0!
#899563016
1"
#899563144
0"
#900061312
1!
#900063024
1"
#900063352
0"
#900561304
0!
#900563016
1"
#900563144
0"
#901061304
1!
#901063016
1"
#901063344
0"
#901561304
0!
#901563016
1"
#901563144
0"
#902061312
1!
#902063024
1"
#902063352
0"
#902561304
0!
#902563016
1"
#902563144
0"
#903061304
1!
#903063016
1"
#903063344
0"
#903561304
0!
#903563016
1"
#903563144
0"
#904061312
1!
#904063024
1"
#904063352
0"
#904561304
0!
#904563016
1"
#904563144
0"
#905061304
1!
#905063016
1"
#905063344
0"
#905561304
0!
#905563016
1"
#905563144
0"
#906061312
1!
#906063024
1"
#906063352
0"
#906561304
0!
#906563016
1"
#906563144
0"
#907061304
1!
#907063016
1"
#907063344
0"
#907561304
0!
#907563016
1"
#907563144
0"
#908061312
1!
#908063024
1"
#908063352
0"
#908561304
0!
#908563016
1"
#908563144
0"
#909061304
1!
#909063016
1"
#909063344
0"
#909561304
0!
#909563016
1"
#909563144
0"
#910061312
1!
#910063024
1"
#910063352
0"
#910561304
0!
#910563016
1"
#910563144
0"
#911061304
1!
#911063016
1"
#911063344
0"
#911561304
0!
#911563016
1"
#911563144
0"
#912061312
1!
#912063024
1"
#912063352
0"
#912561304
0!
#912563016
1"
#912563144
0"
#913061304
1!
#913063016
1"
#913063344
0"
#913561304
0!
#913563016
1"
#913563144
0"
#914061312
1!
#914063024
1"
#914063352
0"
#914561304
0!
#914563016
1"
#914563144
0"
#915061304
1!
#915063016
1"
#915063344
0"
#915561304
0!
#915563016
1"
#915563144
0"
#916061312
1!
#916063024
1"
#916063352
0"
#916561304
0!
#916563016
1"
#916563144
0"
#917061304
1!
#917063016
1"
#917063344
0"
#917561304
0!
#917563016
1"
#917563144
0"
#918061312
1!
#918063024
1"
#918063352
0"
#918561304
0!
#918563016
1"
#918563144
0"
#919061304
1!
#919063016
1"
#919063344
0"
#919561304
0!
#919563016
1"
#919563144
0"
#920061312
1!
#920063024
1"
#920063352
0"
#920561304
0!
#920563016
1"
#920563144
0"
#921061304
1!
#921063016
1"
#921063344
0"
#921561304
0!
#921563016
1"
#921563144
0"
#922061312
1!
#922063024
1"
#922063352
0"
#922561304
0!
#922563016
1"
#922563144
0"
#923061304
1!
#923063016
1"
#923063344
0"
#923561304
0!
#923563016
1"
#923563144
0"
#924061312
1!
#924063024
1"
#924063352
0"
#924561304
0!
#924563016
1"
#924563144
0"
#925061304
1!
#925063016
1"
#925063344
0"
#925561304
0!
#925563016
1"
#925563144
0"
#926061312
1!
#926063024
1"
#926063352
0"
#926561304
0!
#926563016
1"
#926563144
0"
#927061304
1!
#927063016
1"
#927063344
0"
#927561304
0!
#927563016
1"
#927563144
0"
#928061312
1!
#928063024
1"
#928063352
0"
#928561304
0!
#928563016
1"
#928563144
0"
#929061304
1!
#929063016
1"
#929063344
0"
#929561304
0!
#929563016
1"
#929563144
0"
#930061312
1!
#930063024
1"
#930063352
0"
#930561304
0!
#930563016
1"
#930563144
0"
#931061304
1!
#931063016
1"
#931063344
0"
#931561304
0!
#931563016
1"
#931563144
0"
#932061312
1!
#932063024
1"
#932063352
0"
#932561304
0!
#932563016
1"
#932563144
0"
#933061304
1!
#933063016
1"
#933063344
0"
#933561304
0!
#933563016
1"
#933563144
0"
#934061312
1!
#934063024
1"
#934063352
0"
#934561304
0!
#934563016
1"
#934563144
0"
#935061304
1!
#935063016
1"
#935063344
0"
#935561304
0!
#935563016
1"
#935563144
0"
#936061312
1!
#936063024
1"
#936063352
0"
#936561304
0!
#936563016
1"
#936563144
0"
#937061304
1!
#937063016
1"
#937063344
0"
#937561304
0!
#937563016
1"
#937563144
0"
#938061312
1!
#938063024
1"
#938063352
0"
#938561304
0!
#938563016
1"
#938563144
0"
#939061304
1!
#939063016
1"
#939063344
0"
#939561304
0!
#939563016
1"
#939563144
0"
#940061312
1!
#940063024
1"
#940063352
0"
#940561304
0!
#940563016
1"
#940563144
0"
#941061304
1!
#941063016
1"
#941063344
0"
#941561304
0!
#941563016
1"
#941563144
0"
#942061312
1!
#942063024
1"
#942063352
0"
#942561304
0!
#942563016
1"
#942563144
0"
#943061304
1!
#943063016
1"
#943063344
0"
#943561304
0!
#943563016
1"
#943563144
0"
#944061312
1!
#944063024
1"
#944063352
0"
#944561304
0!
#944563016
1"
#944563144
0"
#945061304
1!
#945063016
1"
#945063344
0"
#945561304
0!
#945563016
1"
#945563144
0"
#946061312
1!
#946063024
1"
#946063352
0"
#946561304
0!
#946563016
1"
#946563144
0"
#947061304
1!
#947063016
1"
#947063344
0"
#947561304
0!
#947563016
1"
#947563144
0"
#948061312
1!
#948063024
1"
#948063352
0"
#948561304
0!
#948563016
1"
#948563144
0"
#949061304
1!
#949063016
1"
#949063344
0"
#949561304
0!
#949563016
1"
#949563144
0"
#950061312
1!
#950063024
1"
#950063352
0"
#950561304
0!
#950563016
1"
#950563144
0"
#951061304
1!
#951063016
1"
#951063344
0"
#951561304
0!
#951563016
1"
#951563144
0"
#952061312
1!
#952063024
1"
#952063352
0"
#952561304
0!
#952563016
1"
#952563144
0"
#953061304
1!
#953063016
1"
#953063344
0"
#953561304
0!
#953563016
1"
#953563144
0"
#954061312
1!
#954063024
1"
#954063352
0"
#954561304
0!
#954563016
1"
#954563144
0"
#955061304
1!
#955063016
1"
#955063344
0"
#955561304
0!
#955563016
1"
#955563144
0"
#956061312
1!
#956063024
1"
#956063352
0"
#956561304
0!
#956563016
1"
#956563144
0"
#957061304
1!
#957063016
1"
#957063344
0"
#957561304
0!
#957563016
1"
#957563144
0"
#958061312
1!
#958063024
1"
#958063352
0"
#958561304
0!
#958563016
1"
#958563144
0"
#959061304
1!
#959063016
1"
#959063344
0"
#959561304
0!
#959563016
1"
#959563144
0"
#960061312
1!
#960063024
1"
#960063352
0"
#960561304
0!
#960563016
1"
#960563144
0"
#961061304
1!
#961063016
1"
#961063344
0"
#961561304
0!
#961563016
1"
#961563144
0"
#962061312
1!
#962063024
1"
#962063352
0"
#962561304
0!
#962563016
1"
#962563144
0"
#963061304
1!
#963063016
1"
#963063344
0"
#963561304
0!
#963563016
1"
#963563144
0"
#964061312
1!
#964063024
1"
#964063352
0"
#964561304
0!
#964563016
1"
#964563144
0"
#965061304
1!
#965063016
1"
#965063344
0"
#965561304
0!
#965563016
1"
#965563144
0"
#966061312
1!
#966063024
1"
#966063352
0"
#966561304
0!
#966563016
1"
#966563144
0"
#967061304
1!
#967063016
1"
#967063344
0"
#967561304
0!
#967563016
1"
#967563144
0"
#968061312
1!
#968063024
1"
#968063352
0"
#968561304
0!
#968563016
1"
#968563144
0"
#969061304
1!
#969063016
1"
#969063344
0"
#969561304
0!
#969563016
1"
#969563144
0"
#970061312
1!
#970063024
1"
#970063352
0"
#970561304
0!
#970563016
1"
#970563144
0"
#971061304
1!
#971063016
1"
#971063344
0"
#971561304
0!
#971563016
1"
#971563144
0"
#972061312
1!
#972063024
1"
#972063352
0"
#972561304
0!
#972563016
1"
#972563144
0"
#973061304
1!
#973063016
1"
#973063344
0"
#973561304
0!
#973563016
1"
#973563144
0"
#974061312
1!
#974063024
1"
#974063352
0"
#974561304
0!
#974563016
1"
#974563144
0"
#975061304
1!
#975063016
1"
#975063344
0"
#975561304
0!
#975563016
1"
#975563144
0"
#976061312
1!
#976063024
1"
#976063352
0"
#976561304
0!
#976563016
1"
#976563144
0"
#977061304
1!
#977063016
1"
#977063344
0"
#977561304
0!
#977563016
1"
#977563144
0"
#978061312
1!
#978063024
1"
#978063352
0"
#978561304
0!
#978563016
1"
#978563144
0"
#979061304
1!
#979063016
1"
#979063344
0"
#979561304
0!
#979563016
1"
#979563144
0"
#980061312
1!
#980063024
1"
#980063352
0"
#980561304
0!
#980563016
1"
#980563144
0"
#981061304
1!
#981063016
1"
#981063344
0"
#981561304
0!
#981563016
1"
#981563144
0"
#982061312
1!
#982063024
1"
#982063352
0"
#982561304
0!
#982563016
1"
#982563144
0"
#983061304
1!
#983063016
1"
#983063344
0"
#983561304
0!
#983563016
1"
#983563144
0"
#984061312
1!
#984063024
1"
#984063352
0"
#984561304
0!
#984563016
1"
#984563144
0"
#985061304
1!
#985063016
1"
#985063344
0"
#985561304
0!
#985563016
1"
#985563144
0"
#986061312
1!
#986063024
1"
#986063352
0"
#986561304
0!
#986563016
1"
#986563144
0"
#987061304
1!
#987063016
1"
#987063344
0"
#987561304
0!
#987563016
1"
#987563144
0"
#988061312
1!
#988063024
1"
#988063352
0"
#988561304
0!
#988563016
1"
#988563144
0"
#989061304
1!
#989063016
1"
#989063344
0"
#989561304
0!
#989563016
1"
#989563144
0"
#990061312
1!
#990063024
1"
#990063352
0"
#990561304
0!
#990563016
1"
#990563144
0"
#991061304
1!
#991063016
1"
#991063344
0"
#991561304
0!
#991563016
1"
#991563144
0"
#992061312
1!
#992063024
1"
#992063352
0"
#992561304
0!
#992563016
1"
#992563144
0"
#993061304
1!
#993063016
1"
#993063344
0"
#993561304
0!
#993563016
1"
#993563144
0"
#994061312
1!
#994063024
1"
#994063352
0"
#994561304
0!
#994563016
1"
#994563144
0"
#995061304
1!
#995063016
1"
#995063344
0"
#995561304
0!
#995563016
1"
#995563144
0"
#996061312
1!
#996063024
1"
#996063352
0"
#996561304
0!
#996563016
1"
#996563144
0"
#997061304
1!
#997063016
1"
#997063344
0"
#997561304
0!
#997563016
1"
#997563144
0"
#998061312
1!
#998063024
1"
#998063352
0"
#998561304
0!
#998563016
1"
#998563144
0"
#999061304
1!
#999063016
1"
#999063344
0"
#999561304
0!
#999563016
1"
#999563144
0"
#1000061312
1!
#1000063024
1"
#1000063352
0"
#1000561312
0!
#1000563024
1"
#1000563152
0"
#1001061304
1!
#1001063016
1"
#1001063344
0"
#1001561304
0!
#1001563016
1"
#1001563144
0"
#1002061312
1!
#1002063024
1"
#1002063352
0"
#1002561312
0!
#1002563024
1"
#1002563152
0"
#1003061304
1!
#1003063016
1"
#1003063344
0"
#1003561304
0!
#1003563016
1"
#1003563144
0"
#1004061312
1!
#1004063024
1"
#1004063352
0"
#1004561312
0!
#1004563024
1"
#1004563152
0"
#1005061304
1!
#1005063016
1"
#1005063344
0"
#1005561304
0!
#1005563016
1"
#1005563144
0"
#1006061312
1!
#1006063024
1"
#1006063352
0"
#1006561312
0!
#1006563024
1"
#1006563152
0"
#1007061304
1!
#1007063016
1"
#1007063344
0"
#1007561304
0!
#1007563016
1"
#1007563144
0"
#1008061312
1!
#1008063024
1"
#1008063352
0"
#1008561312
0!
#1008563024
1"
#1008563152
0"
#1009061304
1!
#1009063016
1"
#1009063344
0"
#1009561304
0!
#1009563016
1"
#1009563144
0"
#1010061312
1!
#1010063024
1"
#1010063352
0"
#1010561312
0!
#1010563024
1"
#1010563152
0"
#1011061304
1!
#1011063016
1"
#1011063344
0"
#1011561304
0!
#1011563016
1"
#1011563144
0"
#1012061312
1!
#1012063024
1"
#1012063352
0"
#1012561312
0!
#1012563024
1"
#1012563152
0"
#1013061304
1!
#1013063016
1"
#1013063344
0"
#1013561304
0!
#1013563016
1"
#1013563144
0"
#1014061312
1!
#1014063024
1"
#1014063352
0"
#1014561312
0!
#1014563024
1"
#1014563152
0"
#1015061304
1!
#1015063016
1"
#1015063344
0"
#1015561304
0!
#1015563016
1"
#1015563144
0"
#1016061312
1!
#1016063024
1"
#1016063352
0"
#1016561312
0!
#1016563024
1"
#1016563152
0"
#1017061304
1!
#1017063016
1"
#1017063344
0"
#1017561304
0!
#1017563016
1"
#1017563144
0"
#1018061312
1!
#1018063024
1"
#1018063352
0"
#1018561312
0!
#1018563024
1"
#1018563152
0"
#1019061304
1!
#1019063016
1"
#1019063344
0"
#1019561304
0!
#1019563016
1"
#1019563144
0"
#1020061312
1!
#1020063024
1"
#1020063352
0"
#1020561312
0!
#1020563024
1"
#1020563152
0"
#1021061304
1!
#1021063016
1"
#1021063344
0"
#1021561304
0!
#1021563016
1"
#1021563144
0"
#1022061312
1!
#1022063024
1"
#1022063352
0"
#1022561312
0!
#1022563024
1"
#1022563152
0"
#1023061312
1!
#1023063024
1"
#1023063352
0"
#1023561304
0!
#1023563016
1"
#1023563144
0"
#1024061312
1!
#1024063024
1"
#1024063352
0"
#1024561312
0!
#1024563024
1"
#1024563152
0"
#1025061312
1!
#1025063024
1"
#1025063352
0"
#1025561304
0!
#1025563016
1"
#1025563144
0"
#1026061312
1!
#1026063024
1"
#1026063352
0"
#1026561312
0!
#1026563024
1"
#1026563152
0"
#1027061312
1!
#1027063024
1"
#1027063352
0"
#1027561304
0!
#1027563016
1"
#1027563144
0"
#1028061312
1!
#1028063024
1"
#1028063352
0"
#1028561312
0!
#1028563024
1"
#1028563152
0"
#1029061312
1!
#1029063024
1"
#1029063352
0"
#1029561304
0!
#1029563016
1"
#1029563144
0"
#1030061312
1!
#1030063024
1"
#1030063352
0"
#1030561312
0!
#1030563024
1"
#1030563152
0"
#1031061312
1!
#1031063024
1"
#1031063352
0"
#1031561304
0!
#1031563016
1"
#1031563144
0"
#1032061312
1!
#1032063024
1"
#1032063352
0"
#1032561312
0!
#1032563024
1"
#1032563152
0"
#1033061312
1!
#1033063024
1"
#1033063352
0"
#1033561304
0!
#1033563016
1"
#1033563144
0"
#1034061312
1!
#1034063024
1"
#1034063352
0"
#1034561312
0!
#1034563024
1"
#1034563152
0"
#1035061312
1!
#1035063024
1"
#1035063352
0"
#1035561304
0!
#1035563016
1"
#1035563144
0"
#1036061312
1!
#1036063024
1"
#1036063352
0"
#1036561312
0!
#1036563024
1"
#1036563152
0"
#1037061312
1!
#1037063024
1"
#1037063352
0"
#1037561304
0!
#1037563016
1"
#1037563144
0"
#1038061312
1!
#1038063024
1"
#1038063352
0"
#1038561312
0!
#1038563024
1"
#1038563152
0"
#1039061312
1!
#1039063024
1"
#1039063352
0"
#1039561304
0!
#1039563016
1"
#1039563144
0"
#1040061312
1!
#1040063024
1"
#1040063352
0"
#1040561312
0!
#1040563024
1"
#1040563152
0"
#1041061312
1!
#1041063024
1"
#1041063352
0"
#1041561304
0!
#1041563016
1"
#1041563144
0"
#1042061312
1!
#1042063024
1"
#1042063352
0"
#1042561312
0!
#1042563024
1"
#1042563152
0"
#1043061312
1!
#1043063024
1"
#1043063352
0"
#1043561304
0!
#1043563016
1"
#1043563144
0"
#1044061312
1!
#1044063024
1"
#1044063352
0"
#1044561312
0!
#1044563024
1"
#1044563152
0"
#1045061312
1!
#1045063024
1"
#1045063352
0"
#1045561304
0!
#1045563016
1"
#1045563144
0"
#1046061312
1!
#1046063024
1"
#1046063352
0"
#1046561312
0!
#1046563024
1"
#1046563152
0"
#1047061312
1!
#1047063024
1"
#1047063352
0"
#1047561304
0!
#1047563016
1"
#1047563144
0"
#1048061312
1!
#1048063024
1"
#1048063352
0"
#1048561312
0!
#1048563024
1"
#1048563152
0"
#1049061312
1!
#1049063024
1"
#1049063352
0"
#1049561304
0!
#1049563016
1"
#1049563144
0"
#1050061312
1!
#1050063024
1"
#1050063352
0"
#1050561312
0!
#1050563024
1"
#1050563152
0"
#1051061312
1!
#1051063024
1"
#1051063352
0"
#1051561304
0!
#1051563016
1"
#1051563144
0"
#1052061312
1!
#1052063024
1"
#1052063352
0"
#1052561312
0!
#1052563024
1"
#1052563152
0"
#1053061312
1!
#1053063024
1"
#1053063352
0"
#1053561304
0!
#1053563016
1"
#1053563144
0"
#1054061312
1!
#1054063024
1"
#1054063352
0"
#1054561312
0!
#1054563024
1"
#1054563152
0"
#1055061312
1!
#1055063024
1"
#1055063352
0"
#1055561304
0!
#1055563016
1"
#1055563144
0"
#1056061312
1!
#1056063024
1"
#1056063352
0"
#1056561312
0!
#1056563024
1"
#1056563152
0"
#1057061312
1!
#1057063024
1"
#1057063352
0"
#1057561304
0!
#1057563016
1"
#1057563144
0"
#1058061312
1!
#1058063024
1"
#1058063352
0"
#1058561312
0!
#1058563024
1"
#1058563152
0"
#1059061312
1!
#1059063024
1"
#1059063352
0"
#1059561304
0!
#1059563016
1"
#1059563144
0"
#1060061312
1!
#1060063024
1"
#1060063352
0"
#1060561312
0!
#1060563024
1"
#1060563152
0"
#1061061312
1!
#1061063024
1"
#1061063352
0"
#1061561304
0!
#1061563016
1"
#1061563144
0"
#1062061312
1!
#1062063024
1"
#1062063352
0"
#1062561312
0!
#1062563024
1"
#1062563152
0"
#1063061312
1!
#1063063024
1"
#1063063352
0"
#1063561304
0!
#1063563016
1"
#1063563144
0"
#1064061312
1!
#1064063024
1"
#1064063352
0"
#1064561312
0!
#1064563024
1"
#1064563152
0"
#1065061312
1!
#1065063024
1"
#1065063352
0"
#1065561304
0!
#1065563016
1"
#1065563144
0"
#1066061312
1!
#1066063024
1"
#1066063352
0"
#1066561312
0!
#1066563024
1"
#1066563152
0"
#1067061312
1!
#1067063024
1"
#1067063352
0"
#1067561304
0!
#1067563016
1"
#1067563144
0"
#1068061312
1!
#1068063024
1"
#1068063352
0"
#1068561312
0!
#1068563024
1"
#1068563152
0"
#1069061312
1!
#1069063024
1"
#1069063352
0"
#1069561304
0!
#1069563016
1"
#1069563144
0"
#1070061312
1!
#1070063024
1"
#1070063352
0"
#1070561312
0!
#1070563024
1"
#1070563152
0"
#1071061312
1!
#1071063024
1"
#1071063352
0"
#1071561304
0!
#1071563016
1"
#1071563144
0"
#1072061312
1!
#1072063024
1"
#1072063352
0"
#1072561312
0!
#1072563024
1"
#1072563152
0"
#1073061312
1!
#1073063024
1"
#1073063352
0"
#1073561304
0!
#1073563016
1"
#1073563144
0"
#1074061312
1!
#1074063024
1"
#1074063352
0"
#1074561304
0!
#1074563016
1"
#1074563144
0"
#1075061304
1!
#1075063016
1"
#1075063344
0"
#1075561304
0!
#1075563016
1"
#1075563144
0"
#1076061312
1!
#1076063024
1"
#1076063352
0"
#1076561304
0!
#1076563016
1"
#1076563144
0"
#1077061304
1!
#1077063016
1"
#1077063344
0"
#1077561304
0!
#1077563016
1"
#1077563144
0"
#1078061312
1!
#1078063024
1"
#1078063352
0"
#1078561304
0!
#1078563016
1"
#1078563144
0"
#1079061304
1!
#1079063016
1"
#1079063344
0"
#1079561304
0!
#1079563016
1"
#1079563144
0"
#1080061312
1!
#1080063024
1"
#1080063352
0"
#1080561304
0!
#1080563016
1"
#1080563144
0"
#1081061304
1!
#1081063016
1"
#1081063344
0"
#1081561304
0!
#1081563016
1"
#1081563144
0"
#1082061312
1!
#1082063024
1"
#1082063352
0"
#1082561304
0!
#1082563016
1"
#1082563144
0"
#1083061304
1!
#1083063016
1"
#1083063344
0"
#1083561304
0!
#1083563016
1"
#1083563144
0"
#1084061312
1!
#1084063024
1"
#1084063352
0"
#1084561304
0!
#1084563016
1"
#1084563144
0"
#1085061304
1!
#1085063016
1"
#1085063344
0"
#1085561304
0!
#1085563016
1"
#1085563144
0"
#1086061312
1!
#1086063024
1"
#1086063352
0"
#1086561304
0!
#1086563016
1"
#1086563144
0"
#1087061304
1!
#1087063016
1"
#1087063344
0"
#1087561304
0!
#1087563016
1"
#1087563144
0"
#1088061312
1!
#1088063024
1"
#1088063352
0"
#1088561304
0!
#1088563016
1"
#1088563144
0"
#1089061304
1!
#1089063016
1"
#1089063344
0"
#1089561304
0!
#1089563016
1"
#1089563144
0"
#1090061312
1!
#1090063024
1"
#1090063352
0"
#1090561304
0!
#1090563016
1"
#1090563144
0"
#1091061304
1!
#1091063016
1"
#1091063344
0"
#1091561304
0!
#1091563016
1"
#1091563144
0"
#1092061312
1!
#1092063024
1"
#1092063352
0"
#1092561304
0!
#1092563016
1"
#1092563144
0"
#1093061304
1!
#1093063016
1"
#1093063344
0"
#1093561304
0!
#1093563016
1"
#1093563144
0"
#1094061312
1!
#1094063024
1"
#1094063352
0"
#1094561304
0!
#1094563016
1"
#1094563144
0"
#1095061304
1!
#1095063016
1"
#1095063344
0"
#1095561304
0!
#1095563016
1"
#1095563144
0"
#1096061312
1!
#1096063024
1"
#1096063352
0"
#1096561304
0!
#1096563016
1"
#1096563144
0"
#1097061304
1!
#1097063016
1"
#1097063344
0"
#1097561304
0!
#1097563016
1"
#1097563144
0"
#1098061312
1!
#1098063024
1"
#1098063352
0"
#1098561304
0!
#1098563016
1"
#1098563144
0"
#1099061304
1!
#1099063016
1"
#1099063344
0"
#1099561304
0!
#1099563016
1"
#1099563144
0"
#1100061312
1!
#1100063024
1"
#1100063352
0"
#1100561304
0!
#1100563016
1"
#1100563144
0"
#1101061304
1!
#1101063016
1"
#1101063344
0"
#1101561304
0!
#1101563016
1"
#1101563144
0"
#1102061312
1!
#1102063024
1"
#1102063352
0"
#1102561304
0!
#1102563016
1"
#1102563144
0"
#1103061304
1!
#1103063016
1"
#1103063344
0"
#1103561304
0!
#1103563016
1"
#1103563144
0"
#1104061312
1!
#1104063024
1"
#1104063352
0"
#1104561304
0!
#1104563016
1"
#1104563144
0"
#1105061304
1!
#1105063016
1"
#1105063344
0"
#1105561304
0!
#1105563016
1"
#1105563144
0"
#1106061312
1!
#1106063024
1"
#1106063352
0"
#1106561304
0!
#1106563016
1"
#1106563144
0"
#1107061304
1!
#1107063016
1"
#1107063344
0"
#1107561304
0!
#1107563016
1"
#1107563144
0"
#1108061312
1!
#1108063024
1"
#1108063352
0"
#1108561304
0!
#1108563016
1"
#1108563144
0"
#1109061304
1!
#1109063016
1"
#1109063344
0"
#1109561304
0!
#1109563016
1"
#1109563144
0"
#1110061312
1!
#1110063024
1"
#1110063352
0"
#1110561304
0!
#1110563016
1"
#1110563144
0"
#1111061304
1!
#1111063016
1"
#1111063344
0"
#1111561304
0!
#1111563016
1"
#1111563144
0"
#1112061312
1!
#1112063024
1"
#1112063352
0"
#1112561304
0!
#1112563016
1"
#1112563144
0"
#1113061304
1!
#1113063016
1"
#1113063344
0"
#1113561304
0!
#1113563016
1"
#1113563144
0"
#1114061312
1!
#1114063024
1"
#1114063352
0"
#1114561304
0!
#1114563016
1"
#1114563144
0"
#1115061304
1!
#1115063016
1"
#1115063344
0"
#1115561304
0!
#1115563016
1"
#1115563144
0"
#1116061312
1!
#1116063024
1"
#1116063352
0"
#1116561304
0!
#1116563016
1"
#1116563144
0"
#1117061304
1!
#1117063016
1"
#1117063344
0"
#1117561304
0!
#1117563016
1"
#1117563144
0"
#1118061312
1!
#1118063024
1"
#1118063352
0"
#1118561304
0!
#1118563016
1"
#1118563144
0"
#1119061304
1!
#1119063016
1"
#1119063344
0"
#1119561304
0!
#1119563016
1"
#1119563144
0"
#1120061312
1!
#1120063024
1"
#1120063352
0"
#1120561304
0!
#1120563016
1"
#1120563144
0"
#1121061304
1!
#1121063016
1"
#1121063344
0"
#1121561304
0!
#1121563016
1"
#1121563144
0"
#1122061312
1!
#1122063024
1"
#1122063352
0"
#1122561304
0!
#1122563016
1"
#1122563144
0"
#1123061304
1!
#1123063016
1"
#1123063344
0"
#1123561304
0!
#1123563016
1"
#1123563144
0"
#1124061312
1!
#1124063024
1"
#1124063352
0"
#1124561304
0!
#1124563016
1"
#1124563144
0"
#1125061304
1!
#1125063016
1"
#1125063344
0"
#1125561304
0!
#1125563016
1"
#1125563144
0"
#1126061312
1!
#1126063024
1"
#1126063352
0"
#1126561304
0!
#1126563016
1"
#1126563144
0"
#1127061304
1!
#1127063016
1"
#1127063344
0"
#1127561304
0!
#1127563016
1"
#1127563144
0"
#1128061312
1!
#1128063024
1"
#1128063352
0"
#1128561304
0!
#1128563016
1"
#1128563144
0"
#1129061304
1!
#1129063016
1"
#1129063344
0"
#1129561304
0!
#1129563016
1"
#1129563144
0"
#1130061312
1!
#1130063024
1"
#1130063352
0"
#1130561304
0!
#1130563016
1"
#1130563144
0"
#1131061304
1!
#1131063016
1"
#1131063344
0"
#1131561304
0!
#1131563016
1"
#1131563144
0"
#1132061312
1!
#1132063024
1"
#1132063352
0"
#1132561304
0!
#1132563016
1"
#1132563144
0"
#1133061304
1!
#1133063016
1"
#1133063344
0"
#1133561304
0!
#1133563016
1"
#1133563144
0"
#1134061312
1!
#1134063024
1"
#1134063352
0"
#1134561304
0!
#1134563016
1"
#1134563144
0"
#1135061304
1!
#1135063016
1"
#1135063344
0"
#1135561304
0!
#1135563016
1"
#1135563144
0"
#1136061312
1!
#1136063024
1"
#1136063352
0"
#1136561304
0!
#1136563016
1"
#1136563144
0"
#1137061304
1!
#1137063016
1"
#1137063344
0"
#1137561304
0!
#1137563016
1"
#1137563144
0"
#1138061312
1!
#1138063024
1"
#1138063352
0"
#1138561304
0!
#1138563016
1"
#1138563144
0"
#1139061304
1!
#1139063016
1"
#1139063344
0"
#1139561304
0!
#1139563016
1"
#1139563144
0"
#1140061312
1!
#1140063024
1"
#1140063352
0"
#1140561304
0!
#1140563016
1"
#1140563144
0"
#1141061304
1!
#1141063016
1"
#1141063344
0"
#1141561304
0!
#1141563016
1"
#1141563144
0"
#1142061312
1!
#1142063024
1"
#1142063352
0"
#1142561304
0!
#1142563016
1"
#1142563144
0"
#1143061304
1!
#1143063016
1"
#1143063344
0"
#1143561304
0!
#1143563016
1"
#1143563144
0"
#1144061312
1!
#1144063024
1"
#1144063352
0"
#1144561304
0!
#1144563016
1"
#1144563144
0"
#1145061304
1!
#1145063016
1"
#1145063344
0"
#1145561304
0!
#1145563016
1"
#1145563144
0"
#1146061312
1!
#1146063024
1"
#1146063352
0"
#1146561304
0!
#1146563016
1"
#1146563144
0"
#1147061304
1!
#1147063016
1"
#1147063344
0"
#1147561304
0!
#1147563016
1"
#1147563144
0"
#1148061312
1!
#1148063024
1"
#1148063352
0"
#1148561304
0!
#1148563016
1"
#1148563144
0"
#1149061304
1!
#1149063016
1"
#1149063344
0"
#1149561304
0!
#1149563016
1"
#1149563144
0"
#1150061312
1!
#1150063024
1"
#1150063352
0"
#1150561304
0!
#1150563016
1"
#1150563144
0"
#1151061304
1!
#1151063016
1"
#1151063344
0"
#1151561304
0!
#1151563016
1"
#1151563144
0"
#1152061312
1!
#1152063024
1"
#1152063352
0"
#1152561304
0!
#1152563016
1"
#1152563144
0"
#1153061304
1!
#1153063016
1"
#1153063344
0"
#1153561304
0!
#1153563016
1"
#1153563144
0"
#1154061312
1!
#1154063024
1"
#1154063352
0"
#1154561304
0!
#1154563016
1"
#1154563144
0"
#1155061304
1!
#1155063016
1"
#1155063344
0"
#1155561304
0!
#1155563016
1"
#1155563144
0"
#1156061312
1!
#1156063024
1"
#1156063352
0"
#1156561304
0!
#1156563016
1"
#1156563144
0"
#1157061304
1!
#1157063016
1"
#1157063344
0"
#1157561304
0!
#1157563016
1"
#1157563144
0"
#1158061312
1!
#1158063024
1"
#1158063352
0"
#1158561304
0!
#1158563016
1"
#1158563144
0"
#1159061304
1!
#1159063016
1"
#1159063344
0"
#1159561304
0!
#1159563016
1"
#1159563144
0"
#1160061312
1!
#1160063024
1"
#1160063352
0"
#1160561304
0!
#1160563016
1"
#1160563144
0"
#1161061304
1!
#1161063016
1"
#1161063344
0"
#1161561304
0!
#1161563016
1"
#1161563144
0"
#1162061312
1!
#1162063024
1"
#1162063352
0"
#1162561304
0!
#1162563016
1"
#1162563144
0"
#1163061304
1!
#1163063016
1"
#1163063344
0"
#1163561304
0!
#1163563016
1"
#1163563144
0"
#1164061312
1!
#1164063024
1"
#1164063352
0"
#1164561304
0!
#1164563016
1"
#1164563144
0"
#1165061304
1!
#1165063016
1"
#1165063344
0"
#1165561304
0!
#1165563016
1"
#1165563144
0"
#1166061312
1!
#1166063024
1"
#1166063352
0"
#1166561304
0!
#1166563016
1"
#1166563144
0"
#1167061304
1!
#1167063016
1"
#1167063344
0"
#1167561304
0!
#1167563016
1"
#1167563144
0"
#1168061312
1!
#1168063024
1"
#1168063352
0"
#1168561304
0!
#1168563016
1"
#1168563144
0"
#1169061304
1!
#1169063016
1"
#1169063344
0"
#1169561304
0!
#1169563016
1"
#1169563144
0"
#1170061312
1!
#1170063024
1"
#1170063352
0"
#1170561304
0!
#1170563016
1"
#1170563144
0"
#1171061304
1!
#1171063016
1"
#1171063344
0"
#1171561304
0!
#1171563016
1"
#1171563144
0"
#1172061312
1!
#1172063024
1"
#1172063352
0"
#1172561304
0!
#1172563016
1"
#1172563144
0"
#1173061304
1!
#1173063016
1"
#1173063344
0"
#1173561304
0!
#1173563016
1"
#1173563144
0"
#1174061312
1!
#1174063024
1"
#1174063352
0"
#1174561304
0!
#1174563016
1"
#1174563144
0"
#1175061304
1!
#1175063016
1"
#1175063344
0"
#1175561304
0!
#1175563016
1"
#1175563144
0"
#1176061312
1!
#1176063024
1"
#1176063352
0"
#1176561304
0!
#1176563016
1"
#1176563144
0"
#1177061304
1!
#1177063016
1"
#1177063344
0"
#1177561304
0!
#1177563016
1"
#1177563144
0"
#1178061312
1!
#1178063024
1"
#1178063352
0"
#1178561304
0!
#1178563016
1"
#1178563144
0"
#1179061304
1!
#1179063016
1"
#1179063344
0"
#1179561304
0!
#1179563016
1"
#1179563144
0"
#1180061312
1!
#1180063024
1"
#1180063352
0"
#1180561304
0!
#1180563016
1"
#1180563144
0"
#1181061304
1!
#1181063016
1"
#1181063344
0"
#1181561304
0!
#1181563016
1"
#1181563144
0"
#1182061312
1!
#1182063024
1"
#1182063352
0"
#1182561304
0!
#1182563016
1"
#1182563144
0"
#1183061304
1!
#1183063016
1"
#1183063344
0"
#1183561304
0!
#1183563016
1"
#1183563144
0"
#1184061312
1!
#1184063024
1"
#1184063352
0"
#1184561304
0!
#1184563016
1"
#1184563144
0"
#1185061304
1!
#1185063016
1"
#1185063344
0"
#1185561304
0!
#1185563016
1"
#1185563144
0"
#1186061312
1!
#1186063024
1"
#1186063352
0"
#1186561304
0!
#1186563016
1"
#1186563144
0"
#1187061304
1!
#1187063016
1"
#1187063344
0"
#1187561304
0!
#1187563016
1"
#1187563144
0"
#1188061312
1!
#1188063024
1"
#1188063352
0"
#1188561304
0!
#1188563016
1"
#1188563144
0"
#1189061304
1!
#1189063016
1"
#1189063344
0"
#1189561304
0!
#1189563016
1"
#1189563144
0"
#1190061312
1!
#1190063024
1"
#1190063352
0"
#1190561304
0!
#1190563016
1"
#1190563144
0"
#1191061304
1!
#1191063016
1"
#1191063344
0"
#1191561304
0!
#1191563016
1"
#1191563144
0"
#1192061312
1!
#1192063024
1"
#1192063352
0"
#1192561304
0!
#1192563016
1"
#1192563144
0"
#1193061304
1!
#1193063016
1"
#1193063344
0"
#1193561304
0!
#1193563016
1"
#1193563144
0"
#1194061312
1!
#1194063024
1"
#1194063352
0"
#1194561304
0!
#1194563016
1"
#1194563144
0"
#1195061304
1!
#1195063016
1"
#1195063344
0"
#1195561304
0!
#1195563016
1"
#1195563144
0"
#1196061312
1!
#1196063024
1"
#1196063352
0"
#1196561304
0!
#1196563016
1"
#1196563144
0"
#1197061304
1!
#1197063016
1"
#1197063344
0"
#1197561304
0!
#1197563016
1"
#1197563144
0"
#1198061312
1!
#1198063024
1"
#1198063352
0"
#1198561304
0!
#1198563016
1"
#1198563144
0"
#1199061304
1!
#1199063016
1"
#1199063344
0"
#1199561304
0!
#1199563016
1"
#1199563144
0"
#1200061312
1!
#1200063024
1"
#1200063352
0"
#1200561304
0!
#1200563016
1"
#1200563144
0"
#1201061304
1!
#1201063016
1"
#1201063344
0"
#1201561304
0!
#1201563016
1"
#1201563144
0"
#1202061312
1!
#1202063024
1"
#1202063352
0"
#1202561368
0!
#1202563080
1"
#1202563208
0"
#1203061304
1!
#1203063016
1"
#1203063344
0"
#1203561304
0!
#1203563016
1"
#1203563144
0"
#1204061312
1!
#1204063024
1"
#1204063352
0"
#1204561304
0!
#1204563016
1"
#1204563144
0"
#1205061304
1!
#1205063016
1"
#1205063344
0"
#1205561304
0!
#1205563016
1"
#1205563144
0"
#1206061312
1!
#1206063024
1"
#1206063352
0"
#1206561304
0!
#1206563016
1"
#1206563144
0"
#1207061304
1!
#1207063016
1"
#1207063344
0"
#1207561304
0!
#1207563016
1"
#1207563144
0"
#1208061312
1!
#1208063024
1"
#1208063352
0"
#1208561304
0!
#1208563016
1"
#1208563144
0"
#1209061304
1!
#1209063016
1"
#1209063344
0"
#1209561304
0!
#1209563016
1"
#1209563144
0"
#1210061312
1!
#1210063024
1"
#1210063352
0"
#1210561304
0!
#1210563016
1"
#1210563144
0"
#1211061304
1!
#1211063016
1"
#1211063344
0"
#1211561304
0!
#1211563016
1"
#1211563144
0"
#1212061312
1!
#1212063024
1"
#1212063352
0"
#1212561304
0!
#1212563016
1"
#1212563144
0"
#1213061304
1!
#1213063016
1"
#1213063344
0"
#1213561304
0!
#1213563016
1"
#1213563144
0"
#1214061312
1!
#1214063024
1"
#1214063352
0"
#1214561304
0!
#1214563016
1"
#1214563144
0"
#1215061304
1!
#1215063016
1"
#1215063344
0"
#1215561304
0!
#1215563016
1"
#1215563144
0"
#1216061312
1!
#1216063024
1"
#1216063352
0"
#1216561304
0!
#1216563016
1"
#1216563144
0"
#1217061304
1!
#1217063016
1"
#1217063344
0"
#1217561304
0!
#1217563016
1"
#1217563144
0"
#1218061312
1!
#1218063024
1"
#1218063352
0"
#1218561304
0!
#1218563016
1"
#1218563144
0"
#1219061304
1!
#1219063016
1"
#1219063344
0"
#1219561304
0!
#1219563016
1"
#1219563144
0"
#1220061312
1!
#1220063024
1"
#1220063352
0"
#1220561304
0!
#1220563016
1"
#1220563144
0"
#1221061304
1!
#1221063016
1"
#1221063344
0"
#1221561304
0!
#1221563016
1"
#1221563144
0"
#1222061312
1!
#1222063024
1"
#1222063352
0"
#1222561304
0!
#1222563016
1"
#1222563144
0"
#1223061304
1!
#1223063016
1"
#1223063344
0"
#1223561304
0!
#1223563016
1"
#1223563144
0"
#1224061312
1!
#1224063024
1"
#1224063352
0"
#1224561304
0!
#1224563016
1"
#1224563144
0"
#1225061304
1!
#1225063016
1"
#1225063344
0"
#1225561304
0!
#1225563016
1"
#1225563144
0"
#1226061312
1!
#1226063024
1"
#1226063352
0"
#1226561304
0!
#1226563016
1"
#1226563144
0"
#1227061304
1!
#1227063016
1"
#1227063344
0"
#1227561304
0!
#1227563016
1"
#1227563144
0"
#1228061312
1!
#1228063024
1"
#1228063352
0"
#1228561304
0!
#1228563016
1"
#1228563144
0"
#1229061304
1!
#1229063016
1"
#1229063344
0"
#1229561304
0!
#1229563016
1"
#1229563144
0"
#1230061312
1!
#1230063024
1"
#1230063352
0"
#1230561304
0!
#1230563016
1"
#1230563144
0"
#1231061304
1!
#1231063016
1"
#1231063344
0"
#1231561304
0!
#1231563016
1"
#1231563144
0"
#1232061312
1!
#1232063024
1"
#1232063352
0"
#1232561304
0!
#1232563016
1"
#1232563144
0"
#1233061304
1!
#1233063016
1"
#1233063344
0"
#1233561304
0!
#1233563016
1"
#1233563144
0"
#1234061312
1!
#1234063024
1"
#1234063352
0"
#1234561304
0!
#1234563016
1"
#1234563144
0"
#1235061304
1!
#1235063016
1"
#1235063344
0"
#1235561304
0!
#1235563016
1"
#1235563144
0"
#1236061312
1!
#1236063024
1"
#1236063352
0"
#1236561304
0!
#1236563016
1"
#1236563144
0"
#1237061304
1!
#1237063016
1"
#1237063344
0"
#1237561304
0!
#1237563016
1"
#1237563144
0"
#1238061312
1!
#1238063024
1"
#1238063352
0"
#1238561304
0!
#1238563016
1"
#1238563144
0"
#1239061304
1!
#1239063016
1"
#1239063344
0"
#1239561304
0!
#1239563016
1"
#1239563144
0"
#1240061312
1!
#1240063024
1"
#1240063352
0"
#1240561304
0!
#1240563016
1"
#1240563144
0"
#1241061304
1!
#1241063016
1"
#1241063344
0"
#1241561304
0!
#1241563016
1"
#1241563144
0"
#1242061312
1!
#1242063024
1"
#1242063352
0"
#1242561304
0!
#1242563016
1"
#1242563144
0"
#1243061304
1!
#1243063016
1"
#1243063344
0"
#1243561304
0!
#1243563016
1"
#1243563144
0"
#1244061312
1!
#1244063024
1"
#1244063352
0"
#1244561304
0!
#1244563016
1"
#1244563144
0"
#1245061304
1!
#1245063016
1"
#1245063344
0"
#1245561304
0!
#1245563016
1"
#1245563144
0"
#1246061312
1!
#1246063024
1"
#1246063352
0"
#1246561304
0!
#1246563016
1"
#1246563144
0"
#1247061304
1!
#1247063016
1"
#1247063344
0"
#1247561304
0!
#1247563016
1"
#1247563144
0"
#1248061312
1!
#1248063024
1"
#1248063352
0"
#1248561304
0!
#1248563016
1"
#1248563144
0"
#1249061304
1!
#1249063016
1"
#1249063344
0"
#1249561304
0!
#1249563016
1"
#1249563144
0"
#1250061312
1!
#1250063024
1"
#1250063352
0"
#1250561304
0!
#1250563016
1"
#1250563144
0"
#1251061304
1!
#1251063016
1"
#1251063344
0"
#1251561304
0!
#1251563016
1"
#1251563144
0"
#1252061312
1!
#1252063024
1"
#1252063352
0"
#1252561304
0!
#1252563016
1"
#1252563144
0"
#1253061304
1!
#1253063016
1"
#1253063344
0"
#1253561304
0!
#1253563016
1"
#1253563144
0"
#1254061312
1!
#1254063024
1"
#1254063352
0"
#1254561304
0!
#1254563016
1"
#1254563144
0"
#1255061304
1!
#1255063016
1"
#1255063344
0"
#1255561304
0!
#1255563016
1"
#1255563144
0"
#1256061312
1!
#1256063024
1"
#1256063352
0"
#1256561304
0!
#1256563016
1"
#1256563144
0"
#1257061304
1!
#1257063016
1"
#1257063344
0"
#1257561304
0!
#1257563016
1"
#1257563144
0"
#1258061312
1!
#1258063024
1"
#1258063352
0"
#1258561304
0!
#1258563016
1"
#1258563144
0"
#1259061304
1!
#1259063016
1"
#1259063344
0"
#1259561304
0!
#1259563016
1"
#1259563144
0"
#1260061312
1!
#1260063024
1"
#1260063352
0"
#1260561304
0!
#1260563016
1"
#1260563144
0"
#1261061304
1!
#1261063016
1"
#1261063344
0"
#1261561304
0!
#1261563016
1"
#1261563144
0"
#1262061312
1!
#1262063024
1"
#1262063352
0"
#1262561304
0!
#1262563016
1"
#1262563144
0"
#1263061304
1!
#1263063016
1"
#1263063344
0"
#1263561304
0!
#1263563016
1"
#1263563144
0"
#1264061312
1!
#1264063024
1"
#1264063352
0"
#1264561304
0!
#1264563016
1"
#1264563144
0"
#1265061304
1!
#1265063016
1"
#1265063344
0"
#1265561304
0!
#1265563016
1"
#1265563144
0"
#1266061312
1!
#1266063024
1"
#1266063352
0"
#1266561304
0!
#1266563016
1"
#1266563144
0"
#1267061304
1!
#1267063016
1"
#1267063344
0"
#1267561304
0!
#1267563016
1"
#1267563144
0"
#1268061312
1!
#1268063024
1"
#1268063352
0"
#1268561304
0!
#1268563016
1"
#1268563144
0"
#1269061304
1!
#1269063016
1"
#1269063344
0"
#1269561304
0!
#1269563016
1"
#1269563144
0"
#1270061312
1!
#1270063024
1"
#1270063352
0"
#1270561304
0!
#1270563016
1"
#1270563144
0"
#1271061304
1!
#1271063016
1"
#1271063344
0"
#1271561304
0!
#1271563016
1"
#1271563144
0"
#1272061312
1!
#1272063024
1"
#1272063352
0"
#1272561304
0!
#1272563016
1"
#1272563144
0"
#1273061304
1!
#1273063016
1"
#1273063344
0"
#1273561304
0!
#1273563016
1"
#1273563144
0"
#1274061312
1!
#1274063024
1"
#1274063352
0"
#1274561304
0!
#1274563016
1"
#1274563144
0"
#1275061304
1!
#1275063016
1"
#1275063344
0"
#1275561304
0!
#1275563016
1"
#1275563144
0"
#1276061312
1!
#1276063024
1"
#1276063352
0"
#1276561304
0!
#1276563016
1"
#1276563144
0"
#1277061304
1!
#1277063016
1"
#1277063344
0"
#1277561304
0!
#1277563016
1"
#1277563144
0"
#1278061312
1!
#1278063024
1"
#1278063352
0"
#1278561304
0!
#1278563016
1"
#1278563144
0"
#1279061304
1!
#1279063016
1"
#1279063344
0"
#1279561304
0!
#1279563016
1"
#1279563144
0"
#1280061312
1!
#1280063024
1"
#1280063352
0"
#1280561304
0!
#1280563016
1"
#1280563144
0"
#1281061304
1!
#1281063016
1"
#1281063344
0"
#1281561304
0!
#1281563016
1"
#1281563144
0"
#1282061312
1!
#1282063024
1"
#1282063352
0"
#1282561304
0!
#1282563016
1"
#1282563144
0"
#1283061304
1!
#1283063016
1"
#1283063344
0"
#1283561304
0!
#1283563016
1"
#1283563144
0"
#1284061312
1!
#1284063024
1"
#1284063352
0"
#1284561304
0!
#1284563016
1"
#1284563144
0"
#1285061304
1!
#1285063016
1"
#1285063344
0"
#1285561304
0!
#1285563016
1"
#1285563144
0"
#1286061312
1!
#1286063024
1"
#1286063352
0"
#1286561304
0!
#1286563016
1"
#1286563144
0"
#1287061304
1!
#1287063016
1"
#1287063344
0"
#1287561304
0!
#1287563016
1"
#1287563144
0"
#1288061312
1!
#1288063024
1"
#1288063352
0"
#1288561304
0!
#1288563016
1"
#1288563144
0"
#1289061304
1!
#1289063016
1"
#1289063344
0"
#1289561304
0!
#1289563016
1"
#1289563144
0"
#1290061312
1!
#1290063024
1"
#1290063352
0"
#1290561304
0!
#1290563016
1"
#1290563144
0"
#1291061304
1!
#1291063016
1"
#1291063344
0"
#1291561304
0!
#1291563016
1"
#1291563144
0"
#1292061312
1!
#1292063024
1"
#1292063352
0"
#1292561304
0!
#1292563016
1"
#1292563144
0"
#1293061304
1!
#1293063016
1"
#1293063344
0"
#1293561304
0!
#1293563016
1"
#1293563144
0"
#1294061312
1!
#1294063024
1"
#1294063352
0"
#1294561304
0!
#1294563016
1"
#1294563144
0"
#1295061304
1!
#1295063016
1"
#1295063344
0"
#1295561304
0!
#1295563016
1"
#1295563144
0"
#1296061312
1!
#1296063024
1"
#1296063352
0"
#1296561304
0!
#1296563016
1"
#1296563144
0"
#1297061304
1!
#1297063016
1"
#1297063344
0"
#1297561304
0!
#1297563016
1"
#1297563144
0"
#1298061312
1!
#1298063024
1"
#1298063352
0"
#1298561304
0!
#1298563016
1"
#1298563144
0"
#1299061304
1!
#1299063016
1"
#1299063344
0"
#1299561304
0!
#1299563016
1"
#1299563144
0"
#1300061312
1!
#1300063024
1"
#1300063352
0"
#1300561304
0!
#1300563016
1"
#1300563144
0"
#1301061304
1!
#1301063016
1"
#1301063344
0"
#1301561304
0!
#1301563016
1"
#1301563144
0"
#1302061312
1!
#1302063024
1"
#1302063352
0"
#1302561304
0!
#1302563016
1"
#1302563144
0"
#1303061304
1!
#1303063016
1"
#1303063344
0"
#1303561304
0!
#1303563016
1"
#1303563144
0"
#1304061312
1!
#1304063024
1"
#1304063352
0"
#1304561304
0!
#1304563016
1"
#1304563144
0"
#1305061304
1!
#1305063016
1"
#1305063344
0"
#1305561304
0!
#1305563016
1"
#1305563144
0"
#1306061312
1!
#1306063024
1"
#1306063352
0"
#1306561304
0!
#1306563016
1"
#1306563144
0"
#1307061304
1!
#1307063016
1"
#1307063344
0"
#1307561304
0!
#1307563016
1"
#1307563144
0"
#1308061312
1!
#1308063024
1"
#1308063352
0"
#1308561304
0!
#1308563016
1"
#1308563144
0"
#1309061304
1!
#1309063016
1"
#1309063344
0"
#1309561304
0!
#1309563016
1"
#1309563144
0"
#1310061312
1!
#1310063024
1"
#1310063352
0"
#1310561304
0!
#1310563016
1"
#1310563144
0"
#1311061304
1!
#1311063016
1"
#1311063344
0"
#1311561304
0!
#1311563016
1"
#1311563144
0"
#1312061312
1!
#1312063024
1"
#1312063352
0"
#1312561304
0!
#1312563016
1"
#1312563144
0"
#1313061304
1!
#1313063016
1"
#1313063344
0"
#1313561304
0!
#1313563016
1"
#1313563144
0"
#1314061312
1!
#1314063024
1"
#1314063352
0"
#1314561304
0!
#1314563016
1"
#1314563144
0"
#1315061304
1!
#1315063016
1"
#1315063344
0"
#1315561304
0!
#1315563016
1"
#1315563144
0"
#1316061312
1!
#1316063024
1"
#1316063352
0"
#1316561304
0!
#1316563016
1"
#1316563144
0"
#1317061304
1!
#1317063016
1"
#1317063344
0"
#1317561304
0!
#1317563016
1"
#1317563144
0"
#1318061312
1!
#1318063024
1"
#1318063352
0"
#1318561304
0!
#1318563016
1"
#1318563144
0"
#1319061304
1!
#1319063016
1"
#1319063344
0"
#1319561304
0!
#1319563016
1"
#1319563144
0"
#1320061312
1!
#1320063024
1"
#1320063352
0"
#1320561304
0!
#1320563016
1"
#1320563144
0"
#1321061304
1!
#1321063016
1"
#1321063344
0"
#1321561304
0!
#1321563016
1"
#1321563144
0"
#1322061312
1!
#1322063024
1"
#1322063352
0"
#1322561304
0!
#1322563016
1"
#1322563144
0"
#1323061304
1!
#1323063016
1"
#1323063344
0"
#1323561304
0!
#1323563016
1"
#1323563144
0"
#1324061312
1!
#1324063024
1"
#1324063352
0"
#1324561304
0!
#1324563016
1"
#1324563144
0"
#1325061304
1!
#1325063016
1"
#1325063344
0"
#1325561304
0!
#1325563016
1"
#1325563144
0"
#1326061312
1!
#1326063024
1"
#1326063352
0"
#1326561304
0!
#1326563016
1"
#1326563144
0"
#1327061304
1!
#1327063016
1"
#1327063344
0"
#1327561304
0!
#1327563016
1"
#1327563144
0"
#1328061312
1!
#1328063024
1"
#1328063352
0"
#1328561304
0!
#1328563016
1"
#1328563144
0"
#1329061304
1!
#1329063016
1"
#1329063344
0"
#1329561304
0!
#1329563016
1"
#1329563144
0"
#1330061312
1!
#1330063024
1"
#1330063352
0"
#1330561304
0!
#1330563016
1"
#1330563144
0"
#1331061304
1!
#1331063016
1"
#1331063344
0"
#1331561304
0!
#1331563016
1"
#1331563144
0"
#1332061312
1!
#1332063024
1"
#1332063352
0"
#1332561304
0!
#1332563016
1"
#1332563144
0"
#1333061304
1!
#1333063016
1"
#1333063344
0"
#1333561304
0!
#1333563016
1"
#1333563144
0"
#1334061312
1!
#1334063024
1"
#1334063352
0"
#1334561304
0!
#1334563016
1"
#1334563144
0"
#1335061304
1!
#1335063016
1"
#1335063344
0"
#1335561304
0!
#1335563016
1"
#1335563144
0"
#1336061312
1!
#1336063024
1"
#1336063352
0"
#1336561304
0!
#1336563016
1"
#1336563144
0"
#1337061304
1!
#1337063016
1"
#1337063344
0"
#1337561304
0!
#1337563016
1"
#1337563144
0"
#1338061312
1!
#1338063024
1"
#1338063352
0"
#1338561304
0!
#1338563016
1"
#1338563144
0"
#1339061304
1!
#1339063016
1"
#1339063344
0"
#1339561304
0!
#1339563016
1"
#1339563144
0"
#1340061312
1!
#1340063024
1"
#1340063352
0"
#1340561304
0!
#1340563016
1"
#1340563144
0"
#1341061304
1!
#1341063016
1"
#1341063344
0"
#1341561304
0!
#1341563016
1"
#1341563144
0"
#1342061312
1!
#1342063024
1"
#1342063352
0"
#1342561304
0!
#1342563016
1"
#1342563144
0"
#1343061304
1!
#1343063016
1"
#1343063344
0"
#1343561304
0!
#1343563016
1"
#1343563144
0"
#1344061312
1!
#1344063024
1"
#1344063352
0"
#1344561304
0!
#1344563016
1"
#1344563144
0"
#1345061304
1!
#1345063016
1"
#1345063344
0"
#1345561304
0!
#1345563016
1"
#1345563144
0"
#1346061312
1!
#1346063024
1"
#1346063352
0"
#1346561304
0!
#1346563016
1"
#1346563144
0"
#1347061304
1!
#1347063016
1"
#1347063344
0"
#1347561304
0!
#1347563016
1"
#1347563144
0"
#1348061312
1!
#1348063024
1"
#1348063352
0"
#1348561304
0!
#1348563016
1"
#1348563144
0"
#1349061304
1!
#1349063016
1"
#1349063344
0"
#1349561304
0!
#1349563016
1"
#1349563144
0"
#1350061312
1!
#1350063024
1"
#1350063352
0"
#1350561304
0!
#1350563016
1"
#1350563144
0"
#1351061304
1!
#1351063016
1"
#1351063344
0"
#1351561304
0!
#1351563016
1"
#1351563144
0"
#1352061312
1!
#1352063024
1"
#1352063352
0"
#1352561304
0!
#1352563016
1"
#1352563144
0"
#1353061304
1!
#1353063016
1"
#1353063344
0"
#1353561304
0!
#1353563016
1"
#1353563144
0"
#1354061312
1!
#1354063024
1"
#1354063352
0"
#1354561304
0!
#1354563016
1"
#1354563144
0"
#1355061304
1!
#1355063016
1"
#1355063344
0"
#1355561304
0!
#1355563016
1"
#1355563144
0"
#1356061312
1!
#1356063024
1"
#1356063352
0"
#1356561304
0!
#1356563016
1"
#1356563144
0"
#1357061304
1!
#1357063016
1"
#1357063344
0"
#1357561304
0!
#1357563016
1"
#1357563144
0"
#1358061312
1!
#1358063024
1"
#1358063352
0"
#1358561304
0!
#1358563016
1"
#1358563144
0"
#1359061304
1!
#1359063016
1"
#1359063344
0"
#1359561304
0!
#1359563016
1"
#1359563144
0"
#1360061312
1!
#1360063024
1"
#1360063352
0"
#1360561304
0!
#1360563016
1"
#1360563144
0"
#1361061304
1!
#1361063016
1"
#1361063344
0"
#1361561304
0!
#1361563016
1"
#1361563144
0"
#1362061312
1!
#1362063024
1"
#1362063352
0"
#1362561304
0!
#1362563016
1"
#1362563144
0"
#1363061304
1!
#1363063016
1"
#1363063344
0"
#1363561304
0!
#1363563016
1"
#1363563144
0"
#1364061312
1!
#1364063024
1"
#1364063352
0"
#1364561304
0!
#1364563016
1"
#1364563144
0"
#1365061304
1!
#1365063016
1"
#1365063344
0"
#1365561304
0!
#1365563016
1"
#1365563144
0"
#1366061312
1!
#1366063024
1"
#1366063352
0"
#1366561304
0!
#1366563016
1"
#1366563144
0"
#1367061304
1!
#1367063016
1"
#1367063344
0"
#1367561304
0!
#1367563016
1"
#1367563144
0"
#1368061312
1!
#1368063024
1"
#1368063352
0"
#1368561304
0!
#1368563016
1"
#1368563144
0"
#1369061304
1!
#1369063016
1"
#1369063344
0"
#1369561304
0!
#1369563016
1"
#1369563144
0"
#1370061312
1!
#1370063024
1"
#1370063352
0"
#1370561304
0!
#1370563016
1"
#1370563144
0"
#1371061304
1!
#1371063016
1"
#1371063344
0"
#1371561304
0!
#1371563016
1"
#1371563144
0"
#1372061312
1!
#1372063024
1"
#1372063352
0"
#1372561304
0!
#1372563016
1"
#1372563144
0"
#1373061304
1!
#1373063016
1"
#1373063344
0"
#1373561304
0!
#1373563016
1"
#1373563144
0"
#1374061312
1!
#1374063024
1"
#1374063352
0"
#1374561304
0!
#1374563016
1"
#1374563144
0"
#1375061304
1!
#1375063016
1"
#1375063344
0"
#1375561304
0!
#1375563016
1"
#1375563144
0"
#1376061312
1!
#1376063024
1"
#1376063352
0"
#1376561304
0!
#1376563016
1"
#1376563144
0"
#1377061304
1!
#1377063016
1"
#1377063344
0"
#1377561304
0!
#1377563016
1"
#1377563144
0"
#1378061312
1!
#1378063024
1"
#1378063352
0"
#1378561304
0!
#1378563016
1"
#1378563144
0"
#1379061304
1!
#1379063016
1"
#1379063344
0"
#1379561304
0!
#1379563016
1"
#1379563144
0"
#1380061312
1!
#1380063024
1"
#1380063352
0"
#1380561304
0!
#1380563016
1"
#1380563144
0"
#1381061304
1!
#1381063016
1"
#1381063344
0"
#1381561304
0!
#1381563016
1"
#1381563144
0"
#1382061312
1!
#1382063024
1"
#1382063352
0"
#1382561304
0!
#1382563016
1"
#1382563144
0"
#1383061304
1!
#1383063016
1"
#1383063344
0"
#1383561304
0!
#1383563016
1"
#1383563144
0"
#1384061312
1!
#1384063024
1"
#1384063352
0"
#1384561304
0!
#1384563016
1"
#1384563144
0"
#1385061304
1!
#1385063016
1"
#1385063344
0"
#1385561304
0!
#1385563016
1"
#1385563144
0"
#1386061312
1!
#1386063024
1"
#1386063352
0"
#1386561304
0!
#1386563016
1"
#1386563144
0"
#1387061304
1!
#1387063016
1"
#1387063344
0"
#1387561304
0!
#1387563016
1"
#1387563144
0"
#1388061312
1!
#1388063024
1"
#1388063352
0"
#1388561304
0!
#1388563016
1"
#1388563144
0"
#1389061304
1!
#1389063016
1"
#1389063344
0"
#1389561304
0!
#1389563016
1"
#1389563144
0"
#1390061312
1!
#1390063024
1"
#1390063352
0"
#1390561304
0!
#1390563016
1"
#1390563144
0"
#1391061304
1!
#1391063016
1"
#1391063344
0"
#1391561304
0!
#1391563016
1"
#1391563144
0"
#1392061312
1!
#1392063024
1"
#1392063352
0"
#1392561304
0!
#1392563016
1"
#1392563144
0"
#1393061304
1!
#1393063016
1"
#1393063344
0"
#1393561304
0!
#1393563016
1"
#1393563144
0"
#1394061312
1!
#1394063024
1"
#1394063352
0"
#1394561304
0!
#1394563016
1"
#1394563144
0"
#1395061304
1!
#1395063016
1"
#1395063344
0"
#1395561304
0!
#1395563016
1"
#1395563144
0"
#1396061312
1!
#1396063024
1"
#1396063352
0"
#1396561304
0!
#1396563016
1"
#1396563144
0"
#1397061304
1!
#1397063016
1"
#1397063344
0"
#1397561304
0!
#1397563016
1"
#1397563144
0"
#1398061312
1!
#1398063024
1"
#1398063352
0"
#1398561304
0!
#1398563016
1"
#1398563144
0"
#1399061304
1!
#1399063016
1"
#1399063344
0"
#1399561304
0!
#1399563016
1"
#1399563144
0"
#1400061312
1!
#1400063024
1"
#1400063352
0"
#1400561304
0!
#1400563016
1"
#1400563144
0"
#1401061304
1!
#1401063016
1"
#1401063344
0"
#1401561304
0!
#1401563016
1"
#1401563144
0"
#1402061312
1!
#1402063024
1"
#1402063352
0"
#1402561304
0!
#1402563016
1"
#1402563144
0"
#1403061304
1!
#1403063016
1"
#1403063344
0"
#1403561304
0!
#1403563016
1"
#1403563144
0"
#1404061312
1!
#1404063024
1"
#1404063352
0"
#1404561304
0!
#1404563016
1"
#1404563144
0"
#1405061304
1!
#1405063016
1"
#1405063344
0"
#1405561304
0!
#1405563016
1"
#1405563144
0"
#1406061312
1!
#1406063024
1"
#1406063352
0"
#1406561304
0!
#1406563016
1"
#1406563144
0"
#1407061304
1!
#1407063016
1"
#1407063344
0"
#1407561304
0!
#1407563016
1"
#1407563144
0"
#1408061312
1!
#1408063024
1"
#1408063352
0"
#1408561304
0!
#1408563016
1"
#1408563144
0"
#1409061304
1!
#1409063016
1"
#1409063344
0"
#1409561304
0!
#1409563016
1"
#1409563144
0"
#1410061312
1!
#1410063024
1"
#1410063352
0"
#1410561304
0!
#1410563016
1"
#1410563144
0"
#1411061304
1!
#1411063016
1"
#1411063344
0"
#1411561304
0!
#1411563016
1"
#1411563144
0"
#1412061312
1!
#1412063024
1"
#1412063352
0"
#1412561304
0!
#1412563016
1"
#1412563144
0"
#1413061304
1!
#1413063016
1"
#1413063344
0"
#1413561304
0!
#1413563016
1"
#1413563144
0"
#1414061312
1!
#1414063024
1"
#1414063352
0"
#1414561304
0!
#1414563016
1"
#1414563144
0"
#1415061304
1!
#1415063016
1"
#1415063344
0"
#1415561304
0!
#1415563016
1"
#1415563144
0"
#1416061312
1!
#1416063024
1"
#1416063352
0"
#1416561304
0!
#1416563016
1"
#1416563144
0"
#1417061304
1!
#1417063016
1"
#1417063344
0"
#1417561304
0!
#1417563016
1"
#1417563144
0"
#1418061312
1!
#1418063024
1"
#1418063352
0"
#1418561304
0!
#1418563016
1"
#1418563144
0"
#1419061304
1!
#1419063016
1"
#1419063344
0"
#1419561304
0!
#1419563016
1"
#1419563144
0"
#1420061312
1!
#1420063024
1"
#1420063352
0"
#1420561304
0!
#1420563016
1"
#1420563144
0"
#1421061304
1!
#1421063016
1"
#1421063344
0"
#1421561304
0!
#1421563016
1"
#1421563144
0"
#1422061312
1!
#1422063024
1"
#1422063352
0"
#1422561304
0!
#1422563016
1"
#1422563144
0"
#1423061304
1!
#1423063016
1"
#1423063344
0"
#1423561304
0!
#1423563016
1"
#1423563144
0"
#1424061312
1!
#1424063024
1"
#1424063352
0"
#1424561304
0!
#1424563016
1"
#1424563144
0"
#1425061304
1!
#1425063016
1"
#1425063344
0"
#1425561304
0!
#1425563016
1"
#1425563144
0"
#1426061312
1!
#1426063024
1"
#1426063352
0"
#1426561304
0!
#1426563016
1"
#1426563144
0"
#1427061304
1!
#1427063016
1"
#1427063344
0"
#1427561304
0!
#1427563016
1"
#1427563144
0"
#1428061312
1!
#1428063024
1"
#1428063352
0"
#1428561304
0!
#1428563016
1"
#1428563144
0"
#1429061304
1!
#1429063016
1"
#1429063344
0"
#1429561304
0!
#1429563016
1"
#1429563144
0"
#1430061312
1!
#1430063024
1"
#1430063352
0"
#1430561304
0!
#1430563016
1"
#1430563144
0"
#1431061304
1!
#1431063016
1"
#1431063344
0"
#1431561304
0!
#1431563016
1"
#1431563144
0"
#1432061312
1!
#1432063024
1"
#1432063352
0"
#1432561304
0!
#1432563016
1"
#1432563144
0"
#1433061304
1!
#1433063016
1"
#1433063344
0"
#1433561304
0!
#1433563016
1"
#1433563144
0"
#1434061312
1!
#1434063024
1"
#1434063352
0"
#1434561304
0!
#1434563016
1"
#1434563144
0"
#1435061304
1!
#1435063016
1"
#1435063344
0"
#1435561304
0!
#1435563016
1"
#1435563144
0"
#1436061312
1!
#1436063024
1"
#1436063352
0"
#1436561304
0!
#1436563016
1"
#1436563144
0"
#1437061304
1!
#1437063016
1"
#1437063344
0"
#1437561304
0!
#1437563016
1"
#1437563144
0"
#1438061312
1!
#1438063024
1"
#1438063352
0"
#1438561304
0!
#1438563016
1"
#1438563144
0"
#1439061304
1!
#1439063016
1"
#1439063344
0"
#1439561304
0!
#1439563016
1"
#1439563144
0"
#1440061312
1!
#1440063024
1"
#1440063352
0"
#1440561304
0!
#1440563016
1"
#1440563144
0"
#1441061304
1!
#1441063016
1"
#1441063344
0"
#1441561304
0!
#1441563016
1"
#1441563144
0"
#1442061312
1!
#1442063024
1"
#1442063352
0"
#1442561304
0!
#1442563016
1"
#1442563144
0"
#1443061304
1!
#1443063016
1"
#1443063344
0"
#1443561304
0!
#1443563016
1"
#1443563144
0"
#1444061312
1!
#1444063024
1"
#1444063352
0"
#1444561304
0!
#1444563016
1"
#1444563144
0"
#1445061304
1!
#1445063016
1"
#1445063344
0"
#1445561304
0!
#1445563016
1"
#1445563144
0"
#1446061312
1!
#1446063024
1"
#1446063352
0"
#1446561304
0!
#1446563016
1"
#1446563144
0"
#1447061304
1!
#1447063016
1"
#1447063344
0"
#1447561304
0!
#1447563016
1"
#1447563144
0"
#1448061312
1!
#1448063024
1"
#1448063352
0"
#1448561304
0!
#1448563016
1"
#1448563144
0"
#1449061304
1!
#1449063016
1"
#1449063344
0"
#1449561304
0!
#1449563016
1"
#1449563144
0"
#1450061312
1!
#1450063024
1"
#1450063352
0"
#1450561304
0!
#1450563016
1"
#1450563144
0"
#1451061304
1!
#1451063016
1"
#1451063344
0"
#1451561304
0!
#1451563016
1"
#1451563144
0"
#1452061312
1!
#1452063024
1"
#1452063352
0"
#1452561304
0!
#1452563016
1"
#1452563144
0"
#1453061304
1!
#1453063016
1"
#1453063344
0"
#1453561304
0!
#1453563016
1"
#1453563144
0"
#1454061312
1!
#1454063024
1"
#1454063352
0"
#1454561304
0!
#1454563016
1"
#1454563144
0"
#1455061304
1!
#1455063016
1"
#1455063344
0"
#1455561304
0!
#1455563016
1"
#1455563144
0"
#1456061312
1!
#1456063024
1"
#1456063352
0"
#1456561304
0!
#1456563016
1"
#1456563144
0"
#1457061304
1!
#1457063016
1"
#1457063344
0"
#1457561304
0!
#1457563016
1"
#1457563144
0"
#1458061312
1!
#1458063024
1"
#1458063352
0"
#1458561304
0!
#1458563016
1"
#1458563144
0"
#1459061304
1!
#1459063016
1"
#1459063344
0"
#1459561304
0!
#1459563016
1"
#1459563144
0"
#1460061312
1!
#1460063024
1"
#1460063352
0"
#1460561304
0!
#1460563016
1"
#1460563144
0"
#1461061304
1!
#1461063016
1"
#1461063344
0"
#1461561304
0!
#1461563016
1"
#1461563144
0"
#1462061312
1!
#1462063024
1"
#1462063352
0"
#1462561304
0!
#1462563016
1"
#1462563144
0"
#1463061304
1!
#1463063016
1"
#1463063344
0"
#1463561304
0!
#1463563016
1"
#1463563144
0"
#1464061312
1!
#1464063024
1"
#1464063352
0"
#1464561304
0!
#1464563016
1"
#1464563144
0"
#1465061304
1!
#1465063016
1"
#1465063344
0"
#1465561304
0!
#1465563016
1"
#1465563144
0"
#1466061312
1!
#1466063024
1"
#1466063352
0"
#1466561304
0!
#1466563016
1"
#1466563144
0"
#1467061304
1!
#1467063016
1"
#1467063344
0"
#1467561304
0!
#1467563016
1"
#1467563144
0"
#1468061312
1!
#1468063024
1"
#1468063352
0"
#1468561304
0!
#1468563016
1"
#1468563144
0"
#1469061304
1!
#1469063016
1"
#1469063344
0"
#1469561304
0!
#1469563016
1"
#1469563144
0"
#1470061312
1!
#1470063024
1"
#1470063352
0"
#1470561304
0!
#1470563016
1"
#1470563144
0"
#1471061304
1!
#1471063016
1"
#1471063344
0"
#1471561304
0!
#1471563016
1"
#1471563144
0"
#1472061312
1!
#1472063024
1"
#1472063352
0"
#1472561304
0!
#1472563016
1"
#1472563144
0"
#1473061304
1!
#1473063016
1"
#1473063344
0"
#1473561304
0!
#1473563016
1"
#1473563144
0"
#1474061312
1!
#1474063024
1"
#1474063352
0"
#1474561304
0!
#1474563016
1"
#1474563144
0"
#1475061304
1!
#1475063016
1"
#1475063344
0"
#1475561304
0!
#1475563016
1"
#1475563144
0"
#1476061312
1!
#1476063024
1"
#1476063352
0"
#1476561304
0!
#1476563016
1"
#1476563144
0"
#1477061304
1!
#1477063016
1"
#1477063344
0"
#1477561304
0!
#1477563016
1"
#1477563144
0"
#1478061312
1!
#1478063024
1"
#1478063352
0"
#1478561304
0!
#1478563016
1"
#1478563144
0"
#1479061304
1!
#1479063016
1"
#1479063344
0"
#1479561304
0!
#1479563016
1"
#1479563144
0"
#1480061312
1!
#1480063024
1"
#1480063352
0"
#1480561304
0!
#1480563016
1"
#1480563144
0"
#1481061304
1!
#1481063016
1"
#1481063344
0"
#1481561304
0!
#1481563016
1"
#1481563144
0"
#1482061312
1!
#1482063024
1"
#1482063352
0"
#1482561304
0!
#1482563016
1"
#1482563144
0"
#1483061304
1!
#1483063016
1"
#1483063344
0"
#1483561304
0!
#1483563016
1"
#1483563144
0"
#1484061312
1!
#1484063024
1"
#1484063352
0"
#1484561304
0!
#1484563016
1"
#1484563144
0"
#1485061304
1!
#1485063016
1"
#1485063344
0"
#1485561304
0!
#1485563016
1"
#1485563144
0"
#1486061312
1!
#1486063024
1"
#1486063352
0"
#1486561304
0!
#1486563016
1"
#1486563144
0"
#1487061304
1!
#1487063016
1"
#1487063344
0"
#1487561304
0!
#1487563016
1"
#1487563144
0"
#1488061312
1!
#1488063024
1"
#1488063352
0"
#1488561304
0!
#1488563016
1"
#1488563144
0"
#1489061304
1!
#1489063016
1"
#1489063344
0"
#1489561304
0!
#1489563016
1"
#1489563144
0"
#1490061312
1!
#1490063024
1"
#1490063352
0"
#1490561304
0!
#1490563016
1"
#1490563144
0"
#1491061304
1!
#1491063016
1"
#1491063344
0"
#1491561304
0!
#1491563016
1"
#1491563144
0"
#1492061312
1!
#1492063024
1"
#1492063352
0"
#1492561304
0!
#1492563016
1"
#1492563144
0"
#1493061304
1!
#1493063016
1"
#1493063344
0"
#1493561304
0!
#1493563016
1"
#1493563144
0"
#1494061312
1!
#1494063024
1"
#1494063352
0"
#1494561304
0!
#1494563016
1"
#1494563144
0"
#1495061304
1!
#1495063016
1"
#1495063344
0"
#1495561304
0!
#1495563016
1"
#1495563144
0"
#1496061312
1!
#1496063024
1"
#1496063352
0"
#1496561304
0!
#1496563016
1"
#1496563144
0"
#1497061304
1!
#1497063016
1"
#1497063344
0"
#1497561304
0!
#1497563016
1"
#1497563144
0"
#1498061312
1!
#1498063024
1"
#1498063352
0"
#1498561304
0!
#1498563016
1"
#1498563144
0"
#1499061304
1!
#1499063016
1"
#1499063344
0"
#1499561304
0!
#1499563016
1"
#1499563144
0"
#1500061312
1!
#1500063024
1"
#1500063352
0"
#1500561304
0!
#1500563016
1"
#1500563144
0"
#1501061304
1!
#1501063016
1"
#1501063344
0"
#1501561304
0!
#1501563016
1"
#1501563144
0"
#1502061312
1!
#1502063024
1"
#1502063352
0"
#1502561304
0!
#1502563016
1"
#1502563144
0"
#1503061304
1!
#1503063016
1"
#1503063344
0"
#1503561304
0!
#1503563016
1"
#1503563144
0"
#1504061312
1!
#1504063024
1"
#1504063352
0"
#1504561304
0!
#1504563016
1"
#1504563144
0"
#1505061304
1!
#1505063016
1"
#1505063344
0"
#1505561304
0!
#1505563016
1"
#1505563144
0"
#1506061312
1!
#1506063024
1"
#1506063352
0"
#1506561304
0!
#1506563016
1"
#1506563144
0"
#1507061304
1!
#1507063016
1"
#1507063344
0"
#1507561304
0!
#1507563016
1"
#1507563144
0"
#1508061312
1!
#1508063024
1"
#1508063352
0"
#1508561304
0!
#1508563016
1"
#1508563144
0"
#1509061304
1!
#1509063016
1"
#1509063344
0"
#1509561304
0!
#1509563016
1"
#1509563144
0"
#1510061312
1!
#1510063024
1"
#1510063352
0"
#1510561304
0!
#1510563016
1"
#1510563144
0"
#1511061304
1!
#1511063016
1"
#1511063344
0"
#1511561304
0!
#1511563016
1"
#1511563144
0"
#1512061312
1!
#1512063024
1"
#1512063352
0"
#1512561304
0!
#1512563016
1"
#1512563144
0"
#1513061304
1!
#1513063016
1"
#1513063344
0"
#1513561304
0!
#1513563016
1"
#1513563144
0"
#1514061312
1!
#1514063024
1"
#1514063352
0"
#1514561304
0!
#1514563016
1"
#1514563144
0"
#1515061304
1!
#1515063016
1"
#1515063344
0"
#1515561304
0!
#1515563016
1"
#1515563144
0"
#1516061312
1!
#1516063024
1"
#1516063352
0"
#1516561304
0!
#1516563016
1"
#1516563144
0"
#1517061304
1!
#1517063016
1"
#1517063344
0"
#1517561304
0!
#1517563016
1"
#1517563144
0"
#1518061312
1!
#1518063024
1"
#1518063352
0"
#1518561304
0!
#1518563016
1"
#1518563144
0"
#1519061304
1!
#1519063016
1"
#1519063344
0"
#1519561304
0!
#1519563016
1"
#1519563144
0"
#1520061312
1!
#1520063024
1"
#1520063352
0"
#1520561304
0!
#1520563016
1"
#1520563144
0"
#1521061304
1!
#1521063016
1"
#1521063344
0"
#1521561304
0!
#1521563016
1"
#1521563144
0"
#1522061312
1!
#1522063024
1"
#1522063352
0"
#1522561304
0!
#1522563016
1"
#1522563144
0"
#1523061304
1!
#1523063016
1"
#1523063344
0"
#1523561304
0!
#1523563016
1"
#1523563144
0"
#1524061312
1!
#1524063024
1"
#1524063352
0"
#1524561304
0!
#1524563016
1"
#1524563144
0"
#1525061304
1!
#1525063016
1"
#1525063344
0"
#1525561304
0!
#1525563016
1"
#1525563144
0"
#1526061312
1!
#1526063024
1"
#1526063352
0"
#1526561304
0!
#1526563016
1"
#1526563144
0"
#1527061304
1!
#1527063016
1"
#1527063344
0"
#1527561304
0!
#1527563016
1"
#1527563144
0"
#1528061312
1!
#1528063024
1"
#1528063352
0"
#1528561304
0!
#1528563016
1"
#1528563144
0"
#1529061304
1!
#1529063016
1"
#1529063344
0"
#1529561304
0!
#1529563016
1"
#1529563144
0"
#1530061312
1!
#1530063024
1"
#1530063352
0"
#1530561304
0!
#1530563016
1"
#1530563144
0"
#1531061304
1!
#1531063016
1"
#1531063344
0"
#1531561304
0!
#1531563016
1"
#1531563144
0"
#1532061312
1!
#1532063024
1"
#1532063352
0"
#1532561304
0!
#1532563016
1"
#1532563144
0"
#1533061304
1!
#1533063016
1"
#1533063344
0"
#1533561304
0!
#1533563016
1"
#1533563144
0"
#1534061312
1!
#1534063024
1"
#1534063352
0"
#1534561304
0!
#1534563016
1"
#1534563144
0"
#1535061304
1!
#1535063016
1"
#1535063344
0"
#1535561304
0!
#1535563016
1"
#1535563144
0"
#1536061312
1!
#1536063024
1"
#1536063352
0"
#1536561304
0!
#1536563016
1"
#1536563144
0"
#1537061304
1!
#1537063016
1"
#1537063344
0"
#1537561304
0!
#1537563016
1"
#1537563144
0"
#1538061312
1!
#1538063024
1"
#1538063352
0"
#1538561304
0!
#1538563016
1"
#1538563144
0"
#1539061304
1!
#1539063016
1"
#1539063344
0"
#1539561304
0!
#1539563016
1"
#1539563144
0"
#1540061312
1!
#1540063024
1"
#1540063352
0"
#1540561304
0!
#1540563016
1"
#1540563144
0"
#1541061304
1!
#1541063016
1"
#1541063344
0"
#1541561304
0!
#1541563016
1"
#1541563144
0"
#1542061312
1!
#1542063024
1"
#1542063352
0"
#1542561304
0!
#1542563016
1"
#1542563144
0"
#1543061304
1!
#1543063016
1"
#1543063344
0"
#1543561304
0!
#1543563016
1"
#1543563144
0"
#1544061312
1!
#1544063024
1"
#1544063352
0"
#1544561304
0!
#1544563016
1"
#1544563144
0"
#1545061304
1!
#1545063016
1"
#1545063344
0"
#1545561304
0!
#1545563016
1"
#1545563144
0"
#1546061312
1!
#1546063024
1"
#1546063352
0"
#1546561304
0!
#1546563016
1"
#1546563144
0"
#1547061304
1!
#1547063016
1"
#1547063344
0"
#1547561304
0!
#1547563016
1"
#1547563144
0"
#1548061312
1!
#1548063024
1"
#1548063352
0"
#1548561304
0!
#1548563016
1"
#1548563144
0"
#1549061304
1!
#1549063016
1"
#1549063344
0"
#1549561304
0!
#1549563016
1"
#1549563144
0"
#1550061312
1!
#1550063024
1"
#1550063352
0"
#1550561304
0!
#1550563016
1"
#1550563144
0"
#1551061304
1!
#1551063016
1"
#1551063344
0"
#1551561304
0!
#1551563016
1"
#1551563144
0"
#1552061312
1!
#1552063024
1"
#1552063352
0"
#1552561304
0!
#1552563016
1"
#1552563144
0"
#1553061304
1!
#1553063016
1"
#1553063344
0"
#1553561304
0!
#1553563016
1"
#1553563144
0"
#1554061312
1!
#1554063024
1"
#1554063352
0"
#1554561304
0!
#1554563016
1"
#1554563144
0"
#1555061304
1!
#1555063016
1"
#1555063344
0"
#1555561304
0!
#1555563016
1"
#1555563144
0"
#1556061312
1!
#1556063024
1"
#1556063352
0"
#1556561304
0!
#1556563016
1"
#1556563144
0"
#1557061304
1!
#1557063016
1"
#1557063344
0"
#1557561304
0!
#1557563016
1"
#1557563144
0"
#1558061312
1!
#1558063024
1"
#1558063352
0"
#1558561304
0!
#1558563016
1"
#1558563144
0"
#1559061304
1!
#1559063016
1"
#1559063344
0"
#1559561304
0!
#1559563016
1"
#1559563144
0"
#1560061312
1!
#1560063024
1"
#1560063352
0"
#1560561304
0!
#1560563016
1"
#1560563144
0"
#1561061304
1!
#1561063016
1"
#1561063344
0"
#1561561304
0!
#1561563016
1"
#1561563144
0"
#1562061312
1!
#1562063024
1"
#1562063352
0"
#1562561304
0!
#1562563016
1"
#1562563144
0"
#1563061304
1!
#1563063016
1"
#1563063344
0"
#1563561304
0!
#1563563016
1"
#1563563144
0"
#1564061312
1!
#1564063024
1"
#1564063352
0"
#1564561304
0!
#1564563016
1"
#1564563144
0"
#1565061304
1!
#1565063016
1"
#1565063344
0"
#1565561304
0!
#1565563016
1"
#1565563144
0"
#1566061312
1!
#1566063024
1"
#1566063352
0"
#1566561304
0!
#1566563016
1"
#1566563144
0"
#1567061304
1!
#1567063016
1"
#1567063344
0"
#1567561304
0!
#1567563016
1"
#1567563144
0"
#1568061312
1!
#1568063024
1"
#1568063352
0"
#1568561304
0!
#1568563016
1"
#1568563144
0"
#1569061304
1!
#1569063016
1"
#1569063344
0"
#1569561304
0!
#1569563016
1"
#1569563144
0"
#1570061312
1!
#1570063024
1"
#1570063352
0"
#1570561304
0!
#1570563016
1"
#1570563144
0"
#1571061304
1!
#1571063016
1"
#1571063344
0"
#1571561304
0!
#1571563016
1"
#1571563144
0"
#1572061312
1!
#1572063024
1"
#1572063352
0"
#1572561304
0!
#1572563016
1"
#1572563144
0"
#1573061304
1!
#1573063016
1"
#1573063344
0"
#1573561304
0!
#1573563016
1"
#1573563144
0"
#1574061312
1!
#1574063024
1"
#1574063352
0"
#1574561304
0!
#1574563016
1"
#1574563144
0"
#1575061304
1!
#1575063016
1"
#1575063344
0"
#1575561304
0!
#1575563016
1"
#1575563144
0"
#1576061312
1!
#1576063024
1"
#1576063352
0"
#1576561304
0!
#1576563016
1"
#1576563144
0"
#1577061304
1!
#1577063016
1"
#1577063344
0"
#1577561304
0!
#1577563016
1"
#1577563144
0"
#1578061312
1!
#1578063024
1"
#1578063352
0"
#1578561304
0!
#1578563016
1"
#1578563144
0"
#1579061304
1!
#1579063016
1"
#1579063344
0"
#1579561304
0!
#1579563016
1"
#1579563144
0"
#1580061312
1!
#1580063024
1"
#1580063352
0"
#1580561304
0!
#1580563016
1"
#1580563144
0"
#1581061304
1!
#1581063016
1"
#1581063344
0"
#1581561304
0!
#1581563016
1"
#1581563144
0"
#1582061312
1!
#1582063024
1"
#1582063352
0"
#1582561304
0!
#1582563016
1"
#1582563144
0"
#1583061304
1!
#1583063016
1"
#1583063344
0"
#1583561304
0!
#1583563016
1"
#1583563144
0"
#1584061312
1!
#1584063024
1"
#1584063352
0"
#1584561304
0!
#1584563016
1"
#1584563144
0"
#1585061304
1!
#1585063016
1"
#1585063344
0"
#1585561304
0!
#1585563016
1"
#1585563144
0"
#1586061312
1!
#1586063024
1"
#1586063352
0"
#1586561304
0!
#1586563016
1"
#1586563144
0"
#1587061304
1!
#1587063016
1"
#1587063344
0"
#1587561304
0!
#1587563016
1"
#1587563144
0"
#1588061312
1!
#1588063024
1"
#1588063352
0"
#1588561304
0!
#1588563016
1"
#1588563144
0"
#1589061304
1!
#1589063016
1"
#1589063344
0"
#1589561304
0!
#1589563016
1"
#1589563144
0"
#1590061312
1!
#1590063024
1"
#1590063352
0"
#1590561304
0!
#1590563016
1"
#1590563144
0"
#1591061304
1!
#1591063016
1"
#1591063344
0"
#1591561304
0!
#1591563016
1"
#1591563144
0"
#1592061312
1!
#1592063024
1"
#1592063352
0"
#1592561304
0!
#1592563016
1"
#1592563144
0"
#1593061304
1!
#1593063016
1"
#1593063344
0"
#1593561304
0!
#1593563016
1"
#1593563144
0"
#1594061312
1!
#1594063024
1"
#1594063352
0"
#1594561304
0!
#1594563016
1"
#1594563144
0"
#1595061304
1!
#1595063016
1"
#1595063344
0"
#1595561304
0!
#1595563016
1"
#1595563144
0"
#1596061312
1!
#1596063024
1"
#1596063352
0"
#1596561304
0!
#1596563016
1"
#1596563144
0"
#1597061304
1!
#1597063016
1"
#1597063344
0"
#1597561304
0!
#1597563016
1"
#1597563144
0"
#1598061312
1!
#1598063024
1"
#1598063352
0"
#1598561304
0!
#1598563016
1"
#1598563144
0"
#1599061304
1!
#1599063016
1"
#1599063344
0"
#1599561304
0!
#1599563016
1"
#1599563144
0"
#1600061312
1!
#1600063024
1"
#1600063352
0"
#1600561304
0!
#1600563016
1"
#1600563144
0"
#1601061304
1!
#1601063016
1"
#1601063344
0"
#1601561304
0!
#1601563016
1"
#1601563144
0"
#1602061312
1!
#1602063024
1"
#1602063352
0"
#1602561304
0!
#1602563016
1"
#1602563144
0"
#1603061304
1!
#1603063016
1"
#1603063344
0"
#1603561304
0!
#1603563016
1"
#1603563144
0"
#1604061312
1!
#1604063024
1"
#1604063352
0"
#1604561304
0!
#1604563016
1"
#1604563144
0"
#1605061304
1!
#1605063016
1"
#1605063344
0"
#1605561304
0!
#1605563016
1"
#1605563144
0"
#1606061312
1!
#1606063024
1"
#1606063352
0"
#1606561304
0!
#1606563016
1"
#1606563144
0"
#1607061304
1!
#1607063016
1"
#1607063344
0"
#1607561304
0!
#1607563016
1"
#1607563144
0"
#1608061312
1!
#1608063024
1"
#1608063352
0"
#1608561304
0!
#1608563016
1"
#1608563144
0"
#1609061304
1!
#1609063016
1"
#1609063344
0"
#1609561304
0!
#1609563016
1"
#1609563144
0"
#1610061312
1!
#1610063024
1"
#1610063352
0"
#1610561304
0!
#1610563016
1"
#1610563144
0"
#1611061304
1!
#1611063016
1"
#1611063344
0"
#1611561304
0!
#1611563016
1"
#1611563144
0"
#1612061312
1!
#1612063024
1"
#1612063352
0"
#1612561304
0!
#1612563016
1"
#1612563144
0"
#1613061304
1!
#1613063016
1"
#1613063344
0"
#1613561304
0!
#1613563016
1"
#1613563144
0"
#1614061312
1!
#1614063024
1"
#1614063352
0"
#1614561304
0!
#1614563016
1"
#1614563144
0"
#1615061304
1!
#1615063016
1"
#1615063344
0"
#1615561304
0!
#1615563016
1"
#1615563144
0"
#1616061312
1!
#1616063024
1"
#1616063352
0"
#1616561304
0!
#1616563016
1"
#1616563144
0"
#1617061304
1!
#1617063016
1"
#1617063344
0"
#1617561304
0!
#1617563016
1"
#1617563144
0"
#1618061312
1!
#1618063024
1"
#1618063352
0"
#1618561304
0!
#1618563016
1"
#1618563144
0"
#1619061304
1!
#1619063016
1"
#1619063344
0"
#1619561304
0!
#1619563016
1"
#1619563144
0"
#1620061312
1!
#1620063024
1"
#1620063352
0"
#1620561304
0!
#1620563016
1"
#1620563144
0"
#1621061304
1!
#1621063016
1"
#1621063344
0"
#1621561304
0!
#1621563016
1"
#1621563144
0"
#1622061312
1!
#1622063024
1"
#1622063352
0"
#1622561304
0!
#1622563016
1"
#1622563144
0"
#1623061304
1!
#1623063016
1"
#1623063344
0"
#1623561304
0!
#1623563016
1"
#1623563144
0"
#1624061312
1!
#1624063024
1"
#1624063352
0"
#1624561304
0!
#1624563016
1"
#1624563144
0"
#1625061304
1!
#1625063016
1"
#1625063344
0"
#1625561304
0!
#1625563016
1"
#1625563144
0"
#1626061312
1!
#1626063024
1"
#1626063352
0"
#1626561304
0!
#1626563016
1"
#1626563144
0"
#1627061304
1!
#1627063016
1"
#1627063344
0"
#1627561304
0!
#1627563016
1"
#1627563144
0"
#1628061312
1!
#1628063024
1"
#1628063352
0"
#1628561304
0!
#1628563016
1"
#1628563144
0"
#1629061304
1!
#1629063016
1"
#1629063344
0"
#1629561304
0!
#1629563016
1"
#1629563144
0"
#1630061312
1!
#1630063024
1"
#1630063352
0"
#1630561304
0!
#1630563016
1"
#1630563144
0"
#1631061304
1!
#1631063016
1"
#1631063344
0"
#1631561304
0!
#1631563016
1"
#1631563144
0"
#1632061312
1!
#1632063024
1"
#1632063352
0"
#1632561304
0!
#1632563016
1"
#1632563144
0"
#1633061304
1!
#1633063016
1"
#1633063344
0"
#1633561304
0!
#1633563016
1"
#1633563144
0"
#1634061312
1!
#1634063024
1"
#1634063352
0"
#1634561304
0!
#1634563016
1"
#1634563144
0"
#1635061304
1!
#1635063016
1"
#1635063344
0"
#1635561304
0!
#1635563016
1"
#1635563144
0"
#1636061312
1!
#1636063024
1"
#1636063352
0"
#1636561304
0!
#1636563016
1"
#1636563144
0"
#1637061304
1!
#1637063016
1"
#1637063344
0"
#1637561304
0!
#1637563016
1"
#1637563144
0"
#1638061312
1!
#1638063024
1"
#1638063352
0"
#1638561304
0!
#1638563016
1"
#1638563144
0"
#1639061304
1!
#1639063016
1"
#1639063344
0"
#1639561304
0!
#1639563016
1"
#1639563144
0"
#1640061312
1!
#1640063024
1"
#1640063352
0"
#1640561304
0!
#1640563016
1"
#1640563144
0"
#1641061304
1!
#1641063016
1"
#1641063344
0"
#1641561304
0!
#1641563016
1"
#1641563144
0"
#1642061312
1!
#1642063024
1"
#1642063352
0"
#1642561304
0!
#1642563016
1"
#1642563144
0"
#1643061304
1!
#1643063016
1"
#1643063344
0"
#1643561304
0!
#1643563016
1"
#1643563144
0"
#1644061312
1!
#1644063024
1"
#1644063352
0"
#1644561304
0!
#1644563016
1"
#1644563144
0"
#1645061304
1!
#1645063016
1"
#1645063344
0"
#1645561304
0!
#1645563016
1"
#1645563144
0"
#1646061312
1!
#1646063024
1"
#1646063352
0"
#1646561304
0!
#1646563016
1"
#1646563144
0"
#1647061304
1!
#1647063016
1"
#1647063344
0"
#1647561304
0!
#1647563016
1"
#1647563144
0"
#1648061312
1!
#1648063024
1"
#1648063352
0"
#1648561304
0!
#1648563016
1"
#1648563144
0"
#1649061304
1!
#1649063016
1"
#1649063344
0"
#1649561304
0!
#1649563016
1"
#1649563144
0"
#1650061312
1!
#1650063024
1"
#1650063352
0"
#1650561304
0!
#1650563016
1"
#1650563144
0"
#1651061304
1!
#1651063016
1"
#1651063344
0"
#1651561304
0!
#1651563016
1"
#1651563144
0"
#1652061312
1!
#1652063024
1"
#1652063352
0"
#1652561304
0!
#1652563016
1"
#1652563144
0"
#1653061304
1!
#1653063016
1"
#1653063344
0"
#1653561304
0!
#1653563016
1"
#1653563144
0"
#1654061312
1!
#1654063024
1"
#1654063352
0"
#1654561304
0!
#1654563016
1"
#1654563144
0"
#1655061304
1!
#1655063016
1"
#1655063344
0"
#1655561304
0!
#1655563016
1"
#1655563144
0"
#1656061312
1!
#1656063024
1"
#1656063352
0"
#1656561304
0!
#1656563016
1"
#1656563144
0"
#1657061304
1!
#1657063016
1"
#1657063344
0"
#1657561304
0!
#1657563016
1"
#1657563144
0"
#1658061312
1!
#1658063024
1"
#1658063352
0"
#1658561304
0!
#1658563016
1"
#1658563144
0"
#1659061304
1!
#1659063016
1"
#1659063344
0"
#1659561304
0!
#1659563016
1"
#1659563144
0"
#1660061312
1!
#1660063024
1"
#1660063352
0"
#1660561304
0!
#1660563016
1"
#1660563144
0"
#1661061304
1!
#1661063016
1"
#1661063344
0"
#1661561304
0!
#1661563016
1"
#1661563144
0"
#1662061312
1!
#1662063024
1"
#1662063352
0"
#1662561304
0!
#1662563016
1"
#1662563144
0"
#1663061304
1!
#1663063016
1"
#1663063344
0"
#1663561304
0!
#1663563016
1"
#1663563144
0"
#1664061312
1!
#1664063024
1"
#1664063352
0"
#1664561304
0!
#1664563016
1"
#1664563144
0"
#1665061304
1!
#1665063016
1"
#1665063344
0"
#1665561304
0!
#1665563016
1"
#1665563144
0"
#1666061312
1!
#1666063024
1"
#1666063352
0"
#1666561304
0!
#1666563016
1"
#1666563144
0"
#1667061304
1!
#1667063016
1"
#1667063344
0"
#1667561304
0!
#1667563016
1"
#1667563144
0"
#1668061312
1!
#1668063024
1"
#1668063352
0"
#1668561304
0!
#1668563016
1"
#1668563144
0"
#1669061304
1!
#1669063016
1"
#1669063344
0"
#1669561304
0!
#1669563016
1"
#1669563144
0"
#1670061312
1!
#1670063024
1"
#1670063352
0"
#1670561304
0!
#1670563016
1"
#1670563144
0"
#1671061304
1!
#1671063016
1"
#1671063344
0"
#1671561304
0!
#1671563016
1"
#1671563144
0"
#1672061312
1!
#1672063024
1"
#1672063352
0"
#1672561304
0!
#1672563016
1"
#1672563144
0"
#1673061304
1!
#1673063016
1"
#1673063344
0"
#1673561304
0!
#1673563016
1"
#1673563144
0"
#1674061312
1!
#1674063024
1"
#1674063352
0"
#1674561304
0!
#1674563016
1"
#1674563144
0"
#1675061304
1!
#1675063016
1"
#1675063344
0"
#1675561304
0!
#1675563016
1"
#1675563144
0"
#1676061312
1!
#1676063024
1"
#1676063352
0"
#1676561304
0!
#1676563016
1"
#1676563144
0"
#1677061304
1!
#1677063016
1"
#1677063344
0"
#1677561304
0!
#1677563016
1"
#1677563144
0"
#1678061312
1!
#1678063024
1"
#1678063352
0"
#1678561304
0!
#1678563016
1"
#1678563144
0"
#1679061304
1!
#1679063016
1"
#1679063344
0"
#1679561304
0!
#1679563016
1"
#1679563144
0"
#1680061312
1!
#1680063024
1"
#1680063352
0"
#1680561304
0!
#1680563016
1"
#1680563144
0"
#1681061304
1!
#1681063016
1"
#1681063344
0"
#1681561304
0!
#1681563016
1"
#1681563144
0"
#1682061312
1!
#1682063024
1"
#1682063352
0"
#1682561304
0!
#1682563016
1"
#1682563144
0"
#1683061304
1!
#1683063016
1"
#1683063344
0"
#1683561304
0!
#1683563016
1"
#1683563144
0"
#1684061312
1!
#1684063024
1"
#1684063352
0"
#1684561304
0!
#1684563016
1"
#1684563144
0"
#1685061304
1!
#1685063016
1"
#1685063344
0"
#1685561304
0!
#1685563016
1"
#1685563144
0"
#1686061312
1!
#1686063024
1"
#1686063352
0"
#1686561304
0!
#1686563016
1"
#1686563144
0"
#1687061304
1!
#1687063016
1"
#1687063344
0"
#1687561304
0!
#1687563016
1"
#1687563144
0"
#1688061312
1!
#1688063024
1"
#1688063352
0"
#1688561304
0!
#1688563016
1"
#1688563144
0"
#1689061304
1!
#1689063016
1"
#1689063344
0"
#1689561304
0!
#1689563016
1"
#1689563144
0"
#1690061312
1!
#1690063024
1"
#1690063352
0"
#1690561304
0!
#1690563016
1"
#1690563144
0"
#1691061304
1!
#1691063016
1"
#1691063344
0"
#1691561304
0!
#1691563016
1"
#1691563144
0"
#1692061312
1!
#1692063024
1"
#1692063352
0"
#1692561304
0!
#1692563016
1"
#1692563144
0"
#1693061304
1!
#1693063016
1"
#1693063344
0"
#1693561304
0!
#1693563016
1"
#1693563144
0"
#1694061312
1!
#1694063024
1"
#1694063352
0"
#1694561304
0!
#1694563016
1"
#1694563144
0"
#1695061304
1!
#1695063016
1"
#1695063344
0"
#1695561304
0!
#1695563016
1"
#1695563144
0"
#1696061312
1!
#1696063024
1"
#1696063352
0"
#1696561304
0!
#1696563016
1"
#1696563144
0"
#1697061304
1!
#1697063016
1"
#1697063344
0"
#1697561304
0!
#1697563016
1"
#1697563144
0"
#1698061312
1!
#1698063024
1"
#1698063352
0"
#1698561304
0!
#1698563016
1"
#1698563144
0"
#1699061304
1!
#1699063016
1"
#1699063344
0"
#1699561304
0!
#1699563016
1"
#1699563144
0"
#1700061312
1!
#1700063024
1"
#1700063352
0"
#1700561304
0!
#1700563016
1"
#1700563144
0"
#1701061304
1!
#1701063016
1"
#1701063344
0"
#1701561304
0!
#1701563016
1"
#1701563144
0"
#1702061312
1!
#1702063024
1"
#1702063352
0"
#1702561304
0!
#1702563016
1"
#1702563144
0"
#1703061304
1!
#1703063016
1"
#1703063344
0"
#1703561304
0!
#1703563016
1"
#1703563144
0"
#1704061312
1!
#1704063024
1"
#1704063352
0"
#1704561304
0!
#1704563016
1"
#1704563144
0"
#1705061304
1!
#1705063016
1"
#1705063344
0"
#1705561304
0!
#1705563016
1"
#1705563144
0"
#1706061312
1!
#1706063024
1"
#1706063352
0"
#1706561304
0!
#1706563016
1"
#1706563144
0"
#1707061304
1!
#1707063016
1"
#1707063344
0"
#1707561304
0!
#1707563016
1"
#1707563144
0"
#1708061312
1!
#1708063024
1"
#1708063352
0"
#1708561304
0!
#1708563016
1"
#1708563144
0"
#1709061304
1!
#1709063016
1"
#1709063344
0"
#1709561304
0!
#1709563016
1"
#1709563144
0"
#1710061312
1!
#1710063024
1"
#1710063352
0"
#1710561304
0!
#1710563016
1"
#1710563144
0"
#1711061304
1!
#1711063016
1"
#1711063344
0"
#1711561304
0!
#1711563016
1"
#1711563144
0"
#1712061312
1!
#1712063024
1"
#1712063352
0"
#1712561304
0!
#1712563016
1"
#1712563144
0"
#1713061304
1!
#1713063016
1"
#1713063344
0"
#1713561304
0!
#1713563016
1"
#1713563144
0"
#1714061312
1!
#1714063024
1"
#1714063352
0"
#1714561304
0!
#1714563016
1"
#1714563144
0"
#1715061304
1!
#1715063016
1"
#1715063344
0"
#1715561304
0!
#1715563016
1"
#1715563144
0"
#1716061312
1!
#1716063024
1"
#1716063352
0"
#1716561304
0!
#1716563016
1"
#1716563144
0"
#1717061304
1!
#1717063016
1"
#1717063344
0"
#1717561304
0!
#1717563016
1"
#1717563144
0"
#1718061312
1!
#1718063024
1"
#1718063352
0"
#1718561304
0!
#1718563016
1"
#1718563144
0"
#1719061304
1!
#1719063016
1"
#1719063344
0"
#1719561304
0!
#1719563016
1"
#1719563144
0"
#1720061312
1!
#1720063024
1"
#1720063352
0"
#1720561304
0!
#1720563016
1"
#1720563144
0"
#1721061304
1!
#1721063016
1"
#1721063344
0"
#1721561304
0!
#1721563016
1"
#1721563144
0"
#1722061312
1!
#1722063024
1"
#1722063352
0"
#1722561304
0!
#1722563016
1"
#1722563144
0"
#1723061304
1!
#1723063016
1"
#1723063344
0"
#1723561304
0!
#1723563016
1"
#1723563144
0"
#1724061312
1!
#1724063024
1"
#1724063352
0"
#1724561304
0!
#1724563016
1"
#1724563144
0"
#1725061304
1!
#1725063016
1"
#1725063344
0"
#1725561304
0!
#1725563016
1"
#1725563144
0"
#1726061312
1!
#1726063024
1"
#1726063352
0"
#1726561304
0!
#1726563016
1"
#1726563144
0"
#1727061304
1!
#1727063016
1"
#1727063344
0"
#1727561304
0!
#1727563016
1"
#1727563144
0"
#1728061312
1!
#1728063024
1"
#1728063352
0"
#1728561304
0!
#1728563016
1"
#1728563144
0"
#1729061304
1!
#1729063016
1"
#1729063344
0"
#1729561304
0!
#1729563016
1"
#1729563144
0"
#1730061312
1!
#1730063024
1"
#1730063352
0"
#1730561304
0!
#1730563016
1"
#1730563144
0"
#1731061304
1!
#1731063016
1"
#1731063344
0"
#1731561304
0!
#1731563016
1"
#1731563144
0"
#1732061312
1!
#1732063024
1"
#1732063352
0"
#1732561304
0!
#1732563016
1"
#1732563144
0"
#1733061304
1!
#1733063016
1"
#1733063344
0"
#1733561304
0!
#1733563016
1"
#1733563144
0"
#1734061312
1!
#1734063024
1"
#1734063352
0"
#1734561304
0!
#1734563016
1"
#1734563144
0"
#1735061304
1!
#1735063016
1"
#1735063344
0"
#1735561304
0!
#1735563016
1"
#1735563144
0"
#1736061312
1!
#1736063024
1"
#1736063352
0"
#1736561304
0!
#1736563016
1"
#1736563144
0"
#1737061304
1!
#1737063016
1"
#1737063344
0"
#1737561304
0!
#1737563016
1"
#1737563144
0"
#1738061312
1!
#1738063024
1"
#1738063352
0"
#1738561304
0!
#1738563016
1"
#1738563144
0"
#1739061304
1!
#1739063016
1"
#1739063344
0"
#1739561304
0!
#1739563016
1"
#1739563144
0"
#1740061312
1!
#1740063024
1"
#1740063352
0"
#1740561304
0!
#1740563016
1"
#1740563144
0"
#1741061304
1!
#1741063016
1"
#1741063344
0"
#1741561304
0!
#1741563016
1"
#1741563144
0"
#1742061312
1!
#1742063024
1"
#1742063352
0"
#1742561304
0!
#1742563016
1"
#1742563144
0"
#1743061304
1!
#1743063016
1"
#1743063344
0"
#1743561304
0!
#1743563016
1"
#1743563144
0"
#1744061312
1!
#1744063024
1"
#1744063352
0"
#1744561304
0!
#1744563016
1"
#1744563144
0"
#1745061304
1!
#1745063016
1"
#1745063344
0"
#1745561304
0!
#1745563016
1"
#1745563144
0"
#1746061312
1!
#1746063024
1"
#1746063352
0"
#1746561304
0!
#1746563016
1"
#1746563144
0"
#1747061304
1!
#1747063016
1"
#1747063344
0"
#1747561304
0!
#1747563016
1"
#1747563144
0"
#1748061312
1!
#1748063024
1"
#1748063352
0"
#1748561304
0!
#1748563016
1"
#1748563144
0"
#1749061304
1!
#1749063016
1"
#1749063344
0"
#1749561304
0!
#1749563016
1"
#1749563144
0"
#1750061312
1!
#1750063024
1"
#1750063352
0"
#1750561304
0!
#1750563016
1"
#1750563144
0"
#1751061304
1!
#1751063016
1"
#1751063344
0"
#1751561304
0!
#1751563016
1"
#1751563144
0"
#1752061312
1!
#1752063024
1"
#1752063352
0"
#1752561304
0!
#1752563016
1"
#1752563144
0"
#1753061304
1!
#1753063016
1"
#1753063344
0"
#1753561304
0!
#1753563016
1"
#1753563144
0"
#1754061312
1!
#1754063024
1"
#1754063352
0"
#1754561304
0!
#1754563016
1"
#1754563144
0"
#1755061304
1!
#1755063016
1"
#1755063344
0"
#1755561304
0!
#1755563016
1"
#1755563144
0"
#1756061312
1!
#1756063024
1"
#1756063352
0"
#1756561304
0!
#1756563016
1"
#1756563144
0"
#1757061304
1!
#1757063016
1"
#1757063344
0"
#1757561304
0!
#1757563016
1"
#1757563144
0"
#1758061312
1!
#1758063024
1"
#1758063352
0"
#1758561304
0!
#1758563016
1"
#1758563144
0"
#1759061304
1!
#1759063016
1"
#1759063344
0"
#1759561304
0!
#1759563016
1"
#1759563144
0"
#1760061312
1!
#1760063024
1"
#1760063352
0"
#1760561304
0!
#1760563016
1"
#1760563144
0"
#1761061304
1!
#1761063016
1"
#1761063344
0"
#1761561304
0!
#1761563016
1"
#1761563144
0"
#1762061312
1!
#1762063024
1"
#1762063352
0"
#1762561304
0!
#1762563016
1"
#1762563144
0"
#1763061304
1!
#1763063016
1"
#1763063344
0"
#1763561304
0!
#1763563016
1"
#1763563144
0"
#1764061312
1!
#1764063024
1"
#1764063352
0"
#1764561304
0!
#1764563016
1"
#1764563144
0"
#1765061304
1!
#1765063016
1"
#1765063344
0"
#1765561304
0!
#1765563016
1"
#1765563144
0"
#1766061312
1!
#1766063024
1"
#1766063352
0"
#1766561304
0!
#1766563016
1"
#1766563144
0"
#1767061304
1!
#1767063016
1"
#1767063344
0"
#1767561304
0!
#1767563016
1"
#1767563144
0"
#1768061312
1!
#1768063024
1"
#1768063352
0"
#1768561304
0!
#1768563016
1"
#1768563144
0"
#1769061304
1!
#1769063016
1"
#1769063344
0"
#1769561304
0!
#1769563016
1"
#1769563144
0"
#1770061312
1!
#1770063024
1"
#1770063352
0"
#1770561304
0!
#1770563016
1"
#1770563144
0"
#1771061304
1!
#1771063016
1"
#1771063344
0"
#1771561304
0!
#1771563016
1"
#1771563144
0"
#1772061312
1!
#1772063024
1"
#1772063352
0"
#1772561304
0!
#1772563016
1"
#1772563144
0"
#1773061304
1!
#1773063016
1"
#1773063344
0"
#1773561304
0!
#1773563016
1"
#1773563144
0"
#1774061312
1!
#1774063024
1"
#1774063352
0"
#1774561304
0!
#1774563016
1"
#1774563144
0"
#1775061304
1!
#1775063016
1"
#1775063344
0"
#1775561304
0!
#1775563016
1"
#1775563144
0"
#1776061312
1!
#1776063024
1"
#1776063352
0"
#1776561304
0!
#1776563016
1"
#1776563144
0"
#1777061304
1!
#1777063016
1"
#1777063344
0"
#1777561304
0!
#1777563016
1"
#1777563144
0"
#1778061312
1!
#1778063024
1"
#1778063352
0"
#1778561304
0!
#1778563016
1"
#1778563144
0"
#1779061304
1!
#1779063016
1"
#1779063344
0"
#1779561304
0!
#1779563016
1"
#1779563144
0"
#1780061312
1!
#1780063024
1"
#1780063352
0"
#1780561304
0!
#1780563016
1"
#1780563144
0"
#1781061304
1!
#1781063016
1"
#1781063344
0"
#1781561304
0!
#1781563016
1"
#1781563144
0"
#1782061312
1!
#1782063024
1"
#1782063352
0"
#1782561304
0!
#1782563016
1"
#1782563144
0"
#1783061304
1!
#1783063016
1"
#1783063344
0"
#1783561304
0!
#1783563016
1"
#1783563144
0"
#1784061312
1!
#1784063024
1"
#1784063352
0"
#1784561304
0!
#1784563016
1"
#1784563144
0"
#1785061304
1!
#1785063016
1"
#1785063344
0"
#1785561304
0!
#1785563016
1"
#1785563144
0"
#1786061312
1!
#1786063024
1"
#1786063352
0"
#1786561304
0!
#1786563016
1"
#1786563144
0"
#1787061304
1!
#1787063016
1"
#1787063344
0"
#1787561304
0!
#1787563016
1"
#1787563144
0"
#1788061312
1!
#1788063024
1"
#1788063352
0"
#1788561304
0!
#1788563016
1"
#1788563144
0"
#1789061304
1!
#1789063016
1"
#1789063344
0"
#1789561304
0!
#1789563016
1"
#1789563144
0"
#1790061312
1!
#1790063024
1"
#1790063352
0"
#1790561304
0!
#1790563016
1"
#1790563144
0"
#1791061304
1!
#1791063016
1"
#1791063344
0"
#1791561304
0!
#1791563016
1"
#1791563144
0"
#1792061312
1!
#1792063024
1"
#1792063352
0"
#1792561304
0!
#1792563016
1"
#1792563144
0"
#1793061304
1!
#1793063016
1"
#1793063344
0"
#1793561304
0!
#1793563016
1"
#1793563144
0"
#1794061312
1!
#1794063024
1"
#1794063352
0"
#1794561304
0!
#1794563016
1"
#1794563144
0"
#1795061304
1!
#1795063016
1"
#1795063344
0"
#1795561304
0!
#1795563016
1"
#1795563144
0"
#1796061312
1!
#1796063024
1"
#1796063352
0"
#1796561304
0!
#1796563016
1"
#1796563144
0"
#1797061304
1!
#1797063016
1"
#1797063344
0"
#1797561304
0!
#1797563016
1"
#1797563144
0"
#1798061312
1!
#1798063024
1"
#1798063352
0"
#1798561304
0!
#1798563016
1"
#1798563144
0"
#1799061304
1!
#1799063016
1"
#1799063344
0"
#1799561304
0!
#1799563016
1"
#1799563144
0"
#1800061312
1!
#1800063024
1"
#1800063352
0"
#1800561304
0!
#1800563016
1"
#1800563144
0"
#1801061304
1!
#1801063016
1"
#1801063344
0"
#1801561304
0!
#1801563016
1"
#1801563144
0"
#1802061312
1!
#1802063024
1"
#1802063352
0"
#1802561304
0!
#1802563016
1"
#1802563144
0"
#1803061304
1!
#1803063016
1"
#1803063344
0"
#1803561304
0!
#1803563016
1"
#1803563144
0"
#1804061312
1!
#1804063024
1"
#1804063352
0"
#1804561304
0!
#1804563016
1"
#1804563144
0"
#1805061304
1!
#1805063016
1"
#1805063344
0"
#1805561304
0!
#1805563016
1"
#1805563144
0"
#1806061312
1!
#1806063024
1"
#1806063352
0"
#1806561304
0!
#1806563016
1"
#1806563144
0"
#1807061304
1!
#1807063016
1"
#1807063344
0"
#1807561304
0!
#1807563016
1"
#1807563144
0"
#1808061312
1!
#1808063024
1"
#1808063352
0"
#1808561304
0!
#1808563016
1"
#1808563144
0"
#1809061304
1!
#1809063016
1"
#1809063344
0"
#1809561304
0!
#1809563016
1"
#1809563144
0"
#1810061312
1!
#1810063024
1"
#1810063352
0"
#1810561304
0!
#1810563016
1"
#1810563144
0"
#1811061304
1!
#1811063016
1"
#1811063344
0"
#1811561304
0!
#1811563016
1"
#1811563144
0"
#1812061312
1!
#1812063024
1"
#1812063352
0"
#1812561304
0!
#1812563016
1"
#1812563144
0"
#1813061304
1!
#1813063016
1"
#1813063344
0"
#1813561304
0!
#1813563016
1"
#1813563144
0"
#1814061312
1!
#1814063024
1"
#1814063352
0"
#1814561304
0!
#1814563016
1"
#1814563144
0"
#1815061304
1!
#1815063016
1"
#1815063344
0"
#1815561304
0!
#1815563016
1"
#1815563144
0"
#1816061312
1!
#1816063024
1"
#1816063352
0"
#1816561304
0!
#1816563016
1"
#1816563144
0"
#1817061304
1!
#1817063016
1"
#1817063344
0"
#1817561304
0!
#1817563016
1"
#1817563144
0"
#1818061312
1!
#1818063024
1"
#1818063352
0"
#1818561304
0!
#1818563016
1"
#1818563144
0"
#1819061304
1!
#1819063016
1"
#1819063344
0"
#1819561304
0!
#1819563016
1"
#1819563144
0"
#1820061312
1!
#1820063024
1"
#1820063352
0"
#1820561304
0!
#1820563016
1"
#1820563144
0"
#1821061304
1!
#1821063016
1"
#1821063344
0"
#1821561304
0!
#1821563016
1"
#1821563144
0"
#1822061312
1!
#1822063024
1"
#1822063352
0"
#1822561304
0!
#1822563016
1"
#1822563144
0"
#1823061304
1!
#1823063016
1"
#1823063344
0"
#1823561304
0!
#1823563016
1"
#1823563144
0"
#1824061312
1!
#1824063024
1"
#1824063352
0"
#1824561304
0!
#1824563016
1"
#1824563144
0"
#1825061304
1!
#1825063016
1"
#1825063344
0"
#1825561304
0!
#1825563016
1"
#1825563144
0"
#1826061312
1!
#1826063024
1"
#1826063352
0"
#1826561304
0!
#1826563016
1"
#1826563144
0"
#1827061304
1!
#1827063016
1"
#1827063344
0"
#1827561304
0!
#1827563016
1"
#1827563144
0"
#1828061312
1!
#1828063024
1"
#1828063352
0"
#1828561304
0!
#1828563016
1"
#1828563144
0"
#1829061304
1!
#1829063016
1"
#1829063344
0"
#1829561304
0!
#1829563016
1"
#1829563144
0"
#1830061312
1!
#1830063024
1"
#1830063352
0"
#1830561304
0!
#1830563016
1"
#1830563144
0"
#1831061304
1!
#1831063016
1"
#1831063344
0"
#1831561304
0!
#1831563016
1"
#1831563144
0"
#1832061312
1!
#1832063024
1"
#1832063352
0"
#1832561304
0!
#1832563016
1"
#1832563144
0"
#1833061304
1!
#1833063016
1"
#1833063344
0"
#1833561304
0!
#1833563016
1"
#1833563144
0"
#1834061312
1!
#1834063024
1"
#1834063352
0"
#1834561304
0!
#1834563016
1"
#1834563144
0"
#1835061304
1!
#1835063016
1"
#1835063344
0"
#1835561304
0!
#1835563016
1"
#1835563144
0"
#1836061312
1!
#1836063024
1"
#1836063352
0"
#1836561304
0!
#1836563016
1"
#1836563144
0"
#1837061304
1!
#1837063016
1"
#1837063344
0"
#1837561304
0!
#1837563016
1"
#1837563144
0"
#1838061312
1!
#1838063024
1"
#1838063352
0"
#1838561304
0!
#1838563016
1"
#1838563144
0"
#1839061304
1!
#1839063016
1"
#1839063344
0"
#1839561304
0!
#1839563016
1"
#1839563144
0"
#1840061312
1!
#1840063024
1"
#1840063352
0"
#1840561304
0!
#1840563016
1"
#1840563144
0"
#1841061304
1!
#1841063016
1"
#1841063344
0"
#1841561304
0!
#1841563016
1"
#1841563144
0"
#1842061312
1!
#1842063024
1"
#1842063352
0"
#1842561304
0!
#1842563016
1"
#1842563144
0"
#1843061304
1!
#1843063016
1"
#1843063344
0"
#1843561304
0!
#1843563016
1"
#1843563144
0"
#1844061312
1!
#1844063024
1"
#1844063352
0"
#1844561304
0!
#1844563016
1"
#1844563144
0"
#1845061304
1!
#1845063016
1"
#1845063344
0"
#1845561304
0!
#1845563016
1"
#1845563144
0"
#1846061312
1!
#1846063024
1"
#1846063352
0"
#1846561304
0!
#1846563016
1"
#1846563144
0"
#1847061304
1!
#1847063016
1"
#1847063344
0"
#1847561304
0!
#1847563016
1"
#1847563144
0"
#1848061312
1!
#1848063024
1"
#1848063352
0"
#1848561304
0!
#1848563016
1"
#1848563144
0"
#1849061304
1!
#1849063016
1"
#1849063344
0"
#1849561304
0!
#1849563016
1"
#1849563144
0"
#1850061312
1!
#1850063024
1"
#1850063352
0"
#1850561304
0!
#1850563016
1"
#1850563144
0"
#1851061304
1!
#1851063016
1"
#1851063344
0"
#1851561304
0!
#1851563016
1"
#1851563144
0"
#1852061312
1!
#1852063024
1"
#1852063352
0"
#1852561304
0!
#1852563016
1"
#1852563144
0"
#1853061304
1!
#1853063016
1"
#1853063344
0"
#1853561304
0!
#1853563016
1"
#1853563144
0"
#1854061312
1!
#1854063024
1"
#1854063352
0"
#1854561304
0!
#1854563016
1"
#1854563144
0"
#1855061304
1!
#1855063016
1"
#1855063344
0"
#1855561304
0!
#1855563016
1"
#1855563144
0"
#1856061312
1!
#1856063024
1"
#1856063352
0"
#1856561304
0!
#1856563016
1"
#1856563144
0"
#1857061304
1!
#1857063016
1"
#1857063344
0"
#1857561304
0!
#1857563016
1"
#1857563144
0"
#1858061312
1!
#1858063024
1"
#1858063352
0"
#1858561304
0!
#1858563016
1"
#1858563144
0"
#1859061304
1!
#1859063016
1"
#1859063344
0"
#1859561304
0!
#1859563016
1"
#1859563144
0"
#1860061312
1!
#1860063024
1"
#1860063352
0"
#1860561304
0!
#1860563016
1"
#1860563144
0"
#1861061304
1!
#1861063016
1"
#1861063344
0"
#1861561304
0!
#1861563016
1"
#1861563144
0"
#1862061312
1!
#1862063024
1"
#1862063352
0"
#1862561304
0!
#1862563016
1"
#1862563144
0"
#1863061304
1!
#1863063016
1"
#1863063344
0"
#1863561304
0!
#1863563016
1"
#1863563144
0"
#1864061312
1!
#1864063024
1"
#1864063352
0"
#1864561304
0!
#1864563016
1"
#1864563144
0"
#1865061304
1!
#1865063016
1"
#1865063344
0"
#1865561304
0!
#1865563016
1"
#1865563144
0"
#1866061312
1!
#1866063024
1"
#1866063352
0"
#1866561304
0!
#1866563016
1"
#1866563144
0"
#1867061304
1!
#1867063016
1"
#1867063344
0"
#1867561304
0!
#1867563016
1"
#1867563144
0"
#1868061312
1!
#1868063024
1"
#1868063352
0"
#1868561304
0!
#1868563016
1"
#1868563144
0"
#1869061304
1!
#1869063016
1"
#1869063344
0"
#1869561304
0!
#1869563016
1"
#1869563144
0"
#1870061312
1!
#1870063024
1"
#1870063352
0"
#1870561304
0!
#1870563016
1"
#1870563144
0"
#1871061304
1!
#1871063016
1"
#1871063344
0"
#1871561304
0!
#1871563016
1"
#1871563144
0"
#1872061312
1!
#1872063024
1"
#1872063352
0"
#1872561304
0!
#1872563016
1"
#1872563144
0"
#1873061304
1!
#1873063016
1"
#1873063344
0"
#1873561304
0!
#1873563016
1"
#1873563144
0"
#1874061312
1!
#1874063024
1"
#1874063352
0"
#1874561304
0!
#1874563016
1"
#1874563144
0"
#1875061304
1!
#1875063016
1"
#1875063344
0"
#1875561304
0!
#1875563016
1"
#1875563144
0"
#1876061312
1!
#1876063024
1"
#1876063352
0"
#1876561304
0!
#1876563016
1"
#1876563144
0"
#1877061304
1!
#1877063016
1"
#1877063344
0"
#1877561304
0!
#1877563016
1"
#1877563144
0"
#1878061312
1!
#1878063024
1"
#1878063352
0"
#1878561304
0!
#1878563016
1"
#1878563144
0"
#1879061304
1!
#1879063016
1"
#1879063344
0"
#1879561304
0!
#1879563016
1"
#1879563144
0"
#1880061312
1!
#1880063024
1"
#1880063352
0"
#1880561304
0!
#1880563016
1"
#1880563144
0"
#1881061304
1!
#1881063016
1"
#1881063344
0"
#1881561304
0!
#1881563016
1"
#1881563144
0"
#1882061312
1!
#1882063024
1"
#1882063352
0"
#1882561304
0!
#1882563016
1"
#1882563144
0"
#1883061304
1!
#1883063016
1"
#1883063344
0"
#1883561304
0!
#1883563016
1"
#1883563144
0"
#1884061312
1!
#1884063024
1"
#1884063352
0"
#1884561304
0!
#1884563016
1"
#1884563144
0"
#1885061304
1!
#1885063016
1"
#1885063344
0"
#1885561304
0!
#1885563016
1"
#1885563144
0"
#1886061312
1!
#1886063024
1"
#1886063352
0"
#1886561304
0!
#1886563016
1"
#1886563144
0"
#1887061304
1!
#1887063016
1"
#1887063344
0"
#1887561304
0!
#1887563016
1"
#1887563144
0"
#1888061312
1!
#1888063024
1"
#1888063352
0"
#1888561304
0!
#1888563016
1"
#1888563144
0"
#1889061304
1!
#1889063016
1"
#1889063344
0"
#1889561304
0!
#1889563016
1"
#1889563144
0"
#1890061312
1!
#1890063024
1"
#1890063352
0"
#1890561304
0!
#1890563016
1"
#1890563144
0"
#1891061304
1!
#1891063016
1"
#1891063344
0"
#1891561304
0!
#1891563016
1"
#1891563144
0"
#1892061312
1!
#1892063024
1"
#1892063352
0"
#1892561304
0!
#1892563016
1"
#1892563144
0"
#1893061304
1!
#1893063016
1"
#1893063344
0"
#1893561304
0!
#1893563016
1"
#1893563144
0"
#1894061312
1!
#1894063024
1"
#1894063352
0"
#1894561304
0!
#1894563016
1"
#1894563144
0"
#1895061304
1!
#1895063016
1"
#1895063344
0"
#1895561304
0!
#1895563016
1"
#1895563144
0"
#1896061312
1!
#1896063024
1"
#1896063352
0"
#1896561304
0!
#1896563016
1"
#1896563144
0"
#1897061304
1!
#1897063016
1"
#1897063344
0"
#1897561304
0!
#1897563016
1"
#1897563144
0"
#1898061312
1!
#1898063024
1"
#1898063352
0"
#1898561304
0!
#1898563016
1"
#1898563144
0"
#1899061304
1!
#1899063016
1"
#1899063344
0"
#1899561304
0!
#1899563016
1"
#1899563144
0"
#1900061312
1!
#1900063024
1"
#1900063352
0"
#1900561304
0!
#1900563016
1"
#1900563144
0"
#1901061304
1!
#1901063016
1"
#1901063344
0"
#1901561304
0!
#1901563016
1"
#1901563144
0"
#1902061312
1!
#1902063024
1"
#1902063352
0"
#1902561304
0!
#1902563016
1"
#1902563144
0"
#1903061304
1!
#1903063016
1"
#1903063344
0"
#1903561304
0!
#1903563016
1"
#1903563144
0"
#1904061312
1!
#1904063024
1"
#1904063352
0"
#1904561304
0!
#1904563016
1"
#1904563144
0"
#1905061304
1!
#1905063016
1"
#1905063344
0"
#1905561304
0!
#1905563016
1"
#1905563144
0"
#1906061312
1!
#1906063024
1"
#1906063352
0"
#1906561304
0!
#1906563016
1"
#1906563144
0"
#1907061304
1!
#1907063016
1"
#1907063344
0"
#1907561304
0!
#1907563016
1"
#1907563144
0"
#1908061312
1!
#1908063024
1"
#1908063352
0"
#1908561304
0!
#1908563016
1"
#1908563144
0"
#1909061304
1!
#1909063016
1"
#1909063344
0"
#1909561304
0!
#1909563016
1"
#1909563144
0"
#1910061312
1!
#1910063024
1"
#1910063352
0"
#1910561304
0!
#1910563016
1"
#1910563144
0"
#1911061304
1!
#1911063016
1"
#1911063344
0"
#1911561304
0!
#1911563016
1"
#1911563144
0"
#1912061312
1!
#1912063024
1"
#1912063352
0"
#1912561304
0!
#1912563016
1"
#1912563144
0"
#1913061304
1!
#1913063016
1"
#1913063344
0"
#1913561304
0!
#1913563016
1"
#1913563144
0"
#1914061312
1!
#1914063024
1"
#1914063352
0"
#1914561304
0!
#1914563016
1"
#1914563144
0"
#1915061304
1!
#1915063016
1"
#1915063344
0"
#1915561304
0!
#1915563016
1"
#1915563144
0"
#1916061312
1!
#1916063024
1"
#1916063352
0"
#1916561304
0!
#1916563016
1"
#1916563144
0"
#1917061304
1!
#1917063016
1"
#1917063344
0"
#1917561304
0!
#1917563016
1"
#1917563144
0"
#1918061312
1!
#1918063024
1"
#1918063352
0"
#1918561304
0!
#1918563016
1"
#1918563144
0"
#1919061304
1!
#1919063016
1"
#1919063344
0"
#1919561304
0!
#1919563016
1"
#1919563144
0"
#1920061312
1!
#1920063024
1"
#1920063352
0"
#1920561304
0!
#1920563016
1"
#1920563144
0"
#1921061304
1!
#1921063016
1"
#1921063344
0"
#1921561304
0!
#1921563016
1"
#1921563144
0"
#1922061312
1!
#1922063024
1"
#1922063352
0"
#1922561304
0!
#1922563016
1"
#1922563144
0"
#1923061304
1!
#1923063016
1"
#1923063344
0"
#1923561304
0!
#1923563016
1"
#1923563144
0"
#1924061312
1!
#1924063024
1"
#1924063352
0"
#1924561304
0!
#1924563016
1"
#1924563144
0"
#1925061304
1!
#1925063016
1"
#1925063344
0"
#1925561304
0!
#1925563016
1"
#1925563144
0"
#1926061312
1!
#1926063024
1"
#1926063352
0"
#1926561304
0!
#1926563016
1"
#1926563144
0"
#1927061304
1!
#1927063016
1"
#1927063344
0"
#1927561304
0!
#1927563016
1"
#1927563144
0"
#1928061312
1!
#1928063024
1"
#1928063352
0"
#1928561304
0!
#1928563016
1"
#1928563144
0"
#1929061304
1!
#1929063016
1"
#1929063344
0"
#1929561304
0!
#1929563016
1"
#1929563144
0"
#1930061312
1!
#1930063024
1"
#1930063352
0"
#1930561304
0!
#1930563016
1"
#1930563144
0"
#1931061304
1!
#1931063016
1"
#1931063344
0"
#1931561304
0!
#1931563016
1"
#1931563144
0"
#1932061312
1!
#1932063024
1"
#1932063352
0"
#1932561304
0!
#1932563016
1"
#1932563144
0"
#1933061304
1!
#1933063016
1"
#1933063344
0"
#1933561304
0!
#1933563016
1"
#1933563144
0"
#1934061312
1!
#1934063024
1"
#1934063352
0"
#1934561304
0!
#1934563016
1"
#1934563144
0"
#1935061304
1!
#1935063016
1"
#1935063344
0"
#1935561304
0!
#1935563016
1"
#1935563144
0"
#1936061312
1!
#1936063024
1"
#1936063352
0"
#1936561304
0!
#1936563016
1"
#1936563144
0"
#1937061304
1!
#1937063016
1"
#1937063344
0"
#1937561304
0!
#1937563016
1"
#1937563144
0"
#1938061312
1!
#1938063024
1"
#1938063352
0"
#1938561304
0!
#1938563016
1"
#1938563144
0"
#1939061304
1!
#1939063016
1"
#1939063344
0"
#1939561304
0!
#1939563016
1"
#1939563144
0"
#1940061312
1!
#1940063024
1"
#1940063352
0"
#1940561304
0!
#1940563016
1"
#1940563144
0"
#1941061304
1!
#1941063016
1"
#1941063344
0"
#1941561304
0!
#1941563016
1"
#1941563144
0"
#1942061312
1!
#1942063024
1"
#1942063352
0"
#1942561304
0!
#1942563016
1"
#1942563144
0"
#1943061304
1!
#1943063016
1"
#1943063344
0"
#1943561304
0!
#1943563016
1"
#1943563144
0"
#1944061312
1!
#1944063024
1"
#1944063352
0"
#1944561304
0!
#1944563016
1"
#1944563144
0"
#1945061304
1!
#1945063016
1"
#1945063344
0"
#1945561304
0!
#1945563016
1"
#1945563144
0"
#1946061312
1!
#1946063024
1"
#1946063352
0"
#1946561304
0!
#1946563016
1"
#1946563144
0"
#1947061304
1!
#1947063016
1"
#1947063344
0"
#1947561304
0!
#1947563016
1"
#1947563144
0"
#1948061312
1!
#1948063024
1"
#1948063352
0"
#1948561304
0!
#1948563016
1"
#1948563144
0"
#1949061304
1!
#1949063016
1"
#1949063344
0"
#1949561304
0!
#1949563016
1"
#1949563144
0"
#1950061312
1!
#1950063024
1"
#1950063352
0"
#1950561304
0!
#1950563016
1"
#1950563144
0"
#1951061304
1!
#1951063016
1"
#1951063344
0"
#1951561304
0!
#1951563016
1"
#1951563144
0"
#1952061312
1!
#1952063024
1"
#1952063352
0"
#1952561304
0!
#1952563016
1"
#1952563144
0"
#1953061304
1!
#1953063016
1"
#1953063344
0"
#1953561304
0!
#1953563016
1"
#1953563144
0"
#1954061312
1!
#1954063024
1"
#1954063352
0"
#1954561304
0!
#1954563016
1"
#1954563144
0"
#1955061304
1!
#1955063016
1"
#1955063344
0"
#1955561304
0!
#1955563016
1"
#1955563144
0"
#1956061312
1!
#1956063024
1"
#1956063352
0"
#1956561304
0!
#1956563016
1"
#1956563144
0"
#1957061304
1!
#1957063016
1"
#1957063344
0"
#1957561304
0!
#1957563016
1"
#1957563144
0"
#1958061312
1!
#1958063024
1"
#1958063352
0"
#1958561304
0!
#1958563016
1"
#1958563144
0"
#1959061304
1!
#1959063016
1"
#1959063344
0"
#1959561304
0!
#1959563016
1"
#1959563144
0"
#1960061312
1!
#1960063024
1"
#1960063352
0"
#1960561304
0!
#1960563016
1"
#1960563144
0"
#1961061304
1!
#1961063016
1"
#1961063344
0"
#1961561304
0!
#1961563016
1"
#1961563144
0"
#1962061312
1!
#1962063024
1"
#1962063352
0"
#1962561304
0!
#1962563016
1"
#1962563144
0"
#1963061304
1!
#1963063016
1"
#1963063344
0"
#1963561304
0!
#1963563016
1"
#1963563144
0"
#1964061312
1!
#1964063024
1"
#1964063352
0"
#1964561304
0!
#1964563016
1"
#1964563144
0"
#1965061304
1!
#1965063016
1"
#1965063344
0"
#1965561304
0!
#1965563016
1"
#1965563144
0"
#1966061312
1!
#1966063024
1"
#1966063352
0"
#1966561304
0!
#1966563016
1"
#1966563144
0"
#1967061304
1!
#1967063016
1"
#1967063344
0"
#1967561304
0!
#1967563016
1"
#1967563144
0"
#1968061312
1!
#1968063024
1"
#1968063352
0"
#1968561304
0!
#1968563016
1"
#1968563144
0"
#1969061304
1!
#1969063016
1"
#1969063344
0"
#1969561304
0!
#1969563016
1"
#1969563144
0"
#1970061312
1!
#1970063024
1"
#1970063352
0"
#1970561304
0!
#1970563016
1"
#1970563144
0"
#1971061304
1!
#1971063016
1"
#1971063344
0"
#1971561304
0!
#1971563016
1"
#1971563144
0"
#1972061312
1!
#1972063024
1"
#1972063352
0"
#1972561304
0!
#1972563016
1"
#1972563144
0"
#1973061304
1!
#1973063016
1"
#1973063344
0"
#1973561304
0!
#1973563016
1"
#1973563144
0"
#1974061312
1!
#1974063024
1"
#1974063352
0"
#1974561304
0!
#1974563016
1"
#1974563144
0"
#1975061304
1!
#1975063016
1"
#1975063344
0"
#1975561304
0!
#1975563016
1"
#1975563144
0"
#1976061312
1!
#1976063024
1"
#1976063352
0"
#1976561304
0!
#1976563016
1"
#1976563144
0"
#1977061304
1!
#1977063016
1"
#1977063344
0"
#1977561304
0!
#1977563016
1"
#1977563144
0"
#1978061312
1!
#1978063024
1"
#1978063352
0"
#1978561304
0!
#1978563016
1"
#1978563144
0"
#1979061304
1!
#1979063016
1"
#1979063344
0"
#1979561304
0!
#1979563016
1"
#1979563144
0"
#1980061312
1!
#1980063024
1"
#1980063352
0"
#1980561304
0!
#1980563016
1"
#1980563144
0"
#1981061304
1!
#1981063016
1"
#1981063344
0"
#1981561304
0!
#1981563016
1"
#1981563144
0"
#1982061312
1!
#1982063024
1"
#1982063352
0"
#1982561304
0!
#1982563016
1"
#1982563144
0"
#1983061304
1!
#1983063016
1"
#1983063344
0"
#1983561304
0!
#1983563016
1"
#1983563144
0"
#1984061312
1!
#1984063024
1"
#1984063352
0"
#1984561304
0!
#1984563016
1"
#1984563144
0"
#1985061304
1!
#1985063016
1"
#1985063344
0"
#1985561304
0!
#1985563016
1"
#1985563144
0"
#1986061312
1!
#1986063024
1"
#1986063352
0"
#1986561304
0!
#1986563016
1"
#1986563144
0"
#1987061304
1!
#1987063016
1"
#1987063344
0"
#1987561304
0!
#1987563016
1"
#1987563144
0"
#1988061312
1!
#1988063024
1"
#1988063352
0"
#1988561304
0!
#1988563016
1"
#1988563144
0"
#1989061304
1!
#1989063016
1"
#1989063344
0"
#1989561304
0!
#1989563016
1"
#1989563144
0"
#1990061312
1!
#1990063024
1"
#1990063352
0"
#1990561304
0!
#1990563016
1"
#1990563144
0"
#1991061304
1!
#1991063016
1"
#1991063344
0"
#1991561304
0!
#1991563016
1"
#1991563144
0"
#1992061312
1!
#1992063024
1"
#1992063352
0"
#1992561304
0!
#1992563016
1"
#1992563144
0"
#1993061304
1!
#1993063016
1"
#1993063344
0"
#1993561304
0!
#1993563016
1"
#1993563144
0"
#1994061312
1!
#1994063024
1"
#1994063352
0"
#1994561304
0!
#1994563016
1"
#1994563144
0"
#1995061304
1!
#1995063016
1"
#1995063344
0"
#1995561304
0!
#1995563016
1"
#1995563144
0"
#1996061312
1!
#1996063024
1"
#1996063352
0"
#1996561304
0!
#1996563016
1"
#1996563144
0"
#1997061304
1!
#1997063016
1"
#1997063344
0"
#1997561304
0!
#1997563016
1"
#1997563144
0"
#1998061312
1!
#1998063024
1"
#1998063352
0"
#1998561304
0!
#1998563016
1"
#1998563144
0"
#1999061304
1!
#1999063016
1"
#1999063344
0"
#1999561304
0!
#1999563016
1"
#1999563144
0"
#2000061312
1!
#2000063024
1"
#2000063352
0"
#2000561304
0!
#2000563016
1"
#2000563144
0"
#2001061312
1!
#2001063024
1"
#2001063352
0"
#2001561304
0!
#2001563016
1"
#2001563144
0"
#2002061312
1!
#2002063024
1"
#2002063352
0"
#2002561312
0!
#2002563024
1"
#2002563152
0"
#2003061304
1!
#2003063016
1"
#2003063344
0"
#2003561312
0!
#2003563024
1"
#2003563152
0"
#2004061312
1!
#2004063024
1"
#2004063352
0"
#2004561304
0!
#2004563016
1"
#2004563144
0"
#2005061312
1!
#2005063024
1"
#2005063352
0"
#2005561304
0!
#2005563016
1"
#2005563144
0"
#2006061312
1!
#2006063024
1"
#2006063352
0"
#2006561312
0!
#2006563024
1"
#2006563152
0"
#2007061304
1!
#2007063016
1"
#2007063344
0"
#2007561312
0!
#2007563024
1"
#2007563152
0"
#2008061312
1!
#2008063024
1"
#2008063352
0"
#2008561304
0!
#2008563016
1"
#2008563144
0"
#2009061312
1!
#2009063024
1"
#2009063352
0"
#2009561304
0!
#2009563016
1"
#2009563144
0"
#2010061312
1!
#2010063024
1"
#2010063352
0"
#2010561304
0!
#2010563016
1"
#2010563144
0"
#2011061304
1!
#2011063016
1"
#2011063344
0"
#2011561312
0!
#2011563024
1"
#2011563152
0"
#2012061312
1!
#2012063024
1"
#2012063352
0"
#2012561304
0!
#2012563016
1"
#2012563144
0"
#2013061312
1!
#2013063024
1"
#2013063352
0"
#2013561304
0!
#2013563016
1"
#2013563144
0"
#2014061312
1!
#2014063024
1"
#2014063352
0"
#2014561304
0!
#2014563016
1"
#2014563144
0"
#2015061304
1!
#2015063016
1"
#2015063344
0"
#2015561312
0!
#2015563024
1"
#2015563152
0"
#2016061312
1!
#2016063024
1"
#2016063352
0"
#2016561304
0!
#2016563016
1"
#2016563144
0"
#2017061312
1!
#2017063024
1"
#2017063352
0"
#2017561304
0!
#2017563016
1"
#2017563144
0"
#2018061312
1!
#2018063024
1"
#2018063352
0"
#2018561304
0!
#2018563016
1"
#2018563144
0"
#2019061304
1!
#2019063016
1"
#2019063344
0"
#2019561312
0!
#2019563024
1"
#2019563152
0"
#2020061312
1!
#2020063024
1"
#2020063352
0"
#2020561304
0!
#2020563016
1"
#2020563144
0"
#2021061312
1!
#2021063024
1"
#2021063352
0"
#2021561304
0!
#2021563016
1"
#2021563144
0"
#2022061312
1!
#2022063024
1"
#2022063352
0"
#2022561304
0!
#2022563016
1"
#2022563144
0"
#2023061304
1!
#2023063016
1"
#2023063344
0"
#2023561312
0!
#2023563024
1"
#2023563152
0"
#2024061312
1!
#2024063024
1"
#2024063352
0"
#2024561304
0!
#2024563016
1"
#2024563144
0"
#2025061312
1!
#2025063024
1"
#2025063352
0"
#2025561304
0!
#2025563016
1"
#2025563144
0"
#2026061312
1!
#2026063024
1"
#2026063352
0"
#2026561304
0!
#2026563016
1"
#2026563144
0"
#2027061304
1!
#2027063016
1"
#2027063344
0"
#2027561312
0!
#2027563024
1"
#2027563152
0"
#2028061312
1!
#2028063024
1"
#2028063352
0"
#2028561312
0!
#2028563024
1"
#2028563152
0"
#2029061312
1!
#2029063024
1"
#2029063352
0"
#2029561304
0!
#2029563016
1"
#2029563144
0"
#2030061312
1!
#2030063024
1"
#2030063352
0"
#2030561304
0!
#2030563016
1"
#2030563144
0"
#2031061304
1!
#2031063016
1"
#2031063344
0"
#2031561312
0!
#2031563024
1"
#2031563152
0"
#2032061312
1!
#2032063024
1"
#2032063352
0"
#2032561312
0!
#2032563024
1"
#2032563152
0"
#2033061312
1!
#2033063024
1"
#2033063352
0"
#2033561304
0!
#2033563016
1"
#2033563144
0"
#2034061312
1!
#2034063024
1"
#2034063352
0"
#2034561304
0!
#2034563016
1"
#2034563144
0"
#2035061304
1!
#2035063016
1"
#2035063344
0"
#2035561312
0!
#2035563024
1"
#2035563152
0"
#2036061312
1!
#2036063024
1"
#2036063352
0"
#2036561312
0!
#2036563024
1"
#2036563152
0"
#2037061312
1!
#2037063024
1"
#2037063352
0"
#2037561304
0!
#2037563016
1"
#2037563144
0"
#2038061312
1!
#2038063024
1"
#2038063352
0"
#2038561304
0!
#2038563016
1"
#2038563144
0"
#2039061304
1!
#2039063016
1"
#2039063344
0"
#2039561312
0!
#2039563024
1"
#2039563152
0"
#2040061312
1!
#2040063024
1"
#2040063352
0"
#2040561312
0!
#2040563024
1"
#2040563152
0"
#2041061312
1!
#2041063024
1"
#2041063352
0"
#2041561304
0!
#2041563016
1"
#2041563144
0"
#2042061312
1!
#2042063024
1"
#2042063352
0"
#2042561304
0!
#2042563016
1"
#2042563144
0"
#2043061304
1!
#2043063016
1"
#2043063344
0"
#2043561312
0!
#2043563024
1"
#2043563152
0"
#2044061312
1!
#2044063024
1"
#2044063352
0"
#2044561312
0!
#2044563024
1"
#2044563152
0"
#2045061312
1!
#2045063024
1"
#2045063352
0"
#2045561304
0!
#2045563016
1"
#2045563144
0"
#2046061312
1!
#2046063024
1"
#2046063352
0"
#2046561304
0!
#2046563016
1"
#2046563144
0"
#2047061304
1!
#2047063016
1"
#2047063344
0"
#2047561312
0!
#2047563024
1"
#2047563152
0"
#2048061312
1!
#2048063024
1"
#2048063352
0"
#2048561312
0!
#2048563024
1"
#2048563152
0"
#2049061312
1!
#2049063024
1"
#2049063352
0"
#2049561304
0!
#2049563016
1"
#2049563144
0"
#2050061312
1!
#2050063024
1"
#2050063352
0"
#2050561304
0!
#2050563016
1"
#2050563144
0"
#2051061304
1!
#2051063016
1"
#2051063344
0"
#2051561312
0!
#2051563024
1"
#2051563152
0"
#2052061312
1!
#2052063024
1"
#2052063352
0"
#2052561312
0!
#2052563024
1"
#2052563152
0"
#2053061312
1!
#2053063024
1"
#2053063352
0"
#2053561304
0!
#2053563016
1"
#2053563144
0"
#2054061312
1!
#2054063024
1"
#2054063352
0"
#2054561304
0!
#2054563016
1"
#2054563144
0"
#2055061304
1!
#2055063016
1"
#2055063344
0"
#2055561312
0!
#2055563024
1"
#2055563152
0"
#2056061312
1!
#2056063024
1"
#2056063352
0"
#2056561312
0!
#2056563024
1"
#2056563152
0"
#2057061312
1!
#2057063024
1"
#2057063352
0"
#2057561304
0!
#2057563016
1"
#2057563144
0"
#2058061312
1!
#2058063024
1"
#2058063352
0"
#2058561304
0!
#2058563016
1"
#2058563144
0"
#2059061304
1!
#2059063016
1"
#2059063344
0"
#2059561312
0!
#2059563024
1"
#2059563152
0"
#2060061312
1!
#2060063024
1"
#2060063352
0"
#2060561312
0!
#2060563024
1"
#2060563152
0"
#2061061312
1!
#2061063024
1"
#2061063352
0"
#2061561304
0!
#2061563016
1"
#2061563144
0"
#2062061312
1!
#2062063024
1"
#2062063352
0"
#2062561304
0!
#2062563016
1"
#2062563144
0"
#2063061304
1!
#2063063016
1"
#2063063344
0"
#2063561312
0!
#2063563024
1"
#2063563152
0"
#2064061312
1!
#2064063024
1"
#2064063352
0"
#2064561312
0!
#2064563024
1"
#2064563152
0"
#2065061312
1!
#2065063024
1"
#2065063352
0"
#2065561304
0!
#2065563016
1"
#2065563144
0"
#2066061312
1!
#2066063024
1"
#2066063352
0"
#2066561304
0!
#2066563016
1"
#2066563144
0"
#2067061304
1!
#2067063016
1"
#2067063344
0"
#2067561312
0!
#2067563024
1"
#2067563152
0"
#2068061312
1!
#2068063024
1"
#2068063352
0"
#2068561312
0!
#2068563024
1"
#2068563152
0"
#2069061312
1!
#2069063024
1"
#2069063352
0"
#2069561304
0!
#2069563016
1"
#2069563144
0"
#2070061312
1!
#2070063024
1"
#2070063352
0"
#2070561304
0!
#2070563016
1"
#2070563144
0"
#2071061304
1!
#2071063016
1"
#2071063344
0"
#2071561312
0!
#2071563024
1"
#2071563152
0"
#2072061312
1!
#2072063024
1"
#2072063352
0"
#2072561312
0!
#2072563024
1"
#2072563152
0"
#2073061304
1!
#2073063016
1"
#2073063344
0"
#2073561304
0!
#2073563016
1"
#2073563144
0"
#2074061312
1!
#2074063024
1"
#2074063352
0"
#2074561304
0!
#2074563016
1"
#2074563144
0"
#2075061304
1!
#2075063016
1"
#2075063344
0"
#2075561312
0!
#2075563024
1"
#2075563152
0"
#2076061312
1!
#2076063024
1"
#2076063352
0"
#2076561312
0!
#2076563024
1"
#2076563152
0"
#2077061304
1!
#2077063016
1"
#2077063344
0"
#2077561304
0!
#2077563016
1"
#2077563144
0"
#2078061312
1!
#2078063024
1"
#2078063352
0"
#2078561304
0!
#2078563016
1"
#2078563144
0"
#2079061304
1!
#2079063016
1"
#2079063344
0"
#2079561312
0!
#2079563024
1"
#2079563152
0"
#2080061312
1!
#2080063024
1"
#2080063352
0"
#2080561312
0!
#2080563024
1"
#2080563152
0"
#2081061304
1!
#2081063016
1"
#2081063344
0"
#2081561304
0!
#2081563016
1"
#2081563144
0"
#2082061312
1!
#2082063024
1"
#2082063352
0"
#2082561304
0!
#2082563016
1"
#2082563144
0"
#2083061304
1!
#2083063016
1"
#2083063344
0"
#2083561312
0!
#2083563024
1"
#2083563152
0"
#2084061312
1!
#2084063024
1"
#2084063352
0"
#2084561312
0!
#2084563024
1"
#2084563152
0"
#2085061304
1!
#2085063016
1"
#2085063344
0"
#2085561304
0!
#2085563016
1"
#2085563144
0"
#2086061312
1!
#2086063024
1"
#2086063352
0"
#2086561304
0!
#2086563016
1"
#2086563144
0"
#2087061304
1!
#2087063016
1"
#2087063344
0"
#2087561312
0!
#2087563024
1"
#2087563152
0"
#2088061312
1!
#2088063024
1"
#2088063352
0"
#2088561312
0!
#2088563024
1"
#2088563152
0"
#2089061304
1!
#2089063016
1"
#2089063344
0"
#2089561304
0!
#2089563016
1"
#2089563144
0"
#2090061312
1!
#2090063024
1"
#2090063352
0"
#2090561304
0!
#2090563016
1"
#2090563144
0"
#2091061312
1!
#2091063024
1"
#2091063352
0"
#2091561312
0!
#2091563024
1"
#2091563152
0"
#2092061312
1!
#2092063024
1"
#2092063352
0"
#2092561312
0!
#2092563024
1"
#2092563152
0"
#2093061304
1!
#2093063016
1"
#2093063344
0"
#2093561304
0!
#2093563016
1"
#2093563144
0"
#2094061312
1!
#2094063024
1"
#2094063352
0"
#2094561304
0!
#2094563016
1"
#2094563144
0"
#2095061312
1!
#2095063024
1"
#2095063352
0"
#2095561312
0!
#2095563024
1"
#2095563152
0"
#2096061312
1!
#2096063024
1"
#2096063352
0"
#2096561312
0!
#2096563024
1"
#2096563152
0"
#2097061304
1!
#2097063016
1"
#2097063344
0"
#2097561304
0!
#2097563016
1"
#2097563144
0"
#2098061312
1!
#2098063024
1"
#2098063352
0"
#2098561304
0!
#2098563016
1"
#2098563144
0"
#2099061312
1!
#2099063024
1"
#2099063352
0"
#2099561312
0!
#2099563024
1"
#2099563152
0"
#2100061312
1!
#2100063024
1"
#2100063352
0"
#2100561312
0!
#2100563024
1"
#2100563152
0"
#2101061304
1!
#2101063016
1"
#2101063344
0"
#2101561304
0!
#2101563016
1"
#2101563144
0"
#2102061312
1!
#2102063024
1"
#2102063352
0"
#2102561304
0!
#2102563016
1"
#2102563144
0"
#2103061312
1!
#2103063024
1"
#2103063352
0"
#2103561312
0!
#2103563024
1"
#2103563152
0"
#2104061312
1!
#2104063024
1"
#2104063352
0"
#2104561312
0!
#2104563024
1"
#2104563152
0"
#2105061304
1!
#2105063016
1"
#2105063344
0"
#2105561304
0!
#2105563016
1"
#2105563144
0"
#2106061312
1!
#2106063024
1"
#2106063352
0"
#2106561304
0!
#2106563016
1"
#2106563144
0"
#2107061312
1!
#2107063024
1"
#2107063352
0"
#2107561312
0!
#2107563024
1"
#2107563152
0"
#2108061312
1!
#2108063024
1"
#2108063352
0"
#2108561312
0!
#2108563024
1"
#2108563152
0"
#2109061304
1!
#2109063016
1"
#2109063344
0"
#2109561304
0!
#2109563016
1"
#2109563144
0"
#2110061312
1!
#2110063024
1"
#2110063352
0"
#2110561304
0!
#2110563016
1"
#2110563144
0"
#2111061312
1!
#2111063024
1"
#2111063352
0"
#2111561312
0!
#2111563024
1"
#2111563152
0"
#2112061312
1!
#2112063024
1"
#2112063352
0"
#2112561312
0!
#2112563024
1"
#2112563152
0"
#2113061304
1!
#2113063016
1"
#2113063344
0"
#2113561304
0!
#2113563016
1"
#2113563144
0"
#2114061312
1!
#2114063024
1"
#2114063352
0"
#2114561304
0!
#2114563016
1"
#2114563144
0"
#2115061312
1!
#2115063024
1"
#2115063352
0"
#2115561312
0!
#2115563024
1"
#2115563152
0"
#2116061312
1!
#2116063024
1"
#2116063352
0"
#2116561312
0!
#2116563024
1"
#2116563152
0"
#2117061304
1!
#2117063016
1"
#2117063344
0"
#2117561304
0!
#2117563016
1"
#2117563144
0"
#2118061312
1!
#2118063024
1"
#2118063352
0"
#2118561304
0!
#2118563016
1"
#2118563144
0"
#2119061312
1!
#2119063024
1"
#2119063352
0"
#2119561312
0!
#2119563024
1"
#2119563152
0"
#2120061312
1!
#2120063024
1"
#2120063352
0"
#2120561312
0!
#2120563024
1"
#2120563152
0"
#2121061304
1!
#2121063016
1"
#2121063344
0"
#2121561304
0!
#2121563016
1"
#2121563144
0"
#2122061312
1!
#2122063024
1"
#2122063352
0"
#2122561304
0!
#2122563016
1"
#2122563144
0"
#2123061312
1!
#2123063024
1"
#2123063352
0"
#2123561312
0!
#2123563024
1"
#2123563152
0"
#2124061312
1!
#2124063024
1"
#2124063352
0"
#2124561312
0!
#2124563024
1"
#2124563152
0"
#2125061304
1!
#2125063016
1"
#2125063344
0"
#2125561304
0!
#2125563016
1"
#2125563144
0"
#2126061312
1!
#2126063024
1"
#2126063352
0"
#2126561304
0!
#2126563016
1"
#2126563144
0"
#2127061312
1!
#2127063024
1"
#2127063352
0"
#2127561312
0!
#2127563024
1"
#2127563152
0"
#2128061312
1!
#2128063024
1"
#2128063352
0"
#2128561312
0!
#2128563024
1"
#2128563152
0"
#2129061304
1!
#2129063016
1"
#2129063344
0"
#2129561304
0!
#2129563016
1"
#2129563144
0"
#2130061312
1!
#2130063024
1"
#2130063352
0"
#2130561304
0!
#2130563016
1"
#2130563144
0"
#2131061312
1!
#2131063024
1"
#2131063352
0"
#2131561312
0!
#2131563024
1"
#2131563152
0"
#2132061312
1!
#2132063024
1"
#2132063352
0"
#2132561312
0!
#2132563024
1"
#2132563152
0"
#2133061304
1!
#2133063016
1"
#2133063344
0"
#2133561304
0!
#2133563016
1"
#2133563144
0"
#2134061312
1!
#2134063024
1"
#2134063352
0"
#2134561304
0!
#2134563016
1"
#2134563144
0"
#2135061312
1!
#2135063024
1"
#2135063352
0"
#2135561304
0!
#2135563016
1"
#2135563144
0"
#2136061312
1!
#2136063024
1"
#2136063352
0"
#2136561312
0!
#2136563024
1"
#2136563152
0"
#2137061304
1!
#2137063016
1"
#2137063344
0"
#2137561304
0!
#2137563016
1"
#2137563144
0"
#2138061312
1!
#2138063024
1"
#2138063352
0"
#2138561304
0!
#2138563016
1"
#2138563144
0"
#2139061312
1!
#2139063024
1"
#2139063352
0"
#2139561304
0!
#2139563016
1"
#2139563144
0"
#2140061312
1!
#2140063024
1"
#2140063352
0"
#2140561312
0!
#2140563024
1"
#2140563152
0"
#2141061304
1!
#2141063016
1"
#2141063344
0"
#2141561304
0!
#2141563016
1"
#2141563144
0"
#2142061312
1!
#2142063024
1"
#2142063352
0"
#2142561304
0!
#2142563016
1"
#2142563144
0"
#2143061312
1!
#2143063024
1"
#2143063352
0"
#2143561304
0!
#2143563016
1"
#2143563144
0"
#2144061312
1!
#2144063024
1"
#2144063352
0"
#2144561312
0!
#2144563024
1"
#2144563152
0"
#2145061304
1!
#2145063016
1"
#2145063344
0"
#2145561304
0!
#2145563016
1"
#2145563144
0"
#2146061312
1!
#2146063024
1"
#2146063352
0"
#2146561304
0!
#2146563016
1"
#2146563144
0"
#2147061312
1!
#2147063024
1"
#2147063352
0"
#2147561304
0!
#2147563016
1"
#2147563144
0"
#2148061312
1!
#2148063024
1"
#2148063352
0"
#2148561304
0!
#2148563016
1"
#2148563144
0"
#2149061304
1!
#2149063016
1"
#2149063344
0"
#2149561304
0!
#2149563016
1"
#2149563144
0"
#2150061312
1!
#2150063024
1"
#2150063352
0"
#2150561304
0!
#2150563016
1"
#2150563144
0"
#2151061304
1!
#2151063016
1"
#2151063344
0"
#2151561304
0!
#2151563016
1"
#2151563144
0"
#2152061312
1!
#2152063024
1"
#2152063352
0"
#2152561304
0!
#2152563016
1"
#2152563144
0"
#2153061304
1!
#2153063016
1"
#2153063344
0"
#2153561304
0!
#2153563016
1"
#2153563144
0"
#2154061312
1!
#2154063024
1"
#2154063352
0"
#2154561304
0!
#2154563016
1"
#2154563144
0"
#2155061304
1!
#2155063016
1"
#2155063344
0"
#2155561304
0!
#2155563016
1"
#2155563144
0"
#2156061312
1!
#2156063024
1"
#2156063352
0"
#2156561304
0!
#2156563016
1"
#2156563144
0"
#2157061304
1!
#2157063016
1"
#2157063344
0"
#2157561304
0!
#2157563016
1"
#2157563144
0"
#2158061312
1!
#2158063024
1"
#2158063352
0"
#2158561304
0!
#2158563016
1"
#2158563144
0"
#2159061304
1!
#2159063016
1"
#2159063344
0"
#2159561304
0!
#2159563016
1"
#2159563144
0"
#2160061312
1!
#2160063024
1"
#2160063352
0"
#2160561304
0!
#2160563016
1"
#2160563144
0"
#2161061304
1!
#2161063016
1"
#2161063344
0"
#2161561304
0!
#2161563016
1"
#2161563144
0"
#2162061312
1!
#2162063024
1"
#2162063352
0"
#2162561304
0!
#2162563016
1"
#2162563144
0"
#2163061304
1!
#2163063016
1"
#2163063344
0"
#2163561304
0!
#2163563016
1"
#2163563144
0"
#2164061312
1!
#2164063024
1"
#2164063352
0"
#2164561304
0!
#2164563016
1"
#2164563144
0"
#2165061304
1!
#2165063016
1"
#2165063344
0"
#2165561304
0!
#2165563016
1"
#2165563144
0"
#2166061312
1!
#2166063024
1"
#2166063352
0"
#2166561304
0!
#2166563016
1"
#2166563144
0"
#2167061304
1!
#2167063016
1"
#2167063344
0"
#2167561304
0!
#2167563016
1"
#2167563144
0"
#2168061312
1!
#2168063024
1"
#2168063352
0"
#2168561304
0!
#2168563016
1"
#2168563144
0"
#2169061304
1!
#2169063016
1"
#2169063344
0"
#2169561304
0!
#2169563016
1"
#2169563144
0"
#2170061312
1!
#2170063024
1"
#2170063352
0"
#2170561304
0!
#2170563016
1"
#2170563144
0"
#2171061304
1!
#2171063016
1"
#2171063344
0"
#2171561304
0!
#2171563016
1"
#2171563144
0"
#2172061312
1!
#2172063024
1"
#2172063352
0"
#2172561304
0!
#2172563016
1"
#2172563144
0"
#2173061304
1!
#2173063016
1"
#2173063344
0"
#2173561304
0!
#2173563016
1"
#2173563144
0"
#2174061312
1!
#2174063024
1"
#2174063352
0"
#2174561304
0!
#2174563016
1"
#2174563144
0"
#2175061304
1!
#2175063016
1"
#2175063344
0"
#2175561304
0!
#2175563016
1"
#2175563144
0"
#2176061312
1!
#2176063024
1"
#2176063352
0"
#2176561304
0!
#2176563016
1"
#2176563144
0"
#2177061304
1!
#2177063016
1"
#2177063344
0"
#2177561304
0!
#2177563016
1"
#2177563144
0"
#2178061312
1!
#2178063024
1"
#2178063352
0"
#2178561304
0!
#2178563016
1"
#2178563144
0"
#2179061304
1!
#2179063016
1"
#2179063344
0"
#2179561304
0!
#2179563016
1"
#2179563144
0"
#2180061312
1!
#2180063024
1"
#2180063352
0"
#2180561304
0!
#2180563016
1"
#2180563144
0"
#2181061304
1!
#2181063016
1"
#2181063344
0"
#2181561304
0!
#2181563016
1"
#2181563144
0"
#2182061312
1!
#2182063024
1"
#2182063352
0"
#2182561304
0!
#2182563016
1"
#2182563144
0"
#2183061304
1!
#2183063016
1"
#2183063344
0"
#2183561304
0!
#2183563016
1"
#2183563144
0"
#2184061312
1!
#2184063024
1"
#2184063352
0"
#2184561304
0!
#2184563016
1"
#2184563144
0"
#2185061304
1!
#2185063016
1"
#2185063344
0"
#2185561304
0!
#2185563016
1"
#2185563144
0"
#2186061312
1!
#2186063024
1"
#2186063352
0"
#2186561304
0!
#2186563016
1"
#2186563144
0"
#2187061304
1!
#2187063016
1"
#2187063344
0"
#2187561304
0!
#2187563016
1"
#2187563144
0"
#2188061312
1!
#2188063024
1"
#2188063352
0"
#2188561304
0!
#2188563016
1"
#2188563144
0"
#2189061304
1!
#2189063016
1"
#2189063344
0"
#2189561304
0!
#2189563016
1"
#2189563144
0"
#2190061312
1!
#2190063024
1"
#2190063352
0"
#2190561304
0!
#2190563016
1"
#2190563144
0"
#2191061304
1!
#2191063016
1"
#2191063344
0"
#2191561304
0!
#2191563016
1"
#2191563144
0"
#2192061312
1!
#2192063024
1"
#2192063352
0"
#2192561304
0!
#2192563016
1"
#2192563144
0"
#2193061304
1!
#2193063016
1"
#2193063344
0"
#2193561304
0!
#2193563016
1"
#2193563144
0"
#2194061312
1!
#2194063024
1"
#2194063352
0"
#2194561304
0!
#2194563016
1"
#2194563144
0"
#2195061304
1!
#2195063016
1"
#2195063344
0"
#2195561304
0!
#2195563016
1"
#2195563144
0"
#2196061312
1!
#2196063024
1"
#2196063352
0"
#2196561304
0!
#2196563016
1"
#2196563144
0"
#2197061304
1!
#2197063016
1"
#2197063344
0"
#2197561304
0!
#2197563016
1"
#2197563144
0"
#2198061312
1!
#2198063024
1"
#2198063352
0"
#2198561304
0!
#2198563016
1"
#2198563144
0"
#2199061304
1!
#2199063016
1"
#2199063344
0"
#2199561304
0!
#2199563016
1"
#2199563144
0"
#2200061312
1!
#2200063024
1"
#2200063352
0"
#2200561304
0!
#2200563016
1"
#2200563144
0"
#2201061304
1!
#2201063016
1"
#2201063344
0"
#2201561304
0!
#2201563016
1"
#2201563144
0"
#2202061312
1!
#2202063024
1"
#2202063352
0"
#2202561304
0!
#2202563016
1"
#2202563144
0"
#2203061304
1!
#2203063016
1"
#2203063344
0"
#2203561304
0!
#2203563016
1"
#2203563144
0"
#2204061312
1!
#2204063024
1"
#2204063352
0"
#2204561304
0!
#2204563016
1"
#2204563144
0"
#2205061304
1!
#2205063016
1"
#2205063344
0"
#2205561304
0!
#2205563016
1"
#2205563144
0"
#2206061312
1!
#2206063024
1"
#2206063352
0"
#2206561304
0!
#2206563016
1"
#2206563144
0"
#2207061304
1!
#2207063016
1"
#2207063344
0"
#2207561304
0!
#2207563016
1"
#2207563144
0"
#2208061312
1!
#2208063024
1"
#2208063352
0"
#2208561304
0!
#2208563016
1"
#2208563144
0"
#2209061304
1!
#2209063016
1"
#2209063344
0"
#2209561304
0!
#2209563016
1"
#2209563144
0"
#2210061312
1!
#2210063024
1"
#2210063352
0"
#2210561304
0!
#2210563016
1"
#2210563144
0"
#2211061304
1!
#2211063016
1"
#2211063344
0"
#2211561304
0!
#2211563016
1"
#2211563144
0"
#2212061312
1!
#2212063024
1"
#2212063352
0"
#2212561304
0!
#2212563016
1"
#2212563144
0"
#2213061304
1!
#2213063016
1"
#2213063344
0"
#2213561304
0!
#2213563016
1"
#2213563144
0"
#2214061312
1!
#2214063024
1"
#2214063352
0"
#2214561304
0!
#2214563016
1"
#2214563144
0"
#2215061304
1!
#2215063016
1"
#2215063344
0"
#2215561304
0!
#2215563016
1"
#2215563144
0"
#2216061312
1!
#2216063024
1"
#2216063352
0"
#2216561304
0!
#2216563016
1"
#2216563144
0"
#2217061304
1!
#2217063016
1"
#2217063344
0"
#2217561304
0!
#2217563016
1"
#2217563144
0"
#2218061312
1!
#2218063024
1"
#2218063352
0"
#2218561304
0!
#2218563016
1"
#2218563144
0"
#2219061304
1!
#2219063016
1"
#2219063344
0"
#2219561304
0!
#2219563016
1"
#2219563144
0"
#2220061312
1!
#2220063024
1"
#2220063352
0"
#2220561304
0!
#2220563016
1"
#2220563144
0"
#2221061304
1!
#2221063016
1"
#2221063344
0"
#2221561304
0!
#2221563016
1"
#2221563144
0"
#2222061312
1!
#2222063024
1"
#2222063352
0"
#2222561304
0!
#2222563016
1"
#2222563144
0"
#2223061304
1!
#2223063016
1"
#2223063344
0"
#2223561304
0!
#2223563016
1"
#2223563144
0"
#2224061312
1!
#2224063024
1"
#2224063352
0"
#2224561304
0!
#2224563016
1"
#2224563144
0"
#2225061304
1!
#2225063016
1"
#2225063344
0"
#2225561304
0!
#2225563016
1"
#2225563144
0"
#2226061312
1!
#2226063024
1"
#2226063352
0"
#2226561304
0!
#2226563016
1"
#2226563144
0"
#2227061304
1!
#2227063016
1"
#2227063344
0"
#2227561304
0!
#2227563016
1"
#2227563144
0"
#2228061312
1!
#2228063024
1"
#2228063352
0"
#2228561304
0!
#2228563016
1"
#2228563144
0"
#2229061304
1!
#2229063016
1"
#2229063344
0"
#2229561304
0!
#2229563016
1"
#2229563144
0"
#2230061312
1!
#2230063024
1"
#2230063352
0"
#2230561304
0!
#2230563016
1"
#2230563144
0"
#2231061304
1!
#2231063016
1"
#2231063344
0"
#2231561304
0!
#2231563016
1"
#2231563144
0"
#2232061312
1!
#2232063024
1"
#2232063352
0"
#2232561304
0!
#2232563016
1"
#2232563144
0"
#2233061304
1!
#2233063016
1"
#2233063344
0"
#2233561304
0!
#2233563016
1"
#2233563144
0"
#2234061312
1!
#2234063024
1"
#2234063352
0"
#2234561304
0!
#2234563016
1"
#2234563144
0"
#2235061304
1!
#2235063016
1"
#2235063344
0"
#2235561304
0!
#2235563016
1"
#2235563144
0"
#2236061312
1!
#2236063024
1"
#2236063352
0"
#2236561304
0!
#2236563016
1"
#2236563144
0"
#2237061304
1!
#2237063016
1"
#2237063344
0"
#2237561304
0!
#2237563016
1"
#2237563144
0"
#2238061312
1!
#2238063024
1"
#2238063352
0"
#2238561304
0!
#2238563016
1"
#2238563144
0"
#2239061304
1!
#2239063016
1"
#2239063344
0"
#2239561304
0!
#2239563016
1"
#2239563144
0"
#2240061312
1!
#2240063024
1"
#2240063352
0"
#2240561304
0!
#2240563016
1"
#2240563144
0"
#2241061304
1!
#2241063016
1"
#2241063344
0"
#2241561304
0!
#2241563016
1"
#2241563144
0"
#2242061312
1!
#2242063024
1"
#2242063352
0"
#2242561304
0!
#2242563016
1"
#2242563144
0"
#2243061304
1!
#2243063016
1"
#2243063344
0"
#2243561304
0!
#2243563016
1"
#2243563144
0"
#2244061312
1!
#2244063024
1"
#2244063352
0"
#2244561304
0!
#2244563016
1"
#2244563144
0"
#2245061304
1!
#2245063016
1"
#2245063344
0"
#2245561304
0!
#2245563016
1"
#2245563144
0"
#2246061312
1!
#2246063024
1"
#2246063352
0"
#2246561304
0!
#2246563016
1"
#2246563144
0"
#2247061304
1!
#2247063016
1"
#2247063344
0"
#2247561304
0!
#2247563016
1"
#2247563144
0"
#2248061312
1!
#2248063024
1"
#2248063352
0"
#2248561304
0!
#2248563016
1"
#2248563144
0"
#2249061304
1!
#2249063016
1"
#2249063344
0"
#2249561304
0!
#2249563016
1"
#2249563144
0"
#2250061312
1!
#2250063024
1"
#2250063352
0"
#2250561304
0!
#2250563016
1"
#2250563144
0"
#2251061304
1!
#2251063016
1"
#2251063344
0"
#2251561304
0!
#2251563016
1"
#2251563144
0"
#2252061312
1!
#2252063024
1"
#2252063352
0"
#2252561304
0!
#2252563016
1"
#2252563144
0"
#2253061304
1!
#2253063016
1"
#2253063344
0"
#2253561304
0!
#2253563016
1"
#2253563144
0"
#2254061312
1!
#2254063024
1"
#2254063352
0"
#2254561304
0!
#2254563016
1"
#2254563144
0"
#2255061304
1!
#2255063016
1"
#2255063344
0"
#2255561304
0!
#2255563016
1"
#2255563144
0"
#2256061312
1!
#2256063024
1"
#2256063352
0"
#2256561304
0!
#2256563016
1"
#2256563144
0"
#2257061304
1!
#2257063016
1"
#2257063344
0"
#2257561304
0!
#2257563016
1"
#2257563144
0"
#2258061312
1!
#2258063024
1"
#2258063352
0"
#2258561304
0!
#2258563016
1"
#2258563144
0"
#2259061304
1!
#2259063016
1"
#2259063344
0"
#2259561304
0!
#2259563016
1"
#2259563144
0"
#2260061312
1!
#2260063024
1"
#2260063352
0"
#2260561304
0!
#2260563016
1"
#2260563144
0"
#2261061304
1!
#2261063016
1"
#2261063344
0"
#2261561304
0!
#2261563016
1"
#2261563144
0"
#2262061312
1!
#2262063024
1"
#2262063352
0"
#2262561304
0!
#2262563016
1"
#2262563144
0"
#2263061304
1!
#2263063016
1"
#2263063344
0"
#2263561304
0!
#2263563016
1"
#2263563144
0"
#2264061312
1!
#2264063024
1"
#2264063352
0"
#2264561304
0!
#2264563016
1"
#2264563144
0"
#2265061304
1!
#2265063016
1"
#2265063344
0"
#2265561304
0!
#2265563016
1"
#2265563144
0"
#2266061312
1!
#2266063024
1"
#2266063352
0"
#2266561304
0!
#2266563016
1"
#2266563144
0"
#2267061304
1!
#2267063016
1"
#2267063344
0"
#2267561304
0!
#2267563016
1"
#2267563144
0"
#2268061312
1!
#2268063024
1"
#2268063352
0"
#2268561304
0!
#2268563016
1"
#2268563144
0"
#2269061304
1!
#2269063016
1"
#2269063344
0"
#2269561304
0!
#2269563016
1"
#2269563144
0"
#2270061312
1!
#2270063024
1"
#2270063352
0"
#2270561304
0!
#2270563016
1"
#2270563144
0"
#2271061304
1!
#2271063016
1"
#2271063344
0"
#2271561304
0!
#2271563016
1"
#2271563144
0"
#2272061312
1!
#2272063024
1"
#2272063352
0"
#2272561304
0!
#2272563016
1"
#2272563144
0"
#2273061304
1!
#2273063016
1"
#2273063344
0"
#2273561304
0!
#2273563016
1"
#2273563144
0"
#2274061312
1!
#2274063024
1"
#2274063352
0"
#2274561304
0!
#2274563016
1"
#2274563144
0"
#2275061304
1!
#2275063016
1"
#2275063344
0"
#2275561304
0!
#2275563016
1"
#2275563144
0"
#2276061312
1!
#2276063024
1"
#2276063352
0"
#2276561304
0!
#2276563016
1"
#2276563144
0"
#2277061304
1!
#2277063016
1"
#2277063344
0"
#2277561304
0!
#2277563016
1"
#2277563144
0"
#2278061312
1!
#2278063024
1"
#2278063352
0"
#2278561304
0!
#2278563016
1"
#2278563144
0"
#2279061304
1!
#2279063016
1"
#2279063344
0"
#2279561304
0!
#2279563016
1"
#2279563144
0"
#2280061312
1!
#2280063024
1"
#2280063352
0"
#2280561304
0!
#2280563016
1"
#2280563144
0"
#2281061304
1!
#2281063016
1"
#2281063344
0"
#2281561304
0!
#2281563016
1"
#2281563144
0"
#2282061312
1!
#2282063024
1"
#2282063352
0"
#2282561304
0!
#2282563016
1"
#2282563144
0"
#2283061304
1!
#2283063016
1"
#2283063344
0"
#2283561304
0!
#2283563016
1"
#2283563144
0"
#2284061312
1!
#2284063024
1"
#2284063352
0"
#2284561304
0!
#2284563016
1"
#2284563144
0"
#2285061304
1!
#2285063016
1"
#2285063344
0"
#2285561304
0!
#2285563016
1"
#2285563144
0"
#2286061312
1!
#2286063024
1"
#2286063352
0"
#2286561304
0!
#2286563016
1"
#2286563144
0"
#2287061304
1!
#2287063016
1"
#2287063344
0"
#2287561304
0!
#2287563016
1"
#2287563144
0"
#2288061312
1!
#2288063024
1"
#2288063352
0"
#2288561304
0!
#2288563016
1"
#2288563144
0"
#2289061304
1!
#2289063016
1"
#2289063344
0"
#2289561304
0!
#2289563016
1"
#2289563144
0"
#2290061312
1!
#2290063024
1"
#2290063352
0"
#2290561304
0!
#2290563016
1"
#2290563144
0"
#2291061304
1!
#2291063016
1"
#2291063344
0"
#2291561304
0!
#2291563016
1"
#2291563144
0"
#2292061312
1!
#2292063024
1"
#2292063352
0"
#2292561304
0!
#2292563016
1"
#2292563144
0"
#2293061304
1!
#2293063016
1"
#2293063344
0"
#2293561304
0!
#2293563016
1"
#2293563144
0"
#2294061312
1!
#2294063024
1"
#2294063352
0"
#2294561304
0!
#2294563016
1"
#2294563144
0"
#2295061304
1!
#2295063016
1"
#2295063344
0"
#2295561304
0!
#2295563016
1"
#2295563144
0"
#2296061312
1!
#2296063024
1"
#2296063352
0"
#2296561304
0!
#2296563016
1"
#2296563144
0"
#2297061304
1!
#2297063016
1"
#2297063344
0"
#2297561304
0!
#2297563016
1"
#2297563144
0"
#2298061312
1!
#2298063024
1"
#2298063352
0"
#2298561304
0!
#2298563016
1"
#2298563144
0"
#2299061304
1!
#2299063016
1"
#2299063344
0"
#2299561304
0!
#2299563016
1"
#2299563144
0"
#2300061312
1!
#2300063024
1"
#2300063352
0"
#2300561304
0!
#2300563016
1"
#2300563144
0"
#2301061304
1!
#2301063016
1"
#2301063344
0"
#2301561304
0!
#2301563016
1"
#2301563144
0"
#2302061312
1!
#2302063024
1"
#2302063352
0"
#2302561304
0!
#2302563016
1"
#2302563144
0"
#2303061304
1!
#2303063016
1"
#2303063344
0"
#2303561304
0!
#2303563016
1"
#2303563144
0"
#2304061312
1!
#2304063024
1"
#2304063352
0"
#2304561304
0!
#2304563016
1"
#2304563144
0"
#2305061304
1!
#2305063016
1"
#2305063344
0"
#2305561304
0!
#2305563016
1"
#2305563144
0"
#2306061312
1!
#2306063024
1"
#2306063352
0"
#2306561304
0!
#2306563016
1"
#2306563144
0"
#2307061304
1!
#2307063016
1"
#2307063344
0"
#2307561304
0!
#2307563016
1"
#2307563144
0"
#2308061312
1!
#2308063024
1"
#2308063352
0"
#2308561304
0!
#2308563016
1"
#2308563144
0"
#2309061304
1!
#2309063016
1"
#2309063344
0"
#2309561304
0!
#2309563016
1"
#2309563144
0"
#2310061312
1!
#2310063024
1"
#2310063352
0"
#2310561304
0!
#2310563016
1"
#2310563144
0"
#2311061304
1!
#2311063016
1"
#2311063344
0"
#2311561304
0!
#2311563016
1"
#2311563144
0"
#2312061312
1!
#2312063024
1"
#2312063352
0"
#2312561304
0!
#2312563016
1"
#2312563144
0"
#2313061304
1!
#2313063016
1"
#2313063344
0"
#2313561304
0!
#2313563016
1"
#2313563144
0"
#2314061312
1!
#2314063024
1"
#2314063352
0"
#2314561304
0!
#2314563016
1"
#2314563144
0"
#2315061304
1!
#2315063016
1"
#2315063344
0"
#2315561304
0!
#2315563016
1"
#2315563144
0"
#2316061312
1!
#2316063024
1"
#2316063352
0"
#2316561304
0!
#2316563016
1"
#2316563144
0"
#2317061304
1!
#2317063016
1"
#2317063344
0"
#2317561304
0!
#2317563016
1"
#2317563144
0"
#2318061312
1!
#2318063024
1"
#2318063352
0"
#2318561304
0!
#2318563016
1"
#2318563144
0"
#2319061304
1!
#2319063016
1"
#2319063344
0"
#2319561304
0!
#2319563016
1"
#2319563144
0"
#2320061312
1!
#2320063024
1"
#2320063352
0"
#2320561304
0!
#2320563016
1"
#2320563144
0"
#2321061304
1!
#2321063016
1"
#2321063344
0"
#2321561304
0!
#2321563016
1"
#2321563144
0"
#2322061312
1!
#2322063024
1"
#2322063352
0"
#2322561304
0!
#2322563016
1"
#2322563144
0"
#2323061304
1!
#2323063016
1"
#2323063344
0"
#2323561304
0!
#2323563016
1"
#2323563144
0"
#2324061312
1!
#2324063024
1"
#2324063352
0"
#2324561304
0!
#2324563016
1"
#2324563144
0"
#2325061304
1!
#2325063016
1"
#2325063344
0"
#2325561304
0!
#2325563016
1"
#2325563144
0"
#2326061312
1!
#2326063024
1"
#2326063352
0"
#2326561304
0!
#2326563016
1"
#2326563144
0"
#2327061304
1!
#2327063016
1"
#2327063344
0"
#2327561304
0!
#2327563016
1"
#2327563144
0"
#2328061312
1!
#2328063024
1"
#2328063352
0"
#2328561304
0!
#2328563016
1"
#2328563144
0"
#2329061304
1!
#2329063016
1"
#2329063344
0"
#2329561304
0!
#2329563016
1"
#2329563144
0"
#2330061312
1!
#2330063024
1"
#2330063352
0"
#2330561304
0!
#2330563016
1"
#2330563144
0"
#2331061304
1!
#2331063016
1"
#2331063344
0"
#2331561304
0!
#2331563016
1"
#2331563144
0"
#2332061312
1!
#2332063024
1"
#2332063352
0"
#2332561304
0!
#2332563016
1"
#2332563144
0"
#2333061304
1!
#2333063016
1"
#2333063344
0"
#2333561304
0!
#2333563016
1"
#2333563144
0"
#2334061312
1!
#2334063024
1"
#2334063352
0"
#2334561304
0!
#2334563016
1"
#2334563144
0"
#2335061304
1!
#2335063016
1"
#2335063344
0"
#2335561304
0!
#2335563016
1"
#2335563144
0"
#2336061312
1!
#2336063024
1"
#2336063352
0"
#2336561304
0!
#2336563016
1"
#2336563144
0"
#2337061304
1!
#2337063016
1"
#2337063344
0"
#2337561304
0!
#2337563016
1"
#2337563144
0"
#2338061312
1!
#2338063024
1"
#2338063352
0"
#2338561304
0!
#2338563016
1"
#2338563144
0"
#2339061304
1!
#2339063016
1"
#2339063344
0"
#2339561304
0!
#2339563016
1"
#2339563144
0"
#2340061312
1!
#2340063024
1"
#2340063352
0"
#2340561304
0!
#2340563016
1"
#2340563144
0"
#2341061304
1!
#2341063016
1"
#2341063344
0"
#2341561304
0!
#2341563016
1"
#2341563144
0"
#2342061312
1!
#2342063024
1"
#2342063352
0"
#2342561304
0!
#2342563016
1"
#2342563144
0"
#2343061304
1!
#2343063016
1"
#2343063344
0"
#2343561304
0!
#2343563016
1"
#2343563144
0"
#2344061312
1!
#2344063024
1"
#2344063352
0"
#2344561304
0!
#2344563016
1"
#2344563144
0"
#2345061304
1!
#2345063016
1"
#2345063344
0"
#2345561304
0!
#2345563016
1"
#2345563144
0"
#2346061312
1!
#2346063024
1"
#2346063352
0"
#2346561304
0!
#2346563016
1"
#2346563144
0"
#2347061304
1!
#2347063016
1"
#2347063344
0"
#2347561304
0!
#2347563016
1"
#2347563144
0"
#2348061312
1!
#2348063024
1"
#2348063352
0"
#2348561304
0!
#2348563016
1"
#2348563144
0"
#2349061304
1!
#2349063016
1"
#2349063344
0"
#2349561304
0!
#2349563016
1"
#2349563144
0"
#2350061312
1!
#2350063024
1"
#2350063352
0"
#2350561304
0!
#2350563016
1"
#2350563144
0"
#2351061304
1!
#2351063016
1"
#2351063344
0"
#2351561304
0!
#2351563016
1"
#2351563144
0"
#2352061312
1!
#2352063024
1"
#2352063352
0"
#2352561304
0!
#2352563016
1"
#2352563144
0"
#2353061304
1!
#2353063016
1"
#2353063344
0"
#2353561304
0!
#2353563016
1"
#2353563144
0"
#2354061312
1!
#2354063024
1"
#2354063352
0"
#2354561304
0!
#2354563016
1"
#2354563144
0"
#2355061304
1!
#2355063016
1"
#2355063344
0"
#2355561304
0!
#2355563016
1"
#2355563144
0"
#2356061312
1!
#2356063024
1"
#2356063352
0"
#2356561304
0!
#2356563016
1"
#2356563144
0"
#2357061304
1!
#2357063016
1"
#2357063344
0"
#2357561304
0!
#2357563016
1"
#2357563144
0"
#2358061312
1!
#2358063024
1"
#2358063352
0"
#2358561304
0!
#2358563016
1"
#2358563144
0"
#2359061304
1!
#2359063016
1"
#2359063344
0"
#2359561304
0!
#2359563016
1"
#2359563144
0"
#2360061312
1!
#2360063024
1"
#2360063352
0"
#2360561304
0!
#2360563016
1"
#2360563144
0"
#2361061304
1!
#2361063016
1"
#2361063344
0"
#2361561304
0!
#2361563016
1"
#2361563144
0"
#2362061312
1!
#2362063024
1"
#2362063352
0"
#2362561304
0!
#2362563016
1"
#2362563144
0"
#2363061304
1!
#2363063016
1"
#2363063344
0"
#2363561304
0!
#2363563016
1"
#2363563144
0"
#2364061312
1!
#2364063024
1"
#2364063352
0"
#2364561304
0!
#2364563016
1"
#2364563144
0"
#2365061304
1!
#2365063016
1"
#2365063344
0"
#2365561304
0!
#2365563016
1"
#2365563144
0"
#2366061312
1!
#2366063024
1"
#2366063352
0"
#2366561304
0!
#2366563016
1"
#2366563144
0"
#2367061304
1!
#2367063016
1"
#2367063344
0"
#2367561304
0!
#2367563016
1"
#2367563144
0"
#2368061312
1!
#2368063024
1"
#2368063352
0"
#2368561304
0!
#2368563016
1"
#2368563144
0"
#2369061304
1!
#2369063016
1"
#2369063344
0"
#2369561304
0!
#2369563016
1"
#2369563144
0"
#2370061312
1!
#2370063024
1"
#2370063352
0"
#2370561304
0!
#2370563016
1"
#2370563144
0"
#2371061304
1!
#2371063016
1"
#2371063344
0"
#2371561304
0!
#2371563016
1"
#2371563144
0"
#2372061312
1!
#2372063024
1"
#2372063352
0"
#2372561304
0!
#2372563016
1"
#2372563144
0"
#2373061304
1!
#2373063016
1"
#2373063344
0"
#2373561304
0!
#2373563016
1"
#2373563144
0"
#2374061312
1!
#2374063024
1"
#2374063352
0"
#2374561304
0!
#2374563016
1"
#2374563144
0"
#2375061304
1!
#2375063016
1"
#2375063344
0"
#2375561304
0!
#2375563016
1"
#2375563144
0"
#2376061312
1!
#2376063024
1"
#2376063352
0"
#2376561304
0!
#2376563016
1"
#2376563144
0"
#2377061304
1!
#2377063016
1"
#2377063344
0"
#2377561304
0!
#2377563016
1"
#2377563144
0"
#2378061312
1!
#2378063024
1"
#2378063352
0"
#2378561304
0!
#2378563016
1"
#2378563144
0"
#2379061304
1!
#2379063016
1"
#2379063344
0"
#2379561304
0!
#2379563016
1"
#2379563144
0"
#2380061312
1!
#2380063024
1"
#2380063352
0"
#2380561304
0!
#2380563016
1"
#2380563144
0"
#2381061304
1!
#2381063016
1"
#2381063344
0"
#2381561304
0!
#2381563016
1"
#2381563144
0"
#2382061312
1!
#2382063024
1"
#2382063352
0"
#2382561304
0!
#2382563016
1"
#2382563144
0"
#2383061304
1!
#2383063016
1"
#2383063344
0"
#2383561304
0!
#2383563016
1"
#2383563144
0"
#2384061312
1!
#2384063024
1"
#2384063352
0"
#2384561304
0!
#2384563016
1"
#2384563144
0"
#2385061304
1!
#2385063016
1"
#2385063344
0"
#2385561304
0!
#2385563016
1"
#2385563144
0"
#2386061312
1!
#2386063024
1"
#2386063352
0"
#2386561304
0!
#2386563016
1"
#2386563144
0"
#2387061304
1!
#2387063016
1"
#2387063344
0"
#2387561304
0!
#2387563016
1"
#2387563144
0"
#2388061312
1!
#2388063024
1"
#2388063352
0"
#2388561304
0!
#2388563016
1"
#2388563144
0"
#2389061304
1!
#2389063016
1"
#2389063344
0"
#2389561304
0!
#2389563016
1"
#2389563144
0"
#2390061312
1!
#2390063024
1"
#2390063352
0"
#2390561304
0!
#2390563016
1"
#2390563144
0"
#2391061304
1!
#2391063016
1"
#2391063344
0"
#2391561304
0!
#2391563016
1"
#2391563144
0"
#2392061312
1!
#2392063024
1"
#2392063352
0"
#2392561304
0!
#2392563016
1"
#2392563144
0"
#2393061304
1!
#2393063016
1"
#2393063344
0"
#2393561304
0!
#2393563016
1"
#2393563144
0"
#2394061312
1!
#2394063024
1"
#2394063352
0"
#2394561304
0!
#2394563016
1"
#2394563144
0"
#2395061304
1!
#2395063016
1"
#2395063344
0"
#2395561304
0!
#2395563016
1"
#2395563144
0"
#2396061312
1!
#2396063024
1"
#2396063352
0"
#2396561304
0!
#2396563016
1"
#2396563144
0"
#2397061304
1!
#2397063016
1"
#2397063344
0"
#2397561304
0!
#2397563016
1"
#2397563144
0"
#2398061312
1!
#2398063024
1"
#2398063352
0"
#2398561304
0!
#2398563016
1"
#2398563144
0"
#2399061304
1!
#2399063016
1"
#2399063344
0"
#2399561304
0!
#2399563016
1"
#2399563144
0"
#2400061312
1!
#2400063024
1"
#2400063352
0"
#2400561304
0!
#2400563016
1"
#2400563144
0"
#2401061304
1!
#2401063016
1"
#2401063344
0"
#2401561304
0!
#2401563016
1"
#2401563144
0"
#2402061312
1!
#2402063024
1"
#2402063352
0"
#2402561304
0!
#2402563016
1"
#2402563144
0"
#2403061304
1!
#2403063016
1"
#2403063344
0"
#2403561304
0!
#2403563016
1"
#2403563144
0"
#2404061312
1!
#2404063024
1"
#2404063352
0"
#2404561304
0!
#2404563016
1"
#2404563144
0"
#2405061304
1!
#2405063016
1"
#2405063344
0"
#2405561304
0!
#2405563016
1"
#2405563144
0"
#2406061312
1!
#2406063024
1"
#2406063352
0"
#2406561304
0!
#2406563016
1"
#2406563144
0"
#2407061304
1!
#2407063016
1"
#2407063344
0"
#2407561304
0!
#2407563016
1"
#2407563144
0"
#2408061312
1!
#2408063024
1"
#2408063352
0"
#2408561304
0!
#2408563016
1"
#2408563144
0"
#2409061304
1!
#2409063016
1"
#2409063344
0"
#2409561304
0!
#2409563016
1"
#2409563144
0"
#2410061312
1!
#2410063024
1"
#2410063352
0"
#2410561304
0!
#2410563016
1"
#2410563144
0"
#2411061304
1!
#2411063016
1"
#2411063344
0"
#2411561304
0!
#2411563016
1"
#2411563144
0"
#2412061312
1!
#2412063024
1"
#2412063352
0"
#2412561304
0!
#2412563016
1"
#2412563144
0"
#2413061304
1!
#2413063016
1"
#2413063344
0"
#2413561304
0!
#2413563016
1"
#2413563144
0"
#2414061312
1!
#2414063024
1"
#2414063352
0"
#2414561304
0!
#2414563016
1"
#2414563144
0"
#2415061304
1!
#2415063016
1"
#2415063344
0"
#2415561304
0!
#2415563016
1"
#2415563144
0"
#2416061312
1!
#2416063024
1"
#2416063352
0"
#2416561304
0!
#2416563016
1"
#2416563144
0"
#2417061304
1!
#2417063016
1"
#2417063344
0"
#2417561304
0!
#2417563016
1"
#2417563144
0"
#2418061312
1!
#2418063024
1"
#2418063352
0"
#2418561304
0!
#2418563016
1"
#2418563144
0"
#2419061304
1!
#2419063016
1"
#2419063344
0"
#2419561304
0!
#2419563016
1"
#2419563144
0"
#2420061312
1!
#2420063024
1"
#2420063352
0"
#2420561304
0!
#2420563016
1"
#2420563144
0"
#2421061304
1!
#2421063016
1"
#2421063344
0"
#2421561304
0!
#2421563016
1"
#2421563144
0"
#2422061312
1!
#2422063024
1"
#2422063352
0"
#2422561304
0!
#2422563016
1"
#2422563144
0"
#2423061304
1!
#2423063016
1"
#2423063344
0"
#2423561304
0!
#2423563016
1"
#2423563144
0"
#2424061312
1!
#2424063024
1"
#2424063352
0"
#2424561304
0!
#2424563016
1"
#2424563144
0"
#2425061304
1!
#2425063016
1"
#2425063344
0"
#2425561304
0!
#2425563016
1"
#2425563144
0"
#2426061312
1!
#2426063024
1"
#2426063352
0"
#2426561304
0!
#2426563016
1"
#2426563144
0"
#2427061304
1!
#2427063016
1"
#2427063344
0"
#2427561304
0!
#2427563016
1"
#2427563144
0"
#2428061312
1!
#2428063024
1"
#2428063352
0"
#2428561304
0!
#2428563016
1"
#2428563144
0"
#2429061304
1!
#2429063016
1"
#2429063344
0"
#2429561304
0!
#2429563016
1"
#2429563144
0"
#2430061312
1!
#2430063024
1"
#2430063352
0"
#2430561304
0!
#2430563016
1"
#2430563144
0"
#2431061304
1!
#2431063016
1"
#2431063344
0"
#2431561304
0!
#2431563016
1"
#2431563144
0"
#2432061312
1!
#2432063024
1"
#2432063352
0"
#2432561304
0!
#2432563016
1"
#2432563144
0"
#2433061304
1!
#2433063016
1"
#2433063344
0"
#2433561304
0!
#2433563016
1"
#2433563144
0"
#2434061312
1!
#2434063024
1"
#2434063352
0"
#2434561304
0!
#2434563016
1"
#2434563144
0"
#2435061304
1!
#2435063016
1"
#2435063344
0"
#2435561304
0!
#2435563016
1"
#2435563144
0"
#2436061312
1!
#2436063024
1"
#2436063352
0"
#2436561304
0!
#2436563016
1"
#2436563144
0"
#2437061304
1!
#2437063016
1"
#2437063344
0"
#2437561304
0!
#2437563016
1"
#2437563144
0"
#2438061312
1!
#2438063024
1"
#2438063352
0"
#2438561304
0!
#2438563016
1"
#2438563144
0"
#2439061304
1!
#2439063016
1"
#2439063344
0"
#2439561304
0!
#2439563016
1"
#2439563144
0"
#2440061312
1!
#2440063024
1"
#2440063352
0"
#2440561304
0!
#2440563016
1"
#2440563144
0"
#2441061304
1!
#2441063016
1"
#2441063344
0"
#2441561304
0!
#2441563016
1"
#2441563144
0"
#2442061312
1!
#2442063024
1"
#2442063352
0"
#2442561304
0!
#2442563016
1"
#2442563144
0"
#2443061304
1!
#2443063016
1"
#2443063344
0"
#2443561304
0!
#2443563016
1"
#2443563144
0"
#2444061312
1!
#2444063024
1"
#2444063352
0"
#2444561304
0!
#2444563016
1"
#2444563144
0"
#2445061304
1!
#2445063016
1"
#2445063344
0"
#2445561304
0!
#2445563016
1"
#2445563144
0"
#2446061312
1!
#2446063024
1"
#2446063352
0"
#2446561304
0!
#2446563016
1"
#2446563144
0"
#2447061304
1!
#2447063016
1"
#2447063344
0"
#2447561304
0!
#2447563016
1"
#2447563144
0"
#2448061312
1!
#2448063024
1"
#2448063352
0"
#2448561304
0!
#2448563016
1"
#2448563144
0"
#2449061304
1!
#2449063016
1"
#2449063344
0"
#2449561304
0!
#2449563016
1"
#2449563144
0"
#2450061312
1!
#2450063024
1"
#2450063352
0"
#2450561304
0!
#2450563016
1"
#2450563144
0"
#2451061304
1!
#2451063016
1"
#2451063344
0"
#2451561304
0!
#2451563016
1"
#2451563144
0"
#2452061312
1!
#2452063024
1"
#2452063352
0"
#2452561304
0!
#2452563016
1"
#2452563144
0"
#2453061304
1!
#2453063016
1"
#2453063344
0"
#2453561304
0!
#2453563016
1"
#2453563144
0"
#2454061312
1!
#2454063024
1"
#2454063352
0"
#2454561304
0!
#2454563016
1"
#2454563144
0"
#2455061304
1!
#2455063016
1"
#2455063344
0"
#2455561304
0!
#2455563016
1"
#2455563144
0"
#2456061312
1!
#2456063024
1"
#2456063352
0"
#2456561304
0!
#2456563016
1"
#2456563144
0"
#2457061304
1!
#2457063016
1"
#2457063344
0"
#2457561304
0!
#2457563016
1"
#2457563144
0"
#2458061312
1!
#2458063024
1"
#2458063352
0"
#2458561304
0!
#2458563016
1"
#2458563144
0"
#2459061304
1!
#2459063016
1"
#2459063344
0"
#2459561304
0!
#2459563016
1"
#2459563144
0"
#2460061312
1!
#2460063024
1"
#2460063352
0"
#2460561304
0!
#2460563016
1"
#2460563144
0"
#2461061304
1!
#2461063016
1"
#2461063344
0"
#2461561304
0!
#2461563016
1"
#2461563144
0"
#2462061312
1!
#2462063024
1"
#2462063352
0"
#2462561304
0!
#2462563016
1"
#2462563144
0"
#2463061304
1!
#2463063016
1"
#2463063344
0"
#2463561304
0!
#2463563016
1"
#2463563144
0"
#2464061312
1!
#2464063024
1"
#2464063352
0"
#2464561304
0!
#2464563016
1"
#2464563144
0"
#2465061304
1!
#2465063016
1"
#2465063344
0"
#2465561304
0!
#2465563016
1"
#2465563144
0"
#2466061312
1!
#2466063024
1"
#2466063352
0"
#2466561304
0!
#2466563016
1"
#2466563144
0"
#2467061304
1!
#2467063016
1"
#2467063344
0"
#2467561304
0!
#2467563016
1"
#2467563144
0"
#2468061312
1!
#2468063024
1"
#2468063352
0"
#2468561304
0!
#2468563016
1"
#2468563144
0"
#2469061304
1!
#2469063016
1"
#2469063344
0"
#2469561304
0!
#2469563016
1"
#2469563144
0"
#2470061312
1!
#2470063024
1"
#2470063352
0"
#2470561304
0!
#2470563016
1"
#2470563144
0"
#2471061304
1!
#2471063016
1"
#2471063344
0"
#2471561304
0!
#2471563016
1"
#2471563144
0"
#2472061312
1!
#2472063024
1"
#2472063352
0"
#2472561304
0!
#2472563016
1"
#2472563144
0"
#2473061304
1!
#2473063016
1"
#2473063344
0"
#2473561304
0!
#2473563016
1"
#2473563144
0"
#2474061312
1!
#2474063024
1"
#2474063352
0"
#2474561304
0!
#2474563016
1"
#2474563144
0"
#2475061304
1!
#2475063016
1"
#2475063344
0"
#2475561304
0!
#2475563016
1"
#2475563144
0"
#2476061312
1!
#2476063024
1"
#2476063352
0"
#2476561304
0!
#2476563016
1"
#2476563144
0"
#2477061304
1!
#2477063016
1"
#2477063344
0"
#2477561304
0!
#2477563016
1"
#2477563144
0"
#2478061312
1!
#2478063024
1"
#2478063352
0"
#2478561304
0!
#2478563016
1"
#2478563144
0"
#2479061304
1!
#2479063016
1"
#2479063344
0"
#2479561304
0!
#2479563016
1"
#2479563144
0"
#2480061312
1!
#2480063024
1"
#2480063352
0"
#2480561304
0!
#2480563016
1"
#2480563144
0"
#2481061304
1!
#2481063016
1"
#2481063344
0"
#2481561304
0!
#2481563016
1"
#2481563144
0"
#2482061312
1!
#2482063024
1"
#2482063352
0"
#2482561304
0!
#2482563016
1"
#2482563144
0"
#2483061304
1!
#2483063016
1"
#2483063344
0"
#2483561304
0!
#2483563016
1"
#2483563144
0"
#2484061312
1!
#2484063024
1"
#2484063352
0"
#2484561304
0!
#2484563016
1"
#2484563144
0"
#2485061304
1!
#2485063016
1"
#2485063344
0"
#2485561304
0!
#2485563016
1"
#2485563144
0"
#2486061312
1!
#2486063024
1"
#2486063352
0"
#2486561304
0!
#2486563016
1"
#2486563144
0"
#2487061304
1!
#2487063016
1"
#2487063344
0"
#2487561304
0!
#2487563016
1"
#2487563144
0"
#2488061312
1!
#2488063024
1"
#2488063352
0"
#2488561304
0!
#2488563016
1"
#2488563144
0"
#2489061304
1!
#2489063016
1"
#2489063344
0"
#2489561304
0!
#2489563016
1"
#2489563144
0"
#2490061312
1!
#2490063024
1"
#2490063352
0"
#2490561304
0!
#2490563016
1"
#2490563144
0"
#2491061304
1!
#2491063016
1"
#2491063344
0"
#2491561304
0!
#2491563016
1"
#2491563144
0"
#2492061312
1!
#2492063024
1"
#2492063352
0"
#2492561304
0!
#2492563016
1"
#2492563144
0"
#2493061304
1!
#2493063016
1"
#2493063344
0"
#2493561304
0!
#2493563016
1"
#2493563144
0"
#2494061312
1!
#2494063024
1"
#2494063352
0"
#2494561304
0!
#2494563016
1"
#2494563144
0"
#2495061304
1!
#2495063016
1"
#2495063344
0"
#2495561304
0!
#2495563016
1"
#2495563144
0"
#2496061312
1!
#2496063024
1"
#2496063352
0"
#2496561304
0!
#2496563016
1"
#2496563144
0"
#2497061304
1!
#2497063016
1"
#2497063344
0"
#2497561304
0!
#2497563016
1"
#2497563144
0"
#2498061312
1!
#2498063024
1"
#2498063352
0"
#2498561304
0!
#2498563016
1"
#2498563144
0"
#2499061304
1!
#2499063016
1"
#2499063344
0"
#2499561304
0!
#2499563016
1"
#2499563144
0"
#2500061312
1!
#2500063024
1"
#2500063352
0"
#2500561304
0!
#2500563016
1"
#2500563144
0"
#2501061304
1!
#2501063016
1"
#2501063344
0"
#2501561304
0!
#2501563016
1"
#2501563144
0"
#2502061312
1!
#2502063024
1"
#2502063352
0"
#2502561304
0!
#2502563016
1"
#2502563144
0"
#2503061304
1!
#2503063016
1"
#2503063344
0"
#2503561304
0!
#2503563016
1"
#2503563144
0"
#2504061312
1!
#2504063024
1"
#2504063352
0"
#2504561304
0!
#2504563016
1"
#2504563144
0"
#2505061304
1!
#2505063016
1"
#2505063344
0"
#2505561304
0!
#2505563016
1"
#2505563144
0"
#2506061312
1!
#2506063024
1"
#2506063352
0"
#2506561304
0!
#2506563016
1"
#2506563144
0"
#2507061304
1!
#2507063016
1"
#2507063344
0"
#2507561304
0!
#2507563016
1"
#2507563144
0"
#2508061312
1!
#2508063024
1"
#2508063352
0"
#2508561304
0!
#2508563016
1"
#2508563144
0"
#2509061304
1!
#2509063016
1"
#2509063344
0"
#2509561304
0!
#2509563016
1"
#2509563144
0"
#2510061312
1!
#2510063024
1"
#2510063352
0"
#2510561304
0!
#2510563016
1"
#2510563144
0"
#2511061304
1!
#2511063016
1"
#2511063344
0"
#2511561304
0!
#2511563016
1"
#2511563144
0"
#2512061312
1!
#2512063024
1"
#2512063352
0"
#2512561304
0!
#2512563016
1"
#2512563144
0"
#2513061304
1!
#2513063016
1"
#2513063344
0"
#2513561304
0!
#2513563016
1"
#2513563144
0"
#2514061312
1!
#2514063024
1"
#2514063352
0"
#2514561304
0!
#2514563016
1"
#2514563144
0"
#2515061304
1!
#2515063016
1"
#2515063344
0"
#2515561304
0!
#2515563016
1"
#2515563144
0"
#2516061312
1!
#2516063024
1"
#2516063352
0"
#2516561304
0!
#2516563016
1"
#2516563144
0"
#2517061304
1!
#2517063016
1"
#2517063344
0"
#2517561304
0!
#2517563016
1"
#2517563144
0"
#2518061312
1!
#2518063024
1"
#2518063352
0"
#2518561304
0!
#2518563016
1"
#2518563144
0"
#2519061304
1!
#2519063016
1"
#2519063344
0"
#2519561304
0!
#2519563016
1"
#2519563144
0"
#2520061312
1!
#2520063024
1"
#2520063352
0"
#2520561304
0!
#2520563016
1"
#2520563144
0"
#2521061304
1!
#2521063016
1"
#2521063344
0"
#2521561304
0!
#2521563016
1"
#2521563144
0"
#2522061312
1!
#2522063024
1"
#2522063352
0"
#2522561304
0!
#2522563016
1"
#2522563144
0"
#2523061304
1!
#2523063016
1"
#2523063344
0"
#2523561304
0!
#2523563016
1"
#2523563144
0"
#2524061312
1!
#2524063024
1"
#2524063352
0"
#2524561304
0!
#2524563016
1"
#2524563144
0"
#2525061304
1!
#2525063016
1"
#2525063344
0"
#2525561304
0!
#2525563016
1"
#2525563144
0"
#2526061312
1!
#2526063024
1"
#2526063352
0"
#2526561304
0!
#2526563016
1"
#2526563144
0"
#2527061304
1!
#2527063016
1"
#2527063344
0"
#2527561304
0!
#2527563016
1"
#2527563144
0"
#2528061312
1!
#2528063024
1"
#2528063352
0"
#2528561304
0!
#2528563016
1"
#2528563144
0"
#2529061304
1!
#2529063016
1"
#2529063344
0"
#2529561304
0!
#2529563016
1"
#2529563144
0"
#2530061312
1!
#2530063024
1"
#2530063352
0"
#2530561304
0!
#2530563016
1"
#2530563144
0"
#2531061304
1!
#2531063016
1"
#2531063344
0"
#2531561304
0!
#2531563016
1"
#2531563144
0"
#2532061312
1!
#2532063024
1"
#2532063352
0"
#2532561304
0!
#2532563016
1"
#2532563144
0"
#2533061304
1!
#2533063016
1"
#2533063344
0"
#2533561304
0!
#2533563016
1"
#2533563144
0"
#2534061312
1!
#2534063024
1"
#2534063352
0"
#2534561304
0!
#2534563016
1"
#2534563144
0"
#2535061304
1!
#2535063016
1"
#2535063344
0"
#2535561304
0!
#2535563016
1"
#2535563144
0"
#2536061312
1!
#2536063024
1"
#2536063352
0"
#2536561304
0!
#2536563016
1"
#2536563144
0"
#2537061304
1!
#2537063016
1"
#2537063344
0"
#2537561304
0!
#2537563016
1"
#2537563144
0"
#2538061312
1!
#2538063024
1"
#2538063352
0"
#2538561304
0!
#2538563016
1"
#2538563144
0"
#2539061304
1!
#2539063016
1"
#2539063344
0"
#2539561304
0!
#2539563016
1"
#2539563144
0"
#2540061312
1!
#2540063024
1"
#2540063352
0"
#2540561304
0!
#2540563016
1"
#2540563144
0"
#2541061304
1!
#2541063016
1"
#2541063344
0"
#2541561304
0!
#2541563016
1"
#2541563144
0"
#2542061312
1!
#2542063024
1"
#2542063352
0"
#2542561304
0!
#2542563016
1"
#2542563144
0"
#2543061304
1!
#2543063016
1"
#2543063344
0"
#2543561304
0!
#2543563016
1"
#2543563144
0"
#2544061312
1!
#2544063024
1"
#2544063352
0"
#2544561304
0!
#2544563016
1"
#2544563144
0"
#2545061304
1!
#2545063016
1"
#2545063344
0"
#2545561304
0!
#2545563016
1"
#2545563144
0"
#2546061312
1!
#2546063024
1"
#2546063352
0"
#2546561304
0!
#2546563016
1"
#2546563144
0"
#2547061304
1!
#2547063016
1"
#2547063344
0"
#2547561304
0!
#2547563016
1"
#2547563144
0"
#2548061312
1!
#2548063024
1"
#2548063352
0"
#2548561304
0!
#2548563016
1"
#2548563144
0"
#2549061304
1!
#2549063016
1"
#2549063344
0"
#2549561304
0!
#2549563016
1"
#2549563144
0"
#2550061312
1!
#2550063024
1"
#2550063352
0"
#2550561304
0!
#2550563016
1"
#2550563144
0"
#2551061304
1!
#2551063016
1"
#2551063344
0"
#2551561304
0!
#2551563016
1"
#2551563144
0"
#2552061312
1!
#2552063024
1"
#2552063352
0"
#2552561304
0!
#2552563016
1"
#2552563144
0"
#2553061304
1!
#2553063016
1"
#2553063344
0"
#2553561304
0!
#2553563016
1"
#2553563144
0"
#2554061312
1!
#2554063024
1"
#2554063352
0"
#2554561304
0!
#2554563016
1"
#2554563144
0"
#2555061304
1!
#2555063016
1"
#2555063344
0"
#2555561304
0!
#2555563016
1"
#2555563144
0"
#2556061312
1!
#2556063024
1"
#2556063352
0"
#2556561304
0!
#2556563016
1"
#2556563144
0"
#2557061304
1!
#2557063016
1"
#2557063344
0"
#2557561304
0!
#2557563016
1"
#2557563144
0"
#2558061312
1!
#2558063024
1"
#2558063352
0"
#2558561304
0!
#2558563016
1"
#2558563144
0"
#2559061304
1!
#2559063016
1"
#2559063344
0"
#2559561304
0!
#2559563016
1"
#2559563144
0"
#2560061312
1!
#2560063024
1"
#2560063352
0"
#2560561304
0!
#2560563016
1"
#2560563144
0"
#2561061304
1!
#2561063016
1"
#2561063344
0"
#2561561304
0!
#2561563016
1"
#2561563144
0"
#2562061312
1!
#2562063024
1"
#2562063352
0"
#2562561304
0!
#2562563016
1"
#2562563144
0"
#2563061304
1!
#2563063016
1"
#2563063344
0"
#2563561304
0!
#2563563016
1"
#2563563144
0"
#2564061312
1!
#2564063024
1"
#2564063352
0"
#2564561304
0!
#2564563016
1"
#2564563144
0"
#2565061304
1!
#2565063016
1"
#2565063344
0"
#2565561304
0!
#2565563016
1"
#2565563144
0"
#2566061312
1!
#2566063024
1"
#2566063352
0"
#2566561304
0!
#2566563016
1"
#2566563144
0"
#2567061304
1!
#2567063016
1"
#2567063344
0"
#2567561304
0!
#2567563016
1"
#2567563144
0"
#2568061312
1!
#2568063024
1"
#2568063352
0"
#2568561304
0!
#2568563016
1"
#2568563144
0"
#2569061304
1!
#2569063016
1"
#2569063344
0"
#2569561304
0!
#2569563016
1"
#2569563144
0"
#2570061312
1!
#2570063024
1"
#2570063352
0"
#2570561304
0!
#2570563016
1"
#2570563144
0"
#2571061304
1!
#2571063016
1"
#2571063344
0"
#2571561304
0!
#2571563016
1"
#2571563144
0"
#2572061312
1!
#2572063024
1"
#2572063352
0"
#2572561304
0!
#2572563016
1"
#2572563144
0"
#2573061304
1!
#2573063016
1"
#2573063344
0"
#2573561304
0!
#2573563016
1"
#2573563144
0"
#2574061312
1!
#2574063024
1"
#2574063352
0"
#2574561304
0!
#2574563016
1"
#2574563144
0"
#2575061304
1!
#2575063016
1"
#2575063344
0"
#2575561304
0!
#2575563016
1"
#2575563144
0"
#2576061312
1!
#2576063024
1"
#2576063352
0"
#2576561304
0!
#2576563016
1"
#2576563144
0"
#2577061304
1!
#2577063016
1"
#2577063344
0"
#2577561304
0!
#2577563016
1"
#2577563144
0"
#2578061312
1!
#2578063024
1"
#2578063352
0"
#2578561304
0!
#2578563016
1"
#2578563144
0"
#2579061304
1!
#2579063016
1"
#2579063344
0"
#2579561304
0!
#2579563016
1"
#2579563144
0"
#2580061312
1!
#2580063024
1"
#2580063352
0"
#2580561304
0!
#2580563016
1"
#2580563144
0"
#2581061304
1!
#2581063016
1"
#2581063344
0"
#2581561304
0!
#2581563016
1"
#2581563144
0"
#2582061312
1!
#2582063024
1"
#2582063352
0"
#2582561304
0!
#2582563016
1"
#2582563144
0"
#2583061304
1!
#2583063016
1"
#2583063344
0"
#2583561304
0!
#2583563016
1"
#2583563144
0"
#2584061312
1!
#2584063024
1"
#2584063352
0"
#2584561304
0!
#2584563016
1"
#2584563144
0"
#2585061304
1!
#2585063016
1"
#2585063344
0"
#2585561304
0!
#2585563016
1"
#2585563144
0"
#2586061312
1!
#2586063024
1"
#2586063352
0"
#2586561304
0!
#2586563016
1"
#2586563144
0"
#2587061304
1!
#2587063016
1"
#2587063344
0"
#2587561304
0!
#2587563016
1"
#2587563144
0"
#2588061312
1!
#2588063024
1"
#2588063352
0"
#2588561304
0!
#2588563016
1"
#2588563144
0"
#2589061304
1!
#2589063016
1"
#2589063344
0"
#2589561304
0!
#2589563016
1"
#2589563144
0"
#2590061312
1!
#2590063024
1"
#2590063352
0"
#2590561304
0!
#2590563016
1"
#2590563144
0"
#2591061304
1!
#2591063016
1"
#2591063344
0"
#2591561304
0!
#2591563016
1"
#2591563144
0"
#2592061312
1!
#2592063024
1"
#2592063352
0"
#2592561304
0!
#2592563016
1"
#2592563144
0"
#2593061304
1!
#2593063016
1"
#2593063344
0"
#2593561304
0!
#2593563016
1"
#2593563144
0"
#2594061312
1!
#2594063024
1"
#2594063352
0"
#2594561304
0!
#2594563016
1"
#2594563144
0"
#2595061304
1!
#2595063016
1"
#2595063344
0"
#2595561304
0!
#2595563016
1"
#2595563144
0"
#2596061312
1!
#2596063024
1"
#2596063352
0"
#2596561304
0!
#2596563016
1"
#2596563144
0"
#2597061304
1!
#2597063016
1"
#2597063344
0"
#2597561304
0!
#2597563016
1"
#2597563144
0"
#2598061312
1!
#2598063024
1"
#2598063352
0"
#2598561304
0!
#2598563016
1"
#2598563144
0"
#2599061304
1!
#2599063016
1"
#2599063344
0"
#2599561304
0!
#2599563016
1"
#2599563144
0"
#2600061312
1!
#2600063024
1"
#2600063352
0"
#2600561304
0!
#2600563016
1"
#2600563144
0"
#2601061304
1!
#2601063016
1"
#2601063344
0"
#2601561304
0!
#2601563016
1"
#2601563144
0"
#2602061312
1!
#2602063024
1"
#2602063352
0"
#2602561304
0!
#2602563016
1"
#2602563144
0"
#2603061312
1!
#2603063024
1"
#2603063352
0"
#2603561304
0!
#2603563016
1"
#2603563144
0"
#2604061312
1!
#2604063024
1"
#2604063352
0"
#2604561304
0!
#2604563016
1"
#2604563144
0"
#2605061304
1!
#2605063016
1"
#2605063344
0"
#2605561304
0!
#2605563016
1"
#2605563144
0"
#2606061312
1!
#2606063024
1"
#2606063352
0"
#2606561304
0!
#2606563016
1"
#2606563144
0"
#2607061304
1!
#2607063016
1"
#2607063344
0"
#2607561304
0!
#2607563016
1"
#2607563144
0"
#2608061312
1!
#2608063024
1"
#2608063352
0"
#2608561304
0!
#2608563016
1"
#2608563144
0"
#2609061304
1!
#2609063016
1"
#2609063344
0"
#2609561304
0!
#2609563016
1"
#2609563144
0"
#2610061312
1!
#2610063024
1"
#2610063352
0"
#2610561304
0!
#2610563016
1"
#2610563144
0"
#2611061304
1!
#2611063016
1"
#2611063344
0"
#2611561304
0!
#2611563016
1"
#2611563144
0"
#2612061312
1!
#2612063024
1"
#2612063352
0"
#2612561304
0!
#2612563016
1"
#2612563144
0"
#2613061304
1!
#2613063016
1"
#2613063344
0"
#2613561304
0!
#2613563016
1"
#2613563144
0"
#2614061312
1!
#2614063024
1"
#2614063352
0"
#2614561304
0!
#2614563016
1"
#2614563144
0"
#2615061304
1!
#2615063016
1"
#2615063344
0"
#2615561304
0!
#2615563016
1"
#2615563144
0"
#2616061312
1!
#2616063024
1"
#2616063352
0"
#2616561304
0!
#2616563016
1"
#2616563144
0"
#2617061304
1!
#2617063016
1"
#2617063344
0"
#2617561304
0!
#2617563016
1"
#2617563144
0"
#2618061312
1!
#2618063024
1"
#2618063352
0"
#2618561304
0!
#2618563016
1"
#2618563144
0"
#2619061304
1!
#2619063016
1"
#2619063344
0"
#2619561304
0!
#2619563016
1"
#2619563144
0"
#2620061312
1!
#2620063024
1"
#2620063352
0"
#2620561304
0!
#2620563016
1"
#2620563144
0"
#2621061304
1!
#2621063016
1"
#2621063344
0"
#2621561304
0!
#2621563016
1"
#2621563144
0"
#2622061312
1!
#2622063024
1"
#2622063352
0"
#2622561304
0!
#2622563016
1"
#2622563144
0"
#2623061304
1!
#2623063016
1"
#2623063344
0"
#2623561304
0!
#2623563016
1"
#2623563144
0"
#2624061312
1!
#2624063024
1"
#2624063352
0"
#2624561304
0!
#2624563016
1"
#2624563144
0"
#2625061304
1!
#2625063016
1"
#2625063344
0"
#2625561304
0!
#2625563016
1"
#2625563144
0"
#2626061312
1!
#2626063024
1"
#2626063352
0"
#2626561304
0!
#2626563016
1"
#2626563144
0"
#2627061304
1!
#2627063016
1"
#2627063344
0"
#2627561304
0!
#2627563016
1"
#2627563144
0"
#2628061312
1!
#2628063024
1"
#2628063352
0"
#2628561304
0!
#2628563016
1"
#2628563144
0"
#2629061304
1!
#2629063016
1"
#2629063344
0"
#2629561304
0!
#2629563016
1"
#2629563144
0"
#2630061312
1!
#2630063024
1"
#2630063352
0"
#2630561304
0!
#2630563016
1"
#2630563144
0"
#2631061304
1!
#2631063016
1"
#2631063344
0"
#2631561304
0!
#2631563016
1"
#2631563144
0"
#2632061312
1!
#2632063024
1"
#2632063352
0"
#2632561304
0!
#2632563016
1"
#2632563144
0"
#2633061304
1!
#2633063016
1"
#2633063344
0"
#2633561304
0!
#2633563016
1"
#2633563144
0"
#2634061312
1!
#2634063024
1"
#2634063352
0"
#2634561304
0!
#2634563016
1"
#2634563144
0"
#2635061304
1!
#2635063016
1"
#2635063344
0"
#2635561304
0!
#2635563016
1"
#2635563144
0"
#2636061312
1!
#2636063024
1"
#2636063352
0"
#2636561304
0!
#2636563016
1"
#2636563144
0"
#2637061304
1!
#2637063016
1"
#2637063344
0"
#2637561304
0!
#2637563016
1"
#2637563144
0"
#2638061312
1!
#2638063024
1"
#2638063352
0"
#2638561304
0!
#2638563016
1"
#2638563144
0"
#2639061304
1!
#2639063016
1"
#2639063344
0"
#2639561304
0!
#2639563016
1"
#2639563144
0"
#2640061312
1!
#2640063024
1"
#2640063352
0"
#2640561304
0!
#2640563016
1"
#2640563144
0"
#2641061304
1!
#2641063016
1"
#2641063344
0"
#2641561304
0!
#2641563016
1"
#2641563144
0"
#2642061312
1!
#2642063024
1"
#2642063352
0"
#2642561304
0!
#2642563016
1"
#2642563144
0"
#2643061304
1!
#2643063016
1"
#2643063344
0"
#2643561304
0!
#2643563016
1"
#2643563144
0"
#2644061312
1!
#2644063024
1"
#2644063352
0"
#2644561304
0!
#2644563016
1"
#2644563144
0"
#2645061304
1!
#2645063016
1"
#2645063344
0"
#2645561304
0!
#2645563016
1"
#2645563144
0"
#2646061312
1!
#2646063024
1"
#2646063352
0"
#2646561304
0!
#2646563016
1"
#2646563144
0"
#2647061304
1!
#2647063016
1"
#2647063344
0"
#2647561304
0!
#2647563016
1"
#2647563144
0"
#2648061312
1!
#2648063024
1"
#2648063352
0"
#2648561304
0!
#2648563016
1"
#2648563144
0"
#2649061304
1!
#2649063016
1"
#2649063344
0"
#2649561304
0!
#2649563016
1"
#2649563144
0"
#2650061312
1!
#2650063024
1"
#2650063352
0"
#2650561304
0!
#2650563016
1"
#2650563144
0"
#2651061304
1!
#2651063016
1"
#2651063344
0"
#2651561304
0!
#2651563016
1"
#2651563144
0"
#2652061312
1!
#2652063024
1"
#2652063352
0"
#2652561304
0!
#2652563016
1"
#2652563144
0"
#2653061304
1!
#2653063016
1"
#2653063344
0"
#2653561304
0!
#2653563016
1"
#2653563144
0"
#2654061312
1!
#2654063024
1"
#2654063352
0"
#2654561304
0!
#2654563016
1"
#2654563144
0"
#2655061304
1!
#2655063016
1"
#2655063344
0"
#2655561304
0!
#2655563016
1"
#2655563144
0"
#2656061312
1!
#2656063024
1"
#2656063352
0"
#2656561304
0!
#2656563016
1"
#2656563144
0"
#2657061304
1!
#2657063016
1"
#2657063344
0"
#2657561304
0!
#2657563016
1"
#2657563144
0"
#2658061312
1!
#2658063024
1"
#2658063352
0"
#2658561304
0!
#2658563016
1"
#2658563144
0"
#2659061304
1!
#2659063016
1"
#2659063344
0"
#2659561304
0!
#2659563016
1"
#2659563144
0"
#2660061312
1!
#2660063024
1"
#2660063352
0"
#2660561304
0!
#2660563016
1"
#2660563144
0"
#2661061304
1!
#2661063016
1"
#2661063344
0"
#2661561304
0!
#2661563016
1"
#2661563144
0"
#2662061312
1!
#2662063024
1"
#2662063352
0"
#2662561304
0!
#2662563016
1"
#2662563144
0"
#2663061304
1!
#2663063016
1"
#2663063344
0"
#2663561304
0!
#2663563016
1"
#2663563144
0"
#2664061312
1!
#2664063024
1"
#2664063352
0"
#2664561304
0!
#2664563016
1"
#2664563144
0"
#2665061304
1!
#2665063016
1"
#2665063344
0"
#2665561304
0!
#2665563016
1"
#2665563144
0"
#2666061312
1!
#2666063024
1"
#2666063352
0"
#2666561304
0!
#2666563016
1"
#2666563144
0"
#2667061304
1!
#2667063016
1"
#2667063344
0"
#2667561304
0!
#2667563016
1"
#2667563144
0"
#2668061312
1!
#2668063024
1"
#2668063352
0"
#2668561304
0!
#2668563016
1"
#2668563144
0"
#2669061304
1!
#2669063016
1"
#2669063344
0"
#2669561304
0!
#2669563016
1"
#2669563144
0"
#2670061312
1!
#2670063024
1"
#2670063352
0"
#2670561304
0!
#2670563016
1"
#2670563144
0"
#2671061304
1!
#2671063016
1"
#2671063344
0"
#2671561304
0!
#2671563016
1"
#2671563144
0"
#2672061312
1!
#2672063024
1"
#2672063352
0"
#2672561304
0!
#2672563016
1"
#2672563144
0"
#2673061304
1!
#2673063016
1"
#2673063344
0"
#2673561304
0!
#2673563016
1"
#2673563144
0"
#2674061312
1!
#2674063024
1"
#2674063352
0"
#2674561304
0!
#2674563016
1"
#2674563144
0"
#2675061304
1!
#2675063016
1"
#2675063344
0"
#2675561304
0!
#2675563016
1"
#2675563144
0"
#2676061312
1!
#2676063024
1"
#2676063352
0"
#2676561304
0!
#2676563016
1"
#2676563144
0"
#2677061304
1!
#2677063016
1"
#2677063344
0"
#2677561304
0!
#2677563016
1"
#2677563144
0"
#2678061312
1!
#2678063024
1"
#2678063352
0"
#2678561304
0!
#2678563016
1"
#2678563144
0"
#2679061304
1!
#2679063016
1"
#2679063344
0"
#2679561304
0!
#2679563016
1"
#2679563144
0"
#2680061312
1!
#2680063024
1"
#2680063352
0"
#2680561304
0!
#2680563016
1"
#2680563144
0"
#2681061304
1!
#2681063016
1"
#2681063344
0"
#2681561304
0!
#2681563016
1"
#2681563144
0"
#2682061312
1!
#2682063024
1"
#2682063352
0"
#2682561304
0!
#2682563016
1"
#2682563144
0"
#2683061304
1!
#2683063016
1"
#2683063344
0"
#2683561304
0!
#2683563016
1"
#2683563144
0"
#2684061312
1!
#2684063024
1"
#2684063352
0"
#2684561304
0!
#2684563016
1"
#2684563144
0"
#2685061304
1!
#2685063016
1"
#2685063344
0"
#2685561304
0!
#2685563016
1"
#2685563144
0"
#2686061312
1!
#2686063024
1"
#2686063352
0"
#2686561304
0!
#2686563016
1"
#2686563144
0"
#2687061304
1!
#2687063016
1"
#2687063344
0"
#2687561304
0!
#2687563016
1"
#2687563144
0"
#2688061312
1!
#2688063024
1"
#2688063352
0"
#2688561304
0!
#2688563016
1"
#2688563144
0"
#2689061304
1!
#2689063016
1"
#2689063344
0"
#2689561304
0!
#2689563016
1"
#2689563144
0"
#2690061312
1!
#2690063024
1"
#2690063352
0"
#2690561304
0!
#2690563016
1"
#2690563144
0"
#2691061304
1!
#2691063016
1"
#2691063344
0"
#2691561304
0!
#2691563016
1"
#2691563144
0"
#2692061312
1!
#2692063024
1"
#2692063352
0"
#2692561304
0!
#2692563016
1"
#2692563144
0"
#2693061304
1!
#2693063016
1"
#2693063344
0"
#2693561304
0!
#2693563016
1"
#2693563144
0"
#2694061312
1!
#2694063024
1"
#2694063352
0"
#2694561304
0!
#2694563016
1"
#2694563144
0"
#2695061304
1!
#2695063016
1"
#2695063344
0"
#2695561304
0!
#2695563016
1"
#2695563144
0"
#2696061312
1!
#2696063024
1"
#2696063352
0"
#2696561304
0!
#2696563016
1"
#2696563144
0"
#2697061304
1!
#2697063016
1"
#2697063344
0"
#2697561304
0!
#2697563016
1"
#2697563144
0"
#2698061312
1!
#2698063024
1"
#2698063352
0"
#2698561304
0!
#2698563016
1"
#2698563144
0"
#2699061304
1!
#2699063016
1"
#2699063344
0"
#2699561304
0!
#2699563016
1"
#2699563144
0"
#2700061312
1!
#2700063024
1"
#2700063352
0"
#2700561304
0!
#2700563016
1"
#2700563144
0"
#2701061304
1!
#2701063016
1"
#2701063344
0"
#2701561304
0!
#2701563016
1"
#2701563144
0"
#2702061312
1!
#2702063024
1"
#2702063352
0"
#2702561304
0!
#2702563016
1"
#2702563144
0"
#2703061304
1!
#2703063016
1"
#2703063344
0"
#2703561304
0!
#2703563016
1"
#2703563144
0"
#2704061312
1!
#2704063024
1"
#2704063352
0"
#2704561304
0!
#2704563016
1"
#2704563144
0"
#2705061304
1!
#2705063016
1"
#2705063344
0"
#2705561304
0!
#2705563016
1"
#2705563144
0"
#2706061312
1!
#2706063024
1"
#2706063352
0"
#2706561304
0!
#2706563016
1"
#2706563144
0"
#2707061304
1!
#2707063016
1"
#2707063344
0"
#2707561304
0!
#2707563016
1"
#2707563144
0"
#2708061312
1!
#2708063024
1"
#2708063352
0"
#2708561304
0!
#2708563016
1"
#2708563144
0"
#2709061304
1!
#2709063016
1"
#2709063344
0"
#2709561304
0!
#2709563016
1"
#2709563144
0"
#2710061312
1!
#2710063024
1"
#2710063352
0"
#2710561304
0!
#2710563016
1"
#2710563144
0"
#2711061304
1!
#2711063016
1"
#2711063344
0"
#2711561304
0!
#2711563016
1"
#2711563144
0"
#2712061312
1!
#2712063024
1"
#2712063352
0"
#2712561304
0!
#2712563016
1"
#2712563144
0"
#2713061304
1!
#2713063016
1"
#2713063344
0"
#2713561304
0!
#2713563016
1"
#2713563144
0"
#2714061312
1!
#2714063024
1"
#2714063352
0"
#2714561304
0!
#2714563016
1"
#2714563144
0"
#2715061304
1!
#2715063016
1"
#2715063344
0"
#2715561304
0!
#2715563016
1"
#2715563144
0"
#2716061312
1!
#2716063024
1"
#2716063352
0"
#2716561304
0!
#2716563016
1"
#2716563144
0"
#2717061304
1!
#2717063016
1"
#2717063344
0"
#2717561304
0!
#2717563016
1"
#2717563144
0"
#2718061312
1!
#2718063024
1"
#2718063352
0"
#2718561304
0!
#2718563016
1"
#2718563144
0"
#2719061304
1!
#2719063016
1"
#2719063344
0"
#2719561304
0!
#2719563016
1"
#2719563144
0"
#2720061312
1!
#2720063024
1"
#2720063352
0"
#2720561304
0!
#2720563016
1"
#2720563144
0"
#2721061304
1!
#2721063016
1"
#2721063344
0"
#2721561304
0!
#2721563016
1"
#2721563144
0"
#2722061312
1!
#2722063024
1"
#2722063352
0"
#2722561304
0!
#2722563016
1"
#2722563144
0"
#2723061304
1!
#2723063016
1"
#2723063344
0"
#2723561304
0!
#2723563016
1"
#2723563144
0"
#2724061312
1!
#2724063024
1"
#2724063352
0"
#2724561304
0!
#2724563016
1"
#2724563144
0"
#2725061304
1!
#2725063016
1"
#2725063344
0"
#2725561304
0!
#2725563016
1"
#2725563144
0"
#2726061312
1!
#2726063024
1"
#2726063352
0"
#2726561304
0!
#2726563016
1"
#2726563144
0"
#2727061304
1!
#2727063016
1"
#2727063344
0"
#2727561304
0!
#2727563016
1"
#2727563144
0"
#2728061312
1!
#2728063024
1"
#2728063352
0"
#2728561304
0!
#2728563016
1"
#2728563144
0"
#2729061304
1!
#2729063016
1"
#2729063344
0"
#2729561304
0!
#2729563016
1"
#2729563144
0"
#2730061312
1!
#2730063024
1"
#2730063352
0"
#2730561304
0!
#2730563016
1"
#2730563144
0"
#2731061304
1!
#2731063016
1"
#2731063344
0"
#2731561304
0!
#2731563016
1"
#2731563144
0"
#2732061312
1!
#2732063024
1"
#2732063352
0"
#2732561304
0!
#2732563016
1"
#2732563144
0"
#2733061304
1!
#2733063016
1"
#2733063344
0"
#2733561304
0!
#2733563016
1"
#2733563144
0"
#2734061312
1!
#2734063024
1"
#2734063352
0"
#2734561304
0!
#2734563016
1"
#2734563144
0"
#2735061304
1!
#2735063016
1"
#2735063344
0"
#2735561304
0!
#2735563016
1"
#2735563144
0"
#2736061312
1!
#2736063024
1"
#2736063352
0"
#2736561304
0!
#2736563016
1"
#2736563144
0"
#2737061304
1!
#2737063016
1"
#2737063344
0"
#2737561304
0!
#2737563016
1"
#2737563144
0"
#2738061312
1!
#2738063024
1"
#2738063352
0"
#2738561304
0!
#2738563016
1"
#2738563144
0"
#2739061304
1!
#2739063016
1"
#2739063344
0"
#2739561304
0!
#2739563016
1"
#2739563144
0"
#2740061312
1!
#2740063024
1"
#2740063352
0"
#2740561304
0!
#2740563016
1"
#2740563144
0"
#2741061304
1!
#2741063016
1"
#2741063344
0"
#2741561304
0!
#2741563016
1"
#2741563144
0"
#2742061312
1!
#2742063024
1"
#2742063352
0"
#2742561304
0!
#2742563016
1"
#2742563144
0"
#2743061304
1!
#2743063016
1"
#2743063344
0"
#2743561304
0!
#2743563016
1"
#2743563144
0"
#2744061312
1!
#2744063024
1"
#2744063352
0"
#2744561304
0!
#2744563016
1"
#2744563144
0"
#2745061304
1!
#2745063016
1"
#2745063344
0"
#2745561304
0!
#2745563016
1"
#2745563144
0"
#2746061312
1!
#2746063024
1"
#2746063352
0"
#2746561304
0!
#2746563016
1"
#2746563144
0"
#2747061304
1!
#2747063016
1"
#2747063344
0"
#2747561304
0!
#2747563016
1"
#2747563144
0"
#2748061312
1!
#2748063024
1"
#2748063352
0"
#2748561304
0!
#2748563016
1"
#2748563144
0"
#2749061304
1!
#2749063016
1"
#2749063344
0"
#2749561304
0!
#2749563016
1"
#2749563144
0"
#2750061312
1!
#2750063024
1"
#2750063352
0"
#2750561304
0!
#2750563016
1"
#2750563144
0"
#2751061304
1!
#2751063016
1"
#2751063344
0"
#2751561304
0!
#2751563016
1"
#2751563144
0"
#2752061312
1!
#2752063024
1"
#2752063352
0"
#2752561304
0!
#2752563016
1"
#2752563144
0"
#2753061304
1!
#2753063016
1"
#2753063344
0"
#2753561304
0!
#2753563016
1"
#2753563144
0"
#2754061312
1!
#2754063024
1"
#2754063352
0"
#2754561304
0!
#2754563016
1"
#2754563144
0"
#2755061304
1!
#2755063016
1"
#2755063344
0"
#2755561304
0!
#2755563016
1"
#2755563144
0"
#2756061312
1!
#2756063024
1"
#2756063352
0"
#2756561304
0!
#2756563016
1"
#2756563144
0"
#2757061304
1!
#2757063016
1"
#2757063344
0"
#2757561304
0!
#2757563016
1"
#2757563144
0"
#2758061312
1!
#2758063024
1"
#2758063352
0"
#2758561304
0!
#2758563016
1"
#2758563144
0"
#2759061304
1!
#2759063016
1"
#2759063344
0"
#2759561304
0!
#2759563016
1"
#2759563144
0"
#2760061312
1!
#2760063024
1"
#2760063352
0"
#2760561304
0!
#2760563016
1"
#2760563144
0"
#2761061304
1!
#2761063016
1"
#2761063344
0"
#2761561304
0!
#2761563016
1"
#2761563144
0"
#2762061312
1!
#2762063024
1"
#2762063352
0"
#2762561304
0!
#2762563016
1"
#2762563144
0"
#2763061304
1!
#2763063016
1"
#2763063344
0"
#2763561304
0!
#2763563016
1"
#2763563144
0"
#2764061312
1!
#2764063024
1"
#2764063352
0"
#2764561304
0!
#2764563016
1"
#2764563144
0"
#2765061304
1!
#2765063016
1"
#2765063344
0"
#2765561304
0!
#2765563016
1"
#2765563144
0"
#2766061312
1!
#2766063024
1"
#2766063352
0"
#2766561304
0!
#2766563016
1"
#2766563144
0"
#2767061304
1!
#2767063016
1"
#2767063344
0"
#2767561304
0!
#2767563016
1"
#2767563144
0"
#2768061312
1!
#2768063024
1"
#2768063352
0"
#2768561304
0!
#2768563016
1"
#2768563144
0"
#2769061304
1!
#2769063016
1"
#2769063344
0"
#2769561304
0!
#2769563016
1"
#2769563144
0"
#2770061312
1!
#2770063024
1"
#2770063352
0"
#2770561304
0!
#2770563016
1"
#2770563144
0"
#2771061304
1!
#2771063016
1"
#2771063344
0"
#2771561304
0!
#2771563016
1"
#2771563144
0"
#2772061312
1!
#2772063024
1"
#2772063352
0"
#2772561304
0!
#2772563016
1"
#2772563144
0"
#2773061304
1!
#2773063016
1"
#2773063344
0"
#2773561304
0!
#2773563016
1"
#2773563144
0"
#2774061312
1!
#2774063024
1"
#2774063352
0"
#2774561304
0!
#2774563016
1"
#2774563144
0"
#2775061304
1!
#2775063016
1"
#2775063344
0"
#2775561304
0!
#2775563016
1"
#2775563144
0"
#2776061312
1!
#2776063024
1"
#2776063352
0"
#2776561304
0!
#2776563016
1"
#2776563144
0"
#2777061304
1!
#2777063016
1"
#2777063344
0"
#2777561304
0!
#2777563016
1"
#2777563144
0"
#2778061312
1!
#2778063024
1"
#2778063352
0"
#2778561304
0!
#2778563016
1"
#2778563144
0"
#2779061304
1!
#2779063016
1"
#2779063344
0"
#2779561304
0!
#2779563016
1"
#2779563144
0"
#2780061312
1!
#2780063024
1"
#2780063352
0"
#2780561304
0!
#2780563016
1"
#2780563144
0"
#2781061304
1!
#2781063016
1"
#2781063344
0"
#2781561304
0!
#2781563016
1"
#2781563144
0"
#2782061312
1!
#2782063024
1"
#2782063352
0"
#2782561304
0!
#2782563016
1"
#2782563144
0"
#2783061304
1!
#2783063016
1"
#2783063344
0"
#2783561304
0!
#2783563016
1"
#2783563144
0"
#2784061312
1!
#2784063024
1"
#2784063352
0"
#2784561304
0!
#2784563016
1"
#2784563144
0"
#2785061304
1!
#2785063016
1"
#2785063344
0"
#2785561304
0!
#2785563016
1"
#2785563144
0"
#2786061312
1!
#2786063024
1"
#2786063352
0"
#2786561304
0!
#2786563016
1"
#2786563144
0"
#2787061304
1!
#2787063016
1"
#2787063344
0"
#2787561304
0!
#2787563016
1"
#2787563144
0"
#2788061312
1!
#2788063024
1"
#2788063352
0"
#2788561304
0!
#2788563016
1"
#2788563144
0"
#2789061304
1!
#2789063016
1"
#2789063344
0"
#2789561304
0!
#2789563016
1"
#2789563144
0"
#2790061312
1!
#2790063024
1"
#2790063352
0"
#2790561304
0!
#2790563016
1"
#2790563144
0"
#2791061304
1!
#2791063016
1"
#2791063344
0"
#2791561304
0!
#2791563016
1"
#2791563144
0"
#2792061312
1!
#2792063024
1"
#2792063352
0"
#2792561304
0!
#2792563016
1"
#2792563144
0"
#2793061304
1!
#2793063016
1"
#2793063344
0"
#2793561304
0!
#2793563016
1"
#2793563144
0"
#2794061312
1!
#2794063024
1"
#2794063352
0"
#2794561304
0!
#2794563016
1"
#2794563144
0"
#2795061304
1!
#2795063016
1"
#2795063344
0"
#2795561304
0!
#2795563016
1"
#2795563144
0"
#2796061312
1!
#2796063024
1"
#2796063352
0"
#2796561304
0!
#2796563016
1"
#2796563144
0"
#2797061304
1!
#2797063016
1"
#2797063344
0"
#2797561304
0!
#2797563016
1"
#2797563144
0"
#2798061312
1!
#2798063024
1"
#2798063352
0"
#2798561304
0!
#2798563016
1"
#2798563144
0"
#2799061304
1!
#2799063016
1"
#2799063344
0"
#2799561304
0!
#2799563016
1"
#2799563144
0"
#2800061312
1!
#2800063024
1"
#2800063352
0"
#2800561304
0!
#2800563016
1"
#2800563144
0"
#2801061304
1!
#2801063016
1"
#2801063344
0"
#2801561304
0!
#2801563016
1"
#2801563144
0"
#2802061312
1!
#2802063024
1"
#2802063352
0"
#2802561304
0!
#2802563016
1"
#2802563144
0"
#2803061304
1!
#2803063016
1"
#2803063344
0"
#2803561304
0!
#2803563016
1"
#2803563144
0"
#2804061312
1!
#2804063024
1"
#2804063352
0"
#2804561304
0!
#2804563016
1"
#2804563144
0"
#2805061304
1!
#2805063016
1"
#2805063344
0"
#2805561304
0!
#2805563016
1"
#2805563144
0"
#2806061312
1!
#2806063024
1"
#2806063352
0"
#2806561304
0!
#2806563016
1"
#2806563144
0"
#2807061304
1!
#2807063016
1"
#2807063344
0"
#2807561304
0!
#2807563016
1"
#2807563144
0"
#2808061312
1!
#2808063024
1"
#2808063352
0"
#2808561304
0!
#2808563016
1"
#2808563144
0"
#2809061304
1!
#2809063016
1"
#2809063344
0"
#2809561304
0!
#2809563016
1"
#2809563144
0"
#2810061312
1!
#2810063024
1"
#2810063352
0"
#2810561304
0!
#2810563016
1"
#2810563144
0"
#2811061304
1!
#2811063016
1"
#2811063344
0"
#2811561304
0!
#2811563016
1"
#2811563144
0"
#2812061312
1!
#2812063024
1"
#2812063352
0"
#2812561304
0!
#2812563016
1"
#2812563144
0"
#2813061304
1!
#2813063016
1"
#2813063344
0"
#2813561304
0!
#2813563016
1"
#2813563144
0"
#2814061312
1!
#2814063024
1"
#2814063352
0"
#2814561304
0!
#2814563016
1"
#2814563144
0"
#2815061304
1!
#2815063016
1"
#2815063344
0"
#2815561304
0!
#2815563016
1"
#2815563144
0"
#2816061312
1!
#2816063024
1"
#2816063352
0"
#2816561304
0!
#2816563016
1"
#2816563144
0"
#2817061304
1!
#2817063016
1"
#2817063344
0"
#2817561304
0!
#2817563016
1"
#2817563144
0"
#2818061312
1!
#2818063024
1"
#2818063352
0"
#2818561304
0!
#2818563016
1"
#2818563144
0"
#2819061304
1!
#2819063016
1"
#2819063344
0"
#2819561304
0!
#2819563016
1"
#2819563144
0"
#2820061312
1!
#2820063024
1"
#2820063352
0"
#2820561304
0!
#2820563016
1"
#2820563144
0"
#2821061304
1!
#2821063016
1"
#2821063344
0"
#2821561304
0!
#2821563016
1"
#2821563144
0"
#2822061312
1!
#2822063024
1"
#2822063352
0"
#2822561304
0!
#2822563016
1"
#2822563144
0"
#2823061304
1!
#2823063016
1"
#2823063344
0"
#2823561304
0!
#2823563016
1"
#2823563144
0"
#2824061312
1!
#2824063024
1"
#2824063352
0"
#2824561304
0!
#2824563016
1"
#2824563144
0"
#2825061304
1!
#2825063016
1"
#2825063344
0"
#2825561304
0!
#2825563016
1"
#2825563144
0"
#2826061312
1!
#2826063024
1"
#2826063352
0"
#2826561304
0!
#2826563016
1"
#2826563144
0"
#2827061304
1!
#2827063016
1"
#2827063344
0"
#2827561304
0!
#2827563016
1"
#2827563144
0"
#2828061312
1!
#2828063024
1"
#2828063352
0"
#2828561304
0!
#2828563016
1"
#2828563144
0"
#2829061304
1!
#2829063016
1"
#2829063344
0"
#2829561304
0!
#2829563016
1"
#2829563144
0"
#2830061312
1!
#2830063024
1"
#2830063352
0"
#2830561304
0!
#2830563016
1"
#2830563144
0"
#2831061304
1!
#2831063016
1"
#2831063344
0"
#2831561304
0!
#2831563016
1"
#2831563144
0"
#2832061312
1!
#2832063024
1"
#2832063352
0"
#2832561304
0!
#2832563016
1"
#2832563144
0"
#2833061304
1!
#2833063016
1"
#2833063344
0"
#2833561304
0!
#2833563016
1"
#2833563144
0"
#2834061312
1!
#2834063024
1"
#2834063352
0"
#2834561304
0!
#2834563016
1"
#2834563144
0"
#2835061304
1!
#2835063016
1"
#2835063344
0"
#2835561304
0!
#2835563016
1"
#2835563144
0"
#2836061312
1!
#2836063024
1"
#2836063352
0"
#2836561304
0!
#2836563016
1"
#2836563144
0"
#2837061304
1!
#2837063016
1"
#2837063344
0"
#2837561304
0!
#2837563016
1"
#2837563144
0"
#2838061312
1!
#2838063024
1"
#2838063352
0"
#2838561304
0!
#2838563016
1"
#2838563144
0"
#2839061304
1!
#2839063016
1"
#2839063344
0"
#2839561304
0!
#2839563016
1"
#2839563144
0"
#2840061312
1!
#2840063024
1"
#2840063352
0"
#2840561304
0!
#2840563016
1"
#2840563144
0"
#2841061304
1!
#2841063016
1"
#2841063344
0"
#2841561304
0!
#2841563016
1"
#2841563144
0"
#2842061312
1!
#2842063024
1"
#2842063352
0"
#2842561304
0!
#2842563016
1"
#2842563144
0"
#2843061304
1!
#2843063016
1"
#2843063344
0"
#2843561304
0!
#2843563016
1"
#2843563144
0"
#2844061312
1!
#2844063024
1"
#2844063352
0"
#2844561304
0!
#2844563016
1"
#2844563144
0"
#2845061304
1!
#2845063016
1"
#2845063344
0"
#2845561304
0!
#2845563016
1"
#2845563144
0"
#2846061312
1!
#2846063024
1"
#2846063352
0"
#2846561304
0!
#2846563016
1"
#2846563144
0"
#2847061304
1!
#2847063016
1"
#2847063344
0"
#2847561304
0!
#2847563016
1"
#2847563144
0"
#2848061312
1!
#2848063024
1"
#2848063352
0"
#2848561304
0!
#2848563016
1"
#2848563144
0"
#2849061304
1!
#2849063016
1"
#2849063344
0"
#2849561304
0!
#2849563016
1"
#2849563144
0"
#2850061312
1!
#2850063024
1"
#2850063352
0"
#2850561304
0!
#2850563016
1"
#2850563144
0"
#2851061304
1!
#2851063016
1"
#2851063344
0"
#2851561304
0!
#2851563016
1"
#2851563144
0"
#2852061312
1!
#2852063024
1"
#2852063352
0"
#2852561304
0!
#2852563016
1"
#2852563144
0"
#2853061304
1!
#2853063016
1"
#2853063344
0"
#2853561304
0!
#2853563016
1"
#2853563144
0"
#2854061312
1!
#2854063024
1"
#2854063352
0"
#2854561304
0!
#2854563016
1"
#2854563144
0"
#2855061304
1!
#2855063016
1"
#2855063344
0"
#2855561304
0!
#2855563016
1"
#2855563144
0"
#2856061312
1!
#2856063024
1"
#2856063352
0"
#2856561304
0!
#2856563016
1"
#2856563144
0"
#2857061304
1!
#2857063016
1"
#2857063344
0"
#2857561304
0!
#2857563016
1"
#2857563144
0"
#2858061312
1!
#2858063024
1"
#2858063352
0"
#2858561304
0!
#2858563016
1"
#2858563144
0"
#2859061304
1!
#2859063016
1"
#2859063344
0"
#2859561304
0!
#2859563016
1"
#2859563144
0"
#2860061312
1!
#2860063024
1"
#2860063352
0"
#2860561304
0!
#2860563016
1"
#2860563144
0"
#2861061304
1!
#2861063016
1"
#2861063344
0"
#2861561304
0!
#2861563016
1"
#2861563144
0"
#2862061312
1!
#2862063024
1"
#2862063352
0"
#2862561304
0!
#2862563016
1"
#2862563144
0"
#2863061304
1!
#2863063016
1"
#2863063344
0"
#2863561304
0!
#2863563016
1"
#2863563144
0"
#2864061312
1!
#2864063024
1"
#2864063352
0"
#2864561304
0!
#2864563016
1"
#2864563144
0"
#2865061304
1!
#2865063016
1"
#2865063344
0"
#2865561304
0!
#2865563016
1"
#2865563144
0"
#2866061312
1!
#2866063024
1"
#2866063352
0"
#2866561304
0!
#2866563016
1"
#2866563144
0"
#2867061304
1!
#2867063016
1"
#2867063344
0"
#2867561304
0!
#2867563016
1"
#2867563144
0"
#2868061312
1!
#2868063024
1"
#2868063352
0"
#2868561304
0!
#2868563016
1"
#2868563144
0"
#2869061304
1!
#2869063016
1"
#2869063344
0"
#2869561304
0!
#2869563016
1"
#2869563144
0"
#2870061312
1!
#2870063024
1"
#2870063352
0"
#2870561304
0!
#2870563016
1"
#2870563144
0"
#2871061304
1!
#2871063016
1"
#2871063344
0"
#2871561304
0!
#2871563016
1"
#2871563144
0"
#2872061312
1!
#2872063024
1"
#2872063352
0"
#2872561304
0!
#2872563016
1"
#2872563144
0"
#2873061304
1!
#2873063016
1"
#2873063344
0"
#2873561304
0!
#2873563016
1"
#2873563144
0"
#2874061312
1!
#2874063024
1"
#2874063352
0"
#2874561304
0!
#2874563016
1"
#2874563144
0"
#2875061304
1!
#2875063016
1"
#2875063344
0"
#2875561304
0!
#2875563016
1"
#2875563144
0"
#2876061312
1!
#2876063024
1"
#2876063352
0"
#2876561304
0!
#2876563016
1"
#2876563144
0"
#2877061304
1!
#2877063016
1"
#2877063344
0"
#2877561304
0!
#2877563016
1"
#2877563144
0"
#2878061312
1!
#2878063024
1"
#2878063352
0"
#2878561304
0!
#2878563016
1"
#2878563144
0"
#2879061304
1!
#2879063016
1"
#2879063344
0"
#2879561304
0!
#2879563016
1"
#2879563144
0"
#2880061312
1!
#2880063024
1"
#2880063352
0"
#2880561304
0!
#2880563016
1"
#2880563144
0"
#2881061304
1!
#2881063016
1"
#2881063344
0"
#2881561304
0!
#2881563016
1"
#2881563144
0"
#2882061312
1!
#2882063024
1"
#2882063352
0"
#2882561304
0!
#2882563016
1"
#2882563144
0"
#2883061304
1!
#2883063016
1"
#2883063344
0"
#2883561304
0!
#2883563016
1"
#2883563144
0"
#2884061312
1!
#2884063024
1"
#2884063352
0"
#2884561304
0!
#2884563016
1"
#2884563144
0"
#2885061304
1!
#2885063016
1"
#2885063344
0"
#2885561304
0!
#2885563016
1"
#2885563144
0"
#2886061312
1!
#2886063024
1"
#2886063352
0"
#2886561304
0!
#2886563016
1"
#2886563144
0"
#2887061304
1!
#2887063016
1"
#2887063344
0"
#2887561304
0!
#2887563016
1"
#2887563144
0"
#2888061312
1!
#2888063024
1"
#2888063352
0"
#2888561304
0!
#2888563016
1"
#2888563144
0"
#2889061304
1!
#2889063016
1"
#2889063344
0"
#2889561304
0!
#2889563016
1"
#2889563144
0"
#2890061312
1!
#2890063024
1"
#2890063352
0"
#2890561304
0!
#2890563016
1"
#2890563144
0"
#2891061304
1!
#2891063016
1"
#2891063344
0"
#2891561304
0!
#2891563016
1"
#2891563144
0"
#2892061312
1!
#2892063024
1"
#2892063352
0"
#2892561304
0!
#2892563016
1"
#2892563144
0"
#2893061304
1!
#2893063016
1"
#2893063344
0"
#2893561304
0!
#2893563016
1"
#2893563144
0"
#2894061312
1!
#2894063024
1"
#2894063352
0"
#2894561304
0!
#2894563016
1"
#2894563144
0"
#2895061304
1!
#2895063016
1"
#2895063344
0"
#2895561304
0!
#2895563016
1"
#2895563144
0"
#2896061312
1!
#2896063024
1"
#2896063352
0"
#2896561304
0!
#2896563016
1"
#2896563144
0"
#2897061304
1!
#2897063016
1"
#2897063344
0"
#2897561304
0!
#2897563016
1"
#2897563144
0"
#2898061312
1!
#2898063024
1"
#2898063352
0"
#2898561304
0!
#2898563016
1"
#2898563144
0"
#2899061304
1!
#2899063016
1"
#2899063344
0"
#2899561304
0!
#2899563016
1"
#2899563144
0"
#2900061312
1!
#2900063024
1"
#2900063352
0"
#2900561304
0!
#2900563016
1"
#2900563144
0"
#2901061304
1!
#2901063016
1"
#2901063344
0"
#2901561304
0!
#2901563016
1"
#2901563144
0"
#2902061312
1!
#2902063024
1"
#2902063352
0"
#2902561304
0!
#2902563016
1"
#2902563144
0"
#2903061304
1!
#2903063016
1"
#2903063344
0"
#2903561304
0!
#2903563016
1"
#2903563144
0"
#2904061312
1!
#2904063024
1"
#2904063352
0"
#2904561304
0!
#2904563016
1"
#2904563144
0"
#2905061304
1!
#2905063016
1"
#2905063344
0"
#2905561304
0!
#2905563016
1"
#2905563144
0"
#2906061312
1!
#2906063024
1"
#2906063352
0"
#2906561304
0!
#2906563016
1"
#2906563144
0"
#2907061304
1!
#2907063016
1"
#2907063344
0"
#2907561304
0!
#2907563016
1"
#2907563144
0"
#2908061312
1!
#2908063024
1"
#2908063352
0"
#2908561304
0!
#2908563016
1"
#2908563144
0"
#2909061304
1!
#2909063016
1"
#2909063344
0"
#2909561304
0!
#2909563016
1"
#2909563144
0"
#2910061312
1!
#2910063024
1"
#2910063352
0"
#2910561304
0!
#2910563016
1"
#2910563144
0"
#2911061304
1!
#2911063016
1"
#2911063344
0"
#2911561304
0!
#2911563016
1"
#2911563144
0"
#2912061312
1!
#2912063024
1"
#2912063352
0"
#2912561304
0!
#2912563016
1"
#2912563144
0"
#2913061304
1!
#2913063016
1"
#2913063344
0"
#2913561304
0!
#2913563016
1"
#2913563144
0"
#2914061312
1!
#2914063024
1"
#2914063352
0"
#2914561304
0!
#2914563016
1"
#2914563144
0"
#2915061304
1!
#2915063016
1"
#2915063344
0"
#2915561304
0!
#2915563016
1"
#2915563144
0"
#2916061312
1!
#2916063024
1"
#2916063352
0"
#2916561304
0!
#2916563016
1"
#2916563144
0"
#2917061304
1!
#2917063016
1"
#2917063344
0"
#2917561304
0!
#2917563016
1"
#2917563144
0"
#2918061312
1!
#2918063024
1"
#2918063352
0"
#2918561304
0!
#2918563016
1"
#2918563144
0"
#2919061304
1!
#2919063016
1"
#2919063344
0"
#2919561304
0!
#2919563016
1"
#2919563144
0"
#2920061312
1!
#2920063024
1"
#2920063352
0"
#2920561304
0!
#2920563016
1"
#2920563144
0"
#2921061304
1!
#2921063016
1"
#2921063344
0"
#2921561304
0!
#2921563016
1"
#2921563144
0"
#2922061312
1!
#2922063024
1"
#2922063352
0"
#2922561304
0!
#2922563016
1"
#2922563144
0"
#2923061304
1!
#2923063016
1"
#2923063344
0"
#2923561304
0!
#2923563016
1"
#2923563144
0"
#2924061312
1!
#2924063024
1"
#2924063352
0"
#2924561304
0!
#2924563016
1"
#2924563144
0"
#2925061304
1!
#2925063016
1"
#2925063344
0"
#2925561304
0!
#2925563016
1"
#2925563144
0"
#2926061312
1!
#2926063024
1"
#2926063352
0"
#2926561304
0!
#2926563016
1"
#2926563144
0"
#2927061304
1!
#2927063016
1"
#2927063344
0"
#2927561304
0!
#2927563016
1"
#2927563144
0"
#2928061312
1!
#2928063024
1"
#2928063352
0"
#2928561304
0!
#2928563016
1"
#2928563144
0"
#2929061304
1!
#2929063016
1"
#2929063344
0"
#2929561304
0!
#2929563016
1"
#2929563144
0"
#2930061312
1!
#2930063024
1"
#2930063352
0"
#2930561304
0!
#2930563016
1"
#2930563144
0"
#2931061304
1!
#2931063016
1"
#2931063344
0"
#2931561304
0!
#2931563016
1"
#2931563144
0"
#2932061312
1!
#2932063024
1"
#2932063352
0"
#2932561304
0!
#2932563016
1"
#2932563144
0"
#2933061304
1!
#2933063016
1"
#2933063344
0"
#2933561304
0!
#2933563016
1"
#2933563144
0"
#2934061312
1!
#2934063024
1"
#2934063352
0"
#2934561304
0!
#2934563016
1"
#2934563144
0"
#2935061304
1!
#2935063016
1"
#2935063344
0"
#2935561304
0!
#2935563016
1"
#2935563144
0"
#2936061312
1!
#2936063024
1"
#2936063352
0"
#2936561304
0!
#2936563016
1"
#2936563144
0"
#2937061304
1!
#2937063016
1"
#2937063344
0"
#2937561304
0!
#2937563016
1"
#2937563144
0"
#2938061312
1!
#2938063024
1"
#2938063352
0"
#2938561304
0!
#2938563016
1"
#2938563144
0"
#2939061304
1!
#2939063016
1"
#2939063344
0"
#2939561304
0!
#2939563016
1"
#2939563144
0"
#2940061312
1!
#2940063024
1"
#2940063352
0"
#2940561304
0!
#2940563016
1"
#2940563144
0"
#2941061304
1!
#2941063016
1"
#2941063344
0"
#2941561304
0!
#2941563016
1"
#2941563144
0"
#2942061312
1!
#2942063024
1"
#2942063352
0"
#2942561304
0!
#2942563016
1"
#2942563144
0"
#2943061304
1!
#2943063016
1"
#2943063344
0"
#2943561304
0!
#2943563016
1"
#2943563144
0"
#2944061312
1!
#2944063024
1"
#2944063352
0"
#2944561304
0!
#2944563016
1"
#2944563144
0"
#2945061304
1!
#2945063016
1"
#2945063344
0"
#2945561304
0!
#2945563016
1"
#2945563144
0"
#2946061312
1!
#2946063024
1"
#2946063352
0"
#2946561304
0!
#2946563016
1"
#2946563144
0"
#2947061304
1!
#2947063016
1"
#2947063344
0"
#2947561304
0!
#2947563016
1"
#2947563144
0"
#2948061312
1!
#2948063024
1"
#2948063352
0"
#2948561304
0!
#2948563016
1"
#2948563144
0"
#2949061304
1!
#2949063016
1"
#2949063344
0"
#2949561304
0!
#2949563016
1"
#2949563144
0"
#2950061312
1!
#2950063024
1"
#2950063352
0"
#2950561304
0!
#2950563016
1"
#2950563144
0"
#2951061304
1!
#2951063016
1"
#2951063344
0"
#2951561304
0!
#2951563016
1"
#2951563144
0"
#2952061312
1!
#2952063024
1"
#2952063352
0"
#2952561304
0!
#2952563016
1"
#2952563144
0"
#2953061304
1!
#2953063016
1"
#2953063344
0"
#2953561304
0!
#2953563016
1"
#2953563144
0"
#2954061312
1!
#2954063024
1"
#2954063352
0"
#2954561304
0!
#2954563016
1"
#2954563144
0"
#2955061304
1!
#2955063016
1"
#2955063344
0"
#2955561304
0!
#2955563016
1"
#2955563144
0"
#2956061312
1!
#2956063024
1"
#2956063352
0"
#2956561304
0!
#2956563016
1"
#2956563144
0"
#2957061304
1!
#2957063016
1"
#2957063344
0"
#2957561304
0!
#2957563016
1"
#2957563144
0"
#2958061312
1!
#2958063024
1"
#2958063352
0"
#2958561304
0!
#2958563016
1"
#2958563144
0"
#2959061304
1!
#2959063016
1"
#2959063344
0"
#2959561304
0!
#2959563016
1"
#2959563144
0"
#2960061312
1!
#2960063024
1"
#2960063352
0"
#2960561304
0!
#2960563016
1"
#2960563144
0"
#2961061304
1!
#2961063016
1"
#2961063344
0"
#2961561304
0!
#2961563016
1"
#2961563144
0"
#2962061312
1!
#2962063024
1"
#2962063352
0"
#2962561304
0!
#2962563016
1"
#2962563144
0"
#2963061304
1!
#2963063016
1"
#2963063344
0"
#2963561304
0!
#2963563016
1"
#2963563144
0"
#2964061312
1!
#2964063024
1"
#2964063352
0"
#2964561304
0!
#2964563016
1"
#2964563144
0"
#2965061304
1!
#2965063016
1"
#2965063344
0"
#2965561304
0!
#2965563016
1"
#2965563144
0"
#2966061312
1!
#2966063024
1"
#2966063352
0"
#2966561304
0!
#2966563016
1"
#2966563144
0"
#2967061304
1!
#2967063016
1"
#2967063344
0"
#2967561304
0!
#2967563016
1"
#2967563144
0"
#2968061312
1!
#2968063024
1"
#2968063352
0"
#2968561304
0!
#2968563016
1"
#2968563144
0"
#2969061304
1!
#2969063016
1"
#2969063344
0"
#2969561304
0!
#2969563016
1"
#2969563144
0"
#2970061312
1!
#2970063024
1"
#2970063352
0"
#2970561304
0!
#2970563016
1"
#2970563144
0"
#2971061304
1!
#2971063016
1"
#2971063344
0"
#2971561304
0!
#2971563016
1"
#2971563144
0"
#2972061312
1!
#2972063024
1"
#2972063352
0"
#2972561304
0!
#2972563016
1"
#2972563144
0"
#2973061304
1!
#2973063016
1"
#2973063344
0"
#2973561304
0!
#2973563016
1"
#2973563144
0"
#2974061312
1!
#2974063024
1"
#2974063352
0"
#2974561304
0!
#2974563016
1"
#2974563144
0"
#2975061304
1!
#2975063016
1"
#2975063344
0"
#2975561304
0!
#2975563016
1"
#2975563144
0"
#2976061312
1!
#2976063024
1"
#2976063352
0"
#2976561304
0!
#2976563016
1"
#2976563144
0"
#2977061304
1!
#2977063016
1"
#2977063344
0"
#2977561304
0!
#2977563016
1"
#2977563144
0"
#2978061312
1!
#2978063024
1"
#2978063352
0"
#2978561304
0!
#2978563016
1"
#2978563144
0"
#2979061304
1!
#2979063016
1"
#2979063344
0"
#2979561304
0!
#2979563016
1"
#2979563144
0"
#2980061312
1!
#2980063024
1"
#2980063352
0"
#2980561304
0!
#2980563016
1"
#2980563144
0"
#2981061304
1!
#2981063016
1"
#2981063344
0"
#2981561304
0!
#2981563016
1"
#2981563144
0"
#2982061312
1!
#2982063024
1"
#2982063352
0"
#2982561304
0!
#2982563016
1"
#2982563144
0"
#2983061304
1!
#2983063016
1"
#2983063344
0"
#2983561304
0!
#2983563016
1"
#2983563144
0"
#2984061312
1!
#2984063024
1"
#2984063352
0"
#2984561304
0!
#2984563016
1"
#2984563144
0"
#2985061304
1!
#2985063016
1"
#2985063344
0"
#2985561304
0!
#2985563016
1"
#2985563144
0"
#2986061312
1!
#2986063024
1"
#2986063352
0"
#2986561304
0!
#2986563016
1"
#2986563144
0"
#2987061304
1!
#2987063016
1"
#2987063344
0"
#2987561304
0!
#2987563016
1"
#2987563144
0"
#2988061312
1!
#2988063024
1"
#2988063352
0"
#2988561304
0!
#2988563016
1"
#2988563144
0"
#2989061304
1!
#2989063016
1"
#2989063344
0"
#2989561304
0!
#2989563016
1"
#2989563144
0"
#2990061312
1!
#2990063024
1"
#2990063352
0"
#2990561304
0!
#2990563016
1"
#2990563144
0"
#2991061304
1!
#2991063016
1"
#2991063344
0"
#2991561304
0!
#2991563016
1"
#2991563144
0"
#2992061312
1!
#2992063024
1"
#2992063352
0"
#2992561304
0!
#2992563016
1"
#2992563144
0"
#2993061304
1!
#2993063016
1"
#2993063344
0"
#2993561304
0!
#2993563016
1"
#2993563144
0"
#2994061312
1!
#2994063024
1"
#2994063352
0"
#2994561304
0!
#2994563016
1"
#2994563144
0"
#2995061304
1!
#2995063016
1"
#2995063344
0"
#2995561304
0!
#2995563016
1"
#2995563144
0"
#2996061312
1!
#2996063024
1"
#2996063352
0"
#2996561304
0!
#2996563016
1"
#2996563144
0"
#2997061304
1!
#2997063016
1"
#2997063344
0"
#2997561304
0!
#2997563016
1"
#2997563144
0"
#2998061312
1!
#2998063024
1"
#2998063352
0"
#2998561304
0!
#2998563016
1"
#2998563144
0"
#2999061304
1!
#2999063016
1"
#2999063344
0"
#2999561304
0!
#2999563016
1"
#2999563144
0"
#3000061312
1!
#3000063024
1"
#3000063352
0"
#3000561304
0!
#3000563016
1"
#3000563144
0"
#3001061304
1!
#3001063016
1"
#3001063344
0"
#3001561304
0!
#3001563016
1"
#3001563144
0"
#3002061312
1!
#3002063024
1"
#3002063352
0"
#3002561304
0!
#3002563016
1"
#3002563144
0"
#3003061304
1!
#3003063016
1"
#3003063344
0"
#3003561304
0!
#3003563016
1"
#3003563144
0"
#3004061312
1!
#3004063024
1"
#3004063352
0"
#3004561304
0!
#3004563016
1"
#3004563144
0"
#3005061304
1!
#3005063016
1"
#3005063344
0"
#3005561304
0!
#3005563016
1"
#3005563144
0"
#3006061312
1!
#3006063024
1"
#3006063352
0"
#3006561304
0!
#3006563016
1"
#3006563144
0"
#3007061304
1!
#3007063016
1"
#3007063344
0"
#3007561304
0!
#3007563016
1"
#3007563144
0"
#3008061312
1!
#3008063024
1"
#3008063352
0"
#3008561304
0!
#3008563016
1"
#3008563144
0"
#3009061304
1!
#3009063016
1"
#3009063344
0"
#3009561304
0!
#3009563016
1"
#3009563144
0"
#3010061312
1!
#3010063024
1"
#3010063352
0"
#3010561304
0!
#3010563016
1"
#3010563144
0"
#3011061304
1!
#3011063016
1"
#3011063344
0"
#3011561304
0!
#3011563016
1"
#3011563144
0"
#3012061312
1!
#3012063024
1"
#3012063352
0"
#3012561304
0!
#3012563016
1"
#3012563144
0"
#3013061304
1!
#3013063016
1"
#3013063344
0"
#3013561304
0!
#3013563016
1"
#3013563144
0"
#3014061312
1!
#3014063024
1"
#3014063352
0"
#3014561304
0!
#3014563016
1"
#3014563144
0"
#3015061304
1!
#3015063016
1"
#3015063344
0"
#3015561304
0!
#3015563016
1"
#3015563144
0"
#3016061312
1!
#3016063024
1"
#3016063352
0"
#3016561304
0!
#3016563016
1"
#3016563144
0"
#3017061304
1!
#3017063016
1"
#3017063344
0"
#3017561304
0!
#3017563016
1"
#3017563144
0"
#3018061312
1!
#3018063024
1"
#3018063352
0"
#3018561304
0!
#3018563016
1"
#3018563144
0"
#3019061304
1!
#3019063016
1"
#3019063344
0"
#3019561304
0!
#3019563016
1"
#3019563144
0"
#3020061312
1!
#3020063024
1"
#3020063352
0"
#3020561304
0!
#3020563016
1"
#3020563144
0"
#3021061304
1!
#3021063016
1"
#3021063344
0"
#3021561304
0!
#3021563016
1"
#3021563144
0"
#3022061312
1!
#3022063024
1"
#3022063352
0"
#3022561304
0!
#3022563016
1"
#3022563144
0"
#3023061304
1!
#3023063016
1"
#3023063344
0"
#3023561304
0!
#3023563016
1"
#3023563144
0"
#3024061312
1!
#3024063024
1"
#3024063352
0"
#3024561304
0!
#3024563016
1"
#3024563144
0"
#3025061304
1!
#3025063016
1"
#3025063344
0"
#3025561304
0!
#3025563016
1"
#3025563144
0"
#3026061312
1!
#3026063024
1"
#3026063352
0"
#3026561304
0!
#3026563016
1"
#3026563144
0"
#3027061304
1!
#3027063016
1"
#3027063344
0"
#3027561304
0!
#3027563016
1"
#3027563144
0"
#3028061312
1!
#3028063024
1"
#3028063352
0"
#3028561304
0!
#3028563016
1"
#3028563144
0"
#3029061304
1!
#3029063016
1"
#3029063344
0"
#3029561304
0!
#3029563016
1"
#3029563144
0"
#3030061312
1!
#3030063024
1"
#3030063352
0"
#3030561304
0!
#3030563016
1"
#3030563144
0"
#3031061304
1!
#3031063016
1"
#3031063344
0"
#3031561304
0!
#3031563016
1"
#3031563144
0"
#3032061312
1!
#3032063024
1"
#3032063352
0"
#3032561304
0!
#3032563016
1"
#3032563144
0"
#3033061304
1!
#3033063016
1"
#3033063344
0"
#3033561304
0!
#3033563016
1"
#3033563144
0"
#3034061312
1!
#3034063024
1"
#3034063352
0"
#3034561304
0!
#3034563016
1"
#3034563144
0"
#3035061304
1!
#3035063016
1"
#3035063344
0"
#3035561304
0!
#3035563016
1"
#3035563144
0"
#3036061312
1!
#3036063024
1"
#3036063352
0"
#3036561304
0!
#3036563016
1"
#3036563144
0"
#3037061304
1!
#3037063016
1"
#3037063344
0"
#3037561304
0!
#3037563016
1"
#3037563144
0"
#3038061312
1!
#3038063024
1"
#3038063352
0"
#3038561304
0!
#3038563016
1"
#3038563144
0"
#3039061304
1!
#3039063016
1"
#3039063344
0"
#3039561304
0!
#3039563016
1"
#3039563144
0"
#3040061312
1!
#3040063024
1"
#3040063352
0"
#3040561304
0!
#3040563016
1"
#3040563144
0"
#3041061304
1!
#3041063016
1"
#3041063344
0"
#3041561304
0!
#3041563016
1"
#3041563144
0"
#3042061312
1!
#3042063024
1"
#3042063352
0"
#3042561304
0!
#3042563016
1"
#3042563144
0"
#3043061304
1!
#3043063016
1"
#3043063344
0"
#3043561304
0!
#3043563016
1"
#3043563144
0"
#3044061312
1!
#3044063024
1"
#3044063352
0"
#3044561304
0!
#3044563016
1"
#3044563144
0"
#3045061304
1!
#3045063016
1"
#3045063344
0"
#3045561304
0!
#3045563016
1"
#3045563144
0"
#3046061312
1!
#3046063024
1"
#3046063352
0"
#3046561304
0!
#3046563016
1"
#3046563144
0"
#3047061304
1!
#3047063016
1"
#3047063344
0"
#3047561304
0!
#3047563016
1"
#3047563144
0"
#3048061312
1!
#3048063024
1"
#3048063352
0"
#3048561304
0!
#3048563016
1"
#3048563144
0"
#3049061304
1!
#3049063016
1"
#3049063344
0"
#3049561304
0!
#3049563016
1"
#3049563144
0"
#3050061312
1!
#3050063024
1"
#3050063352
0"
#3050561304
0!
#3050563016
1"
#3050563144
0"
#3051061304
1!
#3051063016
1"
#3051063344
0"
#3051561304
0!
#3051563016
1"
#3051563144
0"
#3052061312
1!
#3052063024
1"
#3052063352
0"
#3052561304
0!
#3052563016
1"
#3052563144
0"
#3053061304
1!
#3053063016
1"
#3053063344
0"
#3053561304
0!
#3053563016
1"
#3053563144
0"
#3054061312
1!
#3054063024
1"
#3054063352
0"
#3054561304
0!
#3054563016
1"
#3054563144
0"
#3055061304
1!
#3055063016
1"
#3055063344
0"
#3055561304
0!
#3055563016
1"
#3055563144
0"
#3056061312
1!
#3056063024
1"
#3056063352
0"
#3056561304
0!
#3056563016
1"
#3056563144
0"
#3057061304
1!
#3057063016
1"
#3057063344
0"
#3057561304
0!
#3057563016
1"
#3057563144
0"
#3058061312
1!
#3058063024
1"
#3058063352
0"
#3058561304
0!
#3058563016
1"
#3058563144
0"
#3059061304
1!
#3059063016
1"
#3059063344
0"
#3059561304
0!
#3059563016
1"
#3059563144
0"
#3060061312
1!
#3060063024
1"
#3060063352
0"
#3060561304
0!
#3060563016
1"
#3060563144
0"
#3061061304
1!
#3061063016
1"
#3061063344
0"
#3061561304
0!
#3061563016
1"
#3061563144
0"
#3062061312
1!
#3062063024
1"
#3062063352
0"
#3062561304
0!
#3062563016
1"
#3062563144
0"
#3063061304
1!
#3063063016
1"
#3063063344
0"
#3063561304
0!
#3063563016
1"
#3063563144
0"
#3064061312
1!
#3064063024
1"
#3064063352
0"
#3064561304
0!
#3064563016
1"
#3064563144
0"
#3065061304
1!
#3065063016
1"
#3065063344
0"
#3065561304
0!
#3065563016
1"
#3065563144
0"
#3066061312
1!
#3066063024
1"
#3066063352
0"
#3066561304
0!
#3066563016
1"
#3066563144
0"
#3067061304
1!
#3067063016
1"
#3067063344
0"
#3067561304
0!
#3067563016
1"
#3067563144
0"
#3068061312
1!
#3068063024
1"
#3068063352
0"
#3068561304
0!
#3068563016
1"
#3068563144
0"
#3069061304
1!
#3069063016
1"
#3069063344
0"
#3069561304
0!
#3069563016
1"
#3069563144
0"
#3070061312
1!
#3070063024
1"
#3070063352
0"
#3070561304
0!
#3070563016
1"
#3070563144
0"
#3071061304
1!
#3071063016
1"
#3071063344
0"
#3071561304
0!
#3071563016
1"
#3071563144
0"
#3072061312
1!
#3072063024
1"
#3072063352
0"
#3072561304
0!
#3072563016
1"
#3072563144
0"
#3073061304
1!
#3073063016
1"
#3073063344
0"
#3073561304
0!
#3073563016
1"
#3073563144
0"
#3074061312
1!
#3074063024
1"
#3074063352
0"
#3074561304
0!
#3074563016
1"
#3074563144
0"
#3075061304
1!
#3075063016
1"
#3075063344
0"
#3075561304
0!
#3075563016
1"
#3075563144
0"
#3076061312
1!
#3076063024
1"
#3076063352
0"
#3076561304
0!
#3076563016
1"
#3076563144
0"
#3077061304
1!
#3077063016
1"
#3077063344
0"
#3077561304
0!
#3077563016
1"
#3077563144
0"
#3078061312
1!
#3078063024
1"
#3078063352
0"
#3078561304
0!
#3078563016
1"
#3078563144
0"
#3079061304
1!
#3079063016
1"
#3079063344
0"
#3079561304
0!
#3079563016
1"
#3079563144
0"
#3080061312
1!
#3080063024
1"
#3080063352
0"
#3080561304
0!
#3080563016
1"
#3080563144
0"
#3081061304
1!
#3081063016
1"
#3081063344
0"
#3081561304
0!
#3081563016
1"
#3081563144
0"
#3082061312
1!
#3082063024
1"
#3082063352
0"
#3082561304
0!
#3082563016
1"
#3082563144
0"
#3083061304
1!
#3083063016
1"
#3083063344
0"
#3083561304
0!
#3083563016
1"
#3083563144
0"
#3084061312
1!
#3084063024
1"
#3084063352
0"
#3084561304
0!
#3084563016
1"
#3084563144
0"
#3085061304
1!
#3085063016
1"
#3085063344
0"
#3085561304
0!
#3085563016
1"
#3085563144
0"
#3086061312
1!
#3086063024
1"
#3086063352
0"
#3086561304
0!
#3086563016
1"
#3086563144
0"
#3087061304
1!
#3087063016
1"
#3087063344
0"
#3087561304
0!
#3087563016
1"
#3087563144
0"
#3088061312
1!
#3088063024
1"
#3088063352
0"
#3088561304
0!
#3088563016
1"
#3088563144
0"
#3089061304
1!
#3089063016
1"
#3089063344
0"
#3089561304
0!
#3089563016
1"
#3089563144
0"
#3090061312
1!
#3090063024
1"
#3090063352
0"
#3090561304
0!
#3090563016
1"
#3090563144
0"
#3091061304
1!
#3091063016
1"
#3091063344
0"
#3091561304
0!
#3091563016
1"
#3091563144
0"
#3092061312
1!
#3092063024
1"
#3092063352
0"
#3092561304
0!
#3092563016
1"
#3092563144
0"
#3093061304
1!
#3093063016
1"
#3093063344
0"
#3093561304
0!
#3093563016
1"
#3093563144
0"
#3094061312
1!
#3094063024
1"
#3094063352
0"
#3094561304
0!
#3094563016
1"
#3094563144
0"
#3095061304
1!
#3095063016
1"
#3095063344
0"
#3095561304
0!
#3095563016
1"
#3095563144
0"
#3096061312
1!
#3096063024
1"
#3096063352
0"
#3096561304
0!
#3096563016
1"
#3096563144
0"
#3097061304
1!
#3097063016
1"
#3097063344
0"
#3097561304
0!
#3097563016
1"
#3097563144
0"
#3098061312
1!
#3098063024
1"
#3098063352
0"
#3098561304
0!
#3098563016
1"
#3098563144
0"
#3099061304
1!
#3099063016
1"
#3099063344
0"
#3099561304
0!
#3099563016
1"
#3099563144
0"
#3100061312
1!
#3100063024
1"
#3100063352
0"
#3100561304
0!
#3100563016
1"
#3100563144
0"
#3101061304
1!
#3101063016
1"
#3101063344
0"
#3101561304
0!
#3101563016
1"
#3101563144
0"
#3102061312
1!
#3102063024
1"
#3102063352
0"
#3102561304
0!
#3102563016
1"
#3102563144
0"
#3103061304
1!
#3103063016
1"
#3103063344
0"
#3103561304
0!
#3103563016
1"
#3103563144
0"
#3104061312
1!
#3104063024
1"
#3104063352
0"
#3104561304
0!
#3104563016
1"
#3104563144
0"
#3105061304
1!
#3105063016
1"
#3105063344
0"
#3105561304
0!
#3105563016
1"
#3105563144
0"
#3106061312
1!
#3106063024
1"
#3106063352
0"
#3106561304
0!
#3106563016
1"
#3106563144
0"
#3107061304
1!
#3107063016
1"
#3107063344
0"
#3107561304
0!
#3107563016
1"
#3107563144
0"
#3108061312
1!
#3108063024
1"
#3108063352
0"
#3108561304
0!
#3108563016
1"
#3108563144
0"
#3109061304
1!
#3109063016
1"
#3109063344
0"
#3109561304
0!
#3109563016
1"
#3109563144
0"
#3110061312
1!
#3110063024
1"
#3110063352
0"
#3110561304
0!
#3110563016
1"
#3110563144
0"
#3111061304
1!
#3111063016
1"
#3111063344
0"
#3111561304
0!
#3111563016
1"
#3111563144
0"
#3112061312
1!
#3112063024
1"
#3112063352
0"
#3112561304
0!
#3112563016
1"
#3112563144
0"
#3113061304
1!
#3113063016
1"
#3113063344
0"
#3113561304
0!
#3113563016
1"
#3113563144
0"
#3114061312
1!
#3114063024
1"
#3114063352
0"
#3114561304
0!
#3114563016
1"
#3114563144
0"
#3115061304
1!
#3115063016
1"
#3115063344
0"
#3115561304
0!
#3115563016
1"
#3115563144
0"
#3116061312
1!
#3116063024
1"
#3116063352
0"
#3116561304
0!
#3116563016
1"
#3116563144
0"
#3117061304
1!
#3117063016
1"
#3117063344
0"
#3117561304
0!
#3117563016
1"
#3117563144
0"
#3118061312
1!
#3118063024
1"
#3118063352
0"
#3118561304
0!
#3118563016
1"
#3118563144
0"
#3119061304
1!
#3119063016
1"
#3119063344
0"
#3119561304
0!
#3119563016
1"
#3119563144
0"
#3120061312
1!
#3120063024
1"
#3120063352
0"
#3120561304
0!
#3120563016
1"
#3120563144
0"
#3121061304
1!
#3121063016
1"
#3121063344
0"
#3121561304
0!
#3121563016
1"
#3121563144
0"
#3122061312
1!
#3122063024
1"
#3122063352
0"
#3122561304
0!
#3122563016
1"
#3122563144
0"
#3123061304
1!
#3123063016
1"
#3123063344
0"
#3123561304
0!
#3123563016
1"
#3123563144
0"
#3124061312
1!
#3124063024
1"
#3124063352
0"
#3124561304
0!
#3124563016
1"
#3124563144
0"
#3125061304
1!
#3125063016
1"
#3125063344
0"
#3125561304
0!
#3125563016
1"
#3125563144
0"
#3126061312
1!
#3126063024
1"
#3126063352
0"
#3126561304
0!
#3126563016
1"
#3126563144
0"
#3127061304
1!
#3127063016
1"
#3127063344
0"
#3127561304
0!
#3127563016
1"
#3127563144
0"
#3128061312
1!
#3128063024
1"
#3128063352
0"
#3128561304
0!
#3128563016
1"
#3128563144
0"
#3129061304
1!
#3129063016
1"
#3129063344
0"
#3129561304
0!
#3129563016
1"
#3129563144
0"
#3130061312
1!
#3130063024
1"
#3130063352
0"
#3130561304
0!
#3130563016
1"
#3130563144
0"
#3131061304
1!
#3131063016
1"
#3131063344
0"
#3131561304
0!
#3131563016
1"
#3131563144
0"
#3132061312
1!
#3132063024
1"
#3132063352
0"
#3132561304
0!
#3132563016
1"
#3132563144
0"
#3133061304
1!
#3133063016
1"
#3133063344
0"
#3133561304
0!
#3133563016
1"
#3133563144
0"
#3134061312
1!
#3134063024
1"
#3134063352
0"
#3134561304
0!
#3134563016
1"
#3134563144
0"
#3135061304
1!
#3135063016
1"
#3135063344
0"
#3135561304
0!
#3135563016
1"
#3135563144
0"
#3136061312
1!
#3136063024
1"
#3136063352
0"
#3136561304
0!
#3136563016
1"
#3136563144
0"
#3137061304
1!
#3137063016
1"
#3137063344
0"
#3137561304
0!
#3137563016
1"
#3137563144
0"
#3138061312
1!
#3138063024
1"
#3138063352
0"
#3138561304
0!
#3138563016
1"
#3138563144
0"
#3139061304
1!
#3139063016
1"
#3139063344
0"
#3139561304
0!
#3139563016
1"
#3139563144
0"
#3140061312
1!
#3140063024
1"
#3140063352
0"
#3140561304
0!
#3140563016
1"
#3140563144
0"
#3141061304
1!
#3141063016
1"
#3141063344
0"
#3141561304
0!
#3141563016
1"
#3141563144
0"
#3142061312
1!
#3142063024
1"
#3142063352
0"
#3142561304
0!
#3142563016
1"
#3142563144
0"
#3143061304
1!
#3143063016
1"
#3143063344
0"
#3143561304
0!
#3143563016
1"
#3143563144
0"
#3144061312
1!
#3144063024
1"
#3144063352
0"
#3144561304
0!
#3144563016
1"
#3144563144
0"
#3145061304
1!
#3145063016
1"
#3145063344
0"
#3145561304
0!
#3145563016
1"
#3145563144
0"
#3146061312
1!
#3146063024
1"
#3146063352
0"
#3146561304
0!
#3146563016
1"
#3146563144
0"
#3147061304
1!
#3147063016
1"
#3147063344
0"
#3147561304
0!
#3147563016
1"
#3147563144
0"
#3148061312
1!
#3148063024
1"
#3148063352
0"
#3148561304
0!
#3148563016
1"
#3148563144
0"
#3149061304
1!
#3149063016
1"
#3149063344
0"
#3149561304
0!
#3149563016
1"
#3149563144
0"
#3150061312
1!
#3150063024
1"
#3150063352
0"
#3150561304
0!
#3150563016
1"
#3150563144
0"
#3151061304
1!
#3151063016
1"
#3151063344
0"
#3151561304
0!
#3151563016
1"
#3151563144
0"
#3152061312
1!
#3152063024
1"
#3152063352
0"
#3152561304
0!
#3152563016
1"
#3152563144
0"
#3153061304
1!
#3153063016
1"
#3153063344
0"
#3153561304
0!
#3153563016
1"
#3153563144
0"
#3154061312
1!
#3154063024
1"
#3154063352
0"
#3154561304
0!
#3154563016
1"
#3154563144
0"
#3155061304
1!
#3155063016
1"
#3155063344
0"
#3155561304
0!
#3155563016
1"
#3155563144
0"
#3156061312
1!
#3156063024
1"
#3156063352
0"
#3156561304
0!
#3156563016
1"
#3156563144
0"
#3157061304
1!
#3157063016
1"
#3157063344
0"
#3157561304
0!
#3157563016
1"
#3157563144
0"
#3158061312
1!
#3158063024
1"
#3158063352
0"
#3158561304
0!
#3158563016
1"
#3158563144
0"
#3159061304
1!
#3159063016
1"
#3159063344
0"
#3159561304
0!
#3159563016
1"
#3159563144
0"
#3160061312
1!
#3160063024
1"
#3160063352
0"
#3160561304
0!
#3160563016
1"
#3160563144
0"
#3161061304
1!
#3161063016
1"
#3161063344
0"
#3161561304
0!
#3161563016
1"
#3161563144
0"
#3162061312
1!
#3162063024
1"
#3162063352
0"
#3162561304
0!
#3162563016
1"
#3162563144
0"
#3163061304
1!
#3163063016
1"
#3163063344
0"
#3163561304
0!
#3163563016
1"
#3163563144
0"
#3164061312
1!
#3164063024
1"
#3164063352
0"
#3164561304
0!
#3164563016
1"
#3164563144
0"
#3165061304
1!
#3165063016
1"
#3165063344
0"
#3165561304
0!
#3165563016
1"
#3165563144
0"
#3166061312
1!
#3166063024
1"
#3166063352
0"
#3166561304
0!
#3166563016
1"
#3166563144
0"
#3167061304
1!
#3167063016
1"
#3167063344
0"
#3167561304
0!
#3167563016
1"
#3167563144
0"
#3168061312
1!
#3168063024
1"
#3168063352
0"
#3168561304
0!
#3168563016
1"
#3168563144
0"
#3169061304
1!
#3169063016
1"
#3169063344
0"
#3169561304
0!
#3169563016
1"
#3169563144
0"
#3170061312
1!
#3170063024
1"
#3170063352
0"
#3170561304
0!
#3170563016
1"
#3170563144
0"
#3171061304
1!
#3171063016
1"
#3171063344
0"
#3171561304
0!
#3171563016
1"
#3171563144
0"
#3172061312
1!
#3172063024
1"
#3172063352
0"
#3172561304
0!
#3172563016
1"
#3172563144
0"
#3173061304
1!
#3173063016
1"
#3173063344
0"
#3173561304
0!
#3173563016
1"
#3173563144
0"
#3174061312
1!
#3174063024
1"
#3174063352
0"
#3174561304
0!
#3174563016
1"
#3174563144
0"
#3175061304
1!
#3175063016
1"
#3175063344
0"
#3175561304
0!
#3175563016
1"
#3175563144
0"
#3176061312
1!
#3176063024
1"
#3176063352
0"
#3176561304
0!
#3176563016
1"
#3176563144
0"
#3177061304
1!
#3177063016
1"
#3177063344
0"
#3177561304
0!
#3177563016
1"
#3177563144
0"
#3178061312
1!
#3178063024
1"
#3178063352
0"
#3178561304
0!
#3178563016
1"
#3178563144
0"
#3179061304
1!
#3179063016
1"
#3179063344
0"
#3179561304
0!
#3179563016
1"
#3179563144
0"
#3180061312
1!
#3180063024
1"
#3180063352
0"
#3180561304
0!
#3180563016
1"
#3180563144
0"
#3181061304
1!
#3181063016
1"
#3181063344
0"
#3181561304
0!
#3181563016
1"
#3181563144
0"
#3182061312
1!
#3182063024
1"
#3182063352
0"
#3182561304
0!
#3182563016
1"
#3182563144
0"
#3183061304
1!
#3183063016
1"
#3183063344
0"
#3183561304
0!
#3183563016
1"
#3183563144
0"
#3184061312
1!
#3184063024
1"
#3184063352
0"
#3184561304
0!
#3184563016
1"
#3184563144
0"
#3185061304
1!
#3185063016
1"
#3185063344
0"
#3185561304
0!
#3185563016
1"
#3185563144
0"
#3186061312
1!
#3186063024
1"
#3186063352
0"
#3186561304
0!
#3186563016
1"
#3186563144
0"
#3187061304
1!
#3187063016
1"
#3187063344
0"
#3187561304
0!
#3187563016
1"
#3187563144
0"
#3188061312
1!
#3188063024
1"
#3188063352
0"
#3188561304
0!
#3188563016
1"
#3188563144
0"
#3189061304
1!
#3189063016
1"
#3189063344
0"
#3189561304
0!
#3189563016
1"
#3189563144
0"
#3190061312
1!
#3190063024
1"
#3190063352
0"
#3190561304
0!
#3190563016
1"
#3190563144
0"
#3191061304
1!
#3191063016
1"
#3191063344
0"
#3191561304
0!
#3191563016
1"
#3191563144
0"
#3192061312
1!
#3192063024
1"
#3192063352
0"
#3192561304
0!
#3192563016
1"
#3192563144
0"
#3193061304
1!
#3193063016
1"
#3193063344
0"
#3193561304
0!
#3193563016
1"
#3193563144
0"
#3194061312
1!
#3194063024
1"
#3194063352
0"
#3194561304
0!
#3194563016
1"
#3194563144
0"
#3195061304
1!
#3195063016
1"
#3195063344
0"
#3195561304
0!
#3195563016
1"
#3195563144
0"
#3196061312
1!
#3196063024
1"
#3196063352
0"
#3196561304
0!
#3196563016
1"
#3196563144
0"
#3197061304
1!
#3197063016
1"
#3197063344
0"
#3197561304
0!
#3197563016
1"
#3197563144
0"
#3198061312
1!
#3198063024
1"
#3198063352
0"
#3198561304
0!
#3198563016
1"
#3198563144
0"
#3199061304
1!
#3199063016
1"
#3199063344
0"
#3199561304
0!
#3199563016
1"
#3199563144
0"
#3200061312
1!
#3200063024
1"
#3200063352
0"
#3200561304
0!
#3200563016
1"
#3200563144
0"
#3201061304
1!
#3201063016
1"
#3201063344
0"
#3201561304
0!
#3201563016
1"
#3201563144
0"
#3202061312
1!
#3202063024
1"
#3202063352
0"
#3202561304
0!
#3202563016
1"
#3202563144
0"
#3203061304
1!
#3203063016
1"
#3203063344
0"
#3203561304
0!
#3203563016
1"
#3203563144
0"
#3204061312
1!
#3204063024
1"
#3204063352
0"
#3204561304
0!
#3204563016
1"
#3204563144
0"
#3205061304
1!
#3205063016
1"
#3205063344
0"
#3205561304
0!
#3205563016
1"
#3205563144
0"
#3206061312
1!
#3206063024
1"
#3206063352
0"
#3206561304
0!
#3206563016
1"
#3206563144
0"
#3207061304
1!
#3207063016
1"
#3207063344
0"
#3207561304
0!
#3207563016
1"
#3207563144
0"
#3208061312
1!
#3208063024
1"
#3208063352
0"
#3208561304
0!
#3208563016
1"
#3208563144
0"
#3209061304
1!
#3209063016
1"
#3209063344
0"
#3209561304
0!
#3209563016
1"
#3209563144
0"
#3210061312
1!
#3210063024
1"
#3210063352
0"
#3210561304
0!
#3210563016
1"
#3210563144
0"
#3211061304
1!
#3211063016
1"
#3211063344
0"
#3211561304
0!
#3211563016
1"
#3211563144
0"
#3212061312
1!
#3212063024
1"
#3212063352
0"
#3212561304
0!
#3212563016
1"
#3212563144
0"
#3213061304
1!
#3213063016
1"
#3213063344
0"
#3213561304
0!
#3213563016
1"
#3213563144
0"
#3214061312
1!
#3214063024
1"
#3214063352
0"
#3214561304
0!
#3214563016
1"
#3214563144
0"
#3215061304
1!
#3215063016
1"
#3215063344
0"
#3215561304
0!
#3215563016
1"
#3215563144
0"
#3216061312
1!
#3216063024
1"
#3216063352
0"
#3216561304
0!
#3216563016
1"
#3216563144
0"
#3217061304
1!
#3217063016
1"
#3217063344
0"
#3217561304
0!
#3217563016
1"
#3217563144
0"
#3218061312
1!
#3218063024
1"
#3218063352
0"
#3218561304
0!
#3218563016
1"
#3218563144
0"
#3219061304
1!
#3219063016
1"
#3219063344
0"
#3219561304
0!
#3219563016
1"
#3219563144
0"
#3220061312
1!
#3220063024
1"
#3220063352
0"
#3220561304
0!
#3220563016
1"
#3220563144
0"
#3221061304
1!
#3221063016
1"
#3221063344
0"
#3221561304
0!
#3221563016
1"
#3221563144
0"
#3222061312
1!
#3222063024
1"
#3222063352
0"
#3222561304
0!
#3222563016
1"
#3222563144
0"
#3223061304
1!
#3223063016
1"
#3223063344
0"
#3223561304
0!
#3223563016
1"
#3223563144
0"
#3224061312
1!
#3224063024
1"
#3224063352
0"
#3224561304
0!
#3224563016
1"
#3224563144
0"
#3225061304
1!
#3225063016
1"
#3225063344
0"
#3225561304
0!
#3225563016
1"
#3225563144
0"
#3226061312
1!
#3226063024
1"
#3226063352
0"
#3226561304
0!
#3226563016
1"
#3226563144
0"
#3227061304
1!
#3227063016
1"
#3227063344
0"
#3227561304
0!
#3227563016
1"
#3227563144
0"
#3228061312
1!
#3228063024
1"
#3228063352
0"
#3228561304
0!
#3228563016
1"
#3228563144
0"
#3229061304
1!
#3229063016
1"
#3229063344
0"
#3229561304
0!
#3229563016
1"
#3229563144
0"
#3230061312
1!
#3230063024
1"
#3230063352
0"
#3230561304
0!
#3230563016
1"
#3230563144
0"
#3231061304
1!
#3231063016
1"
#3231063344
0"
#3231561304
0!
#3231563016
1"
#3231563144
0"
#3232061312
1!
#3232063024
1"
#3232063352
0"
#3232561304
0!
#3232563016
1"
#3232563144
0"
#3233061304
1!
#3233063016
1"
#3233063344
0"
#3233561304
0!
#3233563016
1"
#3233563144
0"
#3234061312
1!
#3234063024
1"
#3234063352
0"
#3234561304
0!
#3234563016
1"
#3234563144
0"
#3235061304
1!
#3235063016
1"
#3235063344
0"
#3235561304
0!
#3235563016
1"
#3235563144
0"
#3236061312
1!
#3236063024
1"
#3236063352
0"
#3236561304
0!
#3236563016
1"
#3236563144
0"
#3237061304
1!
#3237063016
1"
#3237063344
0"
#3237561304
0!
#3237563016
1"
#3237563144
0"
#3238061312
1!
#3238063024
1"
#3238063352
0"
#3238561304
0!
#3238563016
1"
#3238563144
0"
#3239061304
1!
#3239063016
1"
#3239063344
0"
#3239561304
0!
#3239563016
1"
#3239563144
0"
#3240061312
1!
#3240063024
1"
#3240063352
0"
#3240561304
0!
#3240563016
1"
#3240563144
0"
#3241061304
1!
#3241063016
1"
#3241063344
0"
#3241561304
0!
#3241563016
1"
#3241563144
0"
#3242061312
1!
#3242063024
1"
#3242063352
0"
#3242561304
0!
#3242563016
1"
#3242563144
0"
#3243061304
1!
#3243063016
1"
#3243063344
0"
#3243561304
0!
#3243563016
1"
#3243563144
0"
#3244061312
1!
#3244063024
1"
#3244063352
0"
#3244561304
0!
#3244563016
1"
#3244563144
0"
#3245061304
1!
#3245063016
1"
#3245063344
0"
#3245561304
0!
#3245563016
1"
#3245563144
0"
#3246061312
1!
#3246063024
1"
#3246063352
0"
#3246561304
0!
#3246563016
1"
#3246563144
0"
#3247061304
1!
#3247063016
1"
#3247063344
0"
#3247561304
0!
#3247563016
1"
#3247563144
0"
#3248061312
1!
#3248063024
1"
#3248063352
0"
#3248561304
0!
#3248563016
1"
#3248563144
0"
#3249061304
1!
#3249063016
1"
#3249063344
0"
#3249561304
0!
#3249563016
1"
#3249563144
0"
#3250061312
1!
#3250063024
1"
#3250063352
0"
#3250561304
0!
#3250563016
1"
#3250563144
0"
#3251061304
1!
#3251063016
1"
#3251063344
0"
#3251561304
0!
#3251563016
1"
#3251563144
0"
#3252061312
1!
#3252063024
1"
#3252063352
0"
#3252561304
0!
#3252563016
1"
#3252563144
0"
#3253061304
1!
#3253063016
1"
#3253063344
0"
#3253561304
0!
#3253563016
1"
#3253563144
0"
#3254061312
1!
#3254063024
1"
#3254063352
0"
#3254561304
0!
#3254563016
1"
#3254563144
0"
#3255061304
1!
#3255063016
1"
#3255063344
0"
#3255561304
0!
#3255563016
1"
#3255563144
0"
#3256061312
1!
#3256063024
1"
#3256063352
0"
#3256561304
0!
#3256563016
1"
#3256563144
0"
#3257061304
1!
#3257063016
1"
#3257063344
0"
#3257561304
0!
#3257563016
1"
#3257563144
0"
#3258061312
1!
#3258063024
1"
#3258063352
0"
#3258561304
0!
#3258563016
1"
#3258563144
0"
#3259061304
1!
#3259063016
1"
#3259063344
0"
#3259561304
0!
#3259563016
1"
#3259563144
0"
#3260061312
1!
#3260063024
1"
#3260063352
0"
#3260561304
0!
#3260563016
1"
#3260563144
0"
#3261061304
1!
#3261063016
1"
#3261063344
0"
#3261561304
0!
#3261563016
1"
#3261563144
0"
#3262061312
1!
#3262063024
1"
#3262063352
0"
#3262561304
0!
#3262563016
1"
#3262563144
0"
#3263061304
1!
#3263063016
1"
#3263063344
0"
#3263561304
0!
#3263563016
1"
#3263563144
0"
#3264061312
1!
#3264063024
1"
#3264063352
0"
#3264561304
0!
#3264563016
1"
#3264563144
0"
#3265061304
1!
#3265063016
1"
#3265063344
0"
#3265561304
0!
#3265563016
1"
#3265563144
0"
#3266061312
1!
#3266063024
1"
#3266063352
0"
#3266561304
0!
#3266563016
1"
#3266563144
0"
#3267061304
1!
#3267063016
1"
#3267063344
0"
#3267561304
0!
#3267563016
1"
#3267563144
0"
#3268061312
1!
#3268063024
1"
#3268063352
0"
#3268561304
0!
#3268563016
1"
#3268563144
0"
#3269061304
1!
#3269063016
1"
#3269063344
0"
#3269561304
0!
#3269563016
1"
#3269563144
0"
#3270061312
1!
#3270063024
1"
#3270063352
0"
#3270561304
0!
#3270563016
1"
#3270563144
0"
#3271061304
1!
#3271063016
1"
#3271063344
0"
#3271561304
0!
#3271563016
1"
#3271563144
0"
#3272061312
1!
#3272063024
1"
#3272063352
0"
#3272561304
0!
#3272563016
1"
#3272563144
0"
#3273061304
1!
#3273063016
1"
#3273063344
0"
#3273561304
0!
#3273563016
1"
#3273563144
0"
#3274061312
1!
#3274063024
1"
#3274063352
0"
#3274561304
0!
#3274563016
1"
#3274563144
0"
#3275061304
1!
#3275063016
1"
#3275063344
0"
#3275561304
0!
#3275563016
1"
#3275563144
0"
#3276061312
1!
#3276063024
1"
#3276063352
0"
#3276561304
0!
#3276563016
1"
#3276563144
0"
#3277061304
1!
#3277063016
1"
#3277063344
0"
#3277561304
0!
#3277563016
1"
#3277563144
0"
#3278061312
1!
#3278063024
1"
#3278063352
0"
#3278561304
0!
#3278563016
1"
#3278563144
0"
#3279061304
1!
#3279063016
1"
#3279063344
0"
#3279561304
0!
#3279563016
1"
#3279563144
0"
#3280061312
1!
#3280063024
1"
#3280063352
0"
#3280561304
0!
#3280563016
1"
#3280563144
0"
#3281061304
1!
#3281063016
1"
#3281063344
0"
#3281561304
0!
#3281563016
1"
#3281563144
0"
#3282061312
1!
#3282063024
1"
#3282063352
0"
#3282561304
0!
#3282563016
1"
#3282563144
0"
#3283061304
1!
#3283063016
1"
#3283063344
0"
#3283561304
0!
#3283563016
1"
#3283563144
0"
#3284061312
1!
#3284063024
1"
#3284063352
0"
#3284561304
0!
#3284563016
1"
#3284563144
0"
#3285061304
1!
#3285063016
1"
#3285063344
0"
#3285561304
0!
#3285563016
1"
#3285563144
0"
#3286061312
1!
#3286063024
1"
#3286063352
0"
#3286561304
0!
#3286563016
1"
#3286563144
0"
#3287061304
1!
#3287063016
1"
#3287063344
0"
#3287561304
0!
#3287563016
1"
#3287563144
0"
#3288061312
1!
#3288063024
1"
#3288063352
0"
#3288561304
0!
#3288563016
1"
#3288563144
0"
#3289061304
1!
#3289063016
1"
#3289063344
0"
#3289561304
0!
#3289563016
1"
#3289563144
0"
#3290061312
1!
#3290063024
1"
#3290063352
0"
#3290561304
0!
#3290563016
1"
#3290563144
0"
#3291061304
1!
#3291063016
1"
#3291063344
0"
#3291561304
0!
#3291563016
1"
#3291563144
0"
#3292061312
1!
#3292063024
1"
#3292063352
0"
#3292561304
0!
#3292563016
1"
#3292563144
0"
#3293061304
1!
#3293063016
1"
#3293063344
0"
#3293561304
0!
#3293563016
1"
#3293563144
0"
#3294061312
1!
#3294063024
1"
#3294063352
0"
#3294561304
0!
#3294563016
1"
#3294563144
0"
#3295061304
1!
#3295063016
1"
#3295063344
0"
#3295561304
0!
#3295563016
1"
#3295563144
0"
#3296061312
1!
#3296063024
1"
#3296063352
0"
#3296561304
0!
#3296563016
1"
#3296563144
0"
#3297061304
1!
#3297063016
1"
#3297063344
0"
#3297561304
0!
#3297563016
1"
#3297563144
0"
#3298061312
1!
#3298063024
1"
#3298063352
0"
#3298561304
0!
#3298563016
1"
#3298563144
0"
#3299061304
1!
#3299063016
1"
#3299063344
0"
#3299561304
0!
#3299563016
1"
#3299563144
0"
#3300061312
1!
#3300063024
1"
#3300063352
0"
#3300561304
0!
#3300563016
1"
#3300563144
0"
#3301061304
1!
#3301063016
1"
#3301063344
0"
#3301561304
0!
#3301563016
1"
#3301563144
0"
#3302061312
1!
#3302063024
1"
#3302063352
0"
#3302561304
0!
#3302563016
1"
#3302563144
0"
#3303061304
1!
#3303063016
1"
#3303063344
0"
#3303561304
0!
#3303563016
1"
#3303563144
0"
#3304061312
1!
#3304063024
1"
#3304063352
0"
#3304561304
0!
#3304563016
1"
#3304563144
0"
#3305061304
1!
#3305063016
1"
#3305063344
0"
#3305561304
0!
#3305563016
1"
#3305563144
0"
#3306061312
1!
#3306063024
1"
#3306063352
0"
#3306561304
0!
#3306563016
1"
#3306563144
0"
#3307061304
1!
#3307063016
1"
#3307063344
0"
#3307561304
0!
#3307563016
1"
#3307563144
0"
#3308061312
1!
#3308063024
1"
#3308063352
0"
#3308561304
0!
#3308563016
1"
#3308563144
0"
#3309061304
1!
#3309063016
1"
#3309063344
0"
#3309561304
0!
#3309563016
1"
#3309563144
0"
#3310061312
1!
#3310063024
1"
#3310063352
0"
#3310561304
0!
#3310563016
1"
#3310563144
0"
#3311061304
1!
#3311063016
1"
#3311063344
0"
#3311561304
0!
#3311563016
1"
#3311563144
0"
#3312061312
1!
#3312063024
1"
#3312063352
0"
#3312561304
0!
#3312563016
1"
#3312563144
0"
#3313061304
1!
#3313063016
1"
#3313063344
0"
#3313561304
0!
#3313563016
1"
#3313563144
0"
#3314061312
1!
#3314063024
1"
#3314063352
0"
#3314561304
0!
#3314563016
1"
#3314563144
0"
#3315061304
1!
#3315063016
1"
#3315063344
0"
#3315561304
0!
#3315563016
1"
#3315563144
0"
#3316061312
1!
#3316063024
1"
#3316063352
0"
#3316561304
0!
#3316563016
1"
#3316563144
0"
#3317061304
1!
#3317063016
1"
#3317063344
0"
#3317561304
0!
#3317563016
1"
#3317563144
0"
#3318061312
1!
#3318063024
1"
#3318063352
0"
#3318561304
0!
#3318563016
1"
#3318563144
0"
#3319061304
1!
#3319063016
1"
#3319063344
0"
#3319561304
0!
#3319563016
1"
#3319563144
0"
#3320061312
1!
#3320063024
1"
#3320063352
0"
#3320561304
0!
#3320563016
1"
#3320563144
0"
#3321061304
1!
#3321063016
1"
#3321063344
0"
#3321561304
0!
#3321563016
1"
#3321563144
0"
#3322061312
1!
#3322063024
1"
#3322063352
0"
#3322561304
0!
#3322563016
1"
#3322563144
0"
#3323061304
1!
#3323063016
1"
#3323063344
0"
#3323561304
0!
#3323563016
1"
#3323563144
0"
#3324061312
1!
#3324063024
1"
#3324063352
0"
#3324561304
0!
#3324563016
1"
#3324563144
0"
#3325061304
1!
#3325063016
1"
#3325063344
0"
#3325561304
0!
#3325563016
1"
#3325563144
0"
#3326061312
1!
#3326063024
1"
#3326063352
0"
#3326561304
0!
#3326563016
1"
#3326563144
0"
#3327061304
1!
#3327063016
1"
#3327063344
0"
#3327561304
0!
#3327563016
1"
#3327563144
0"
#3328061312
1!
#3328063024
1"
#3328063352
0"
#3328561304
0!
#3328563016
1"
#3328563144
0"
#3329061304
1!
#3329063016
1"
#3329063344
0"
#3329561304
0!
#3329563016
1"
#3329563144
0"
#3330061312
1!
#3330063024
1"
#3330063352
0"
#3330561304
0!
#3330563016
1"
#3330563144
0"
#3331061304
1!
#3331063016
1"
#3331063344
0"
#3331561304
0!
#3331563016
1"
#3331563144
0"
#3332061312
1!
#3332063024
1"
#3332063352
0"
#3332561304
0!
#3332563016
1"
#3332563144
0"
#3333061304
1!
#3333063016
1"
#3333063344
0"
#3333561304
0!
#3333563016
1"
#3333563144
0"
#3334061312
1!
#3334063024
1"
#3334063352
0"
#3334561304
0!
#3334563016
1"
#3334563144
0"
#3335061304
1!
#3335063016
1"
#3335063344
0"
#3335561304
0!
#3335563016
1"
#3335563144
0"
#3336061312
1!
#3336063024
1"
#3336063352
0"
#3336561304
0!
#3336563016
1"
#3336563144
0"
#3337061304
1!
#3337063016
1"
#3337063344
0"
#3337561304
0!
#3337563016
1"
#3337563144
0"
#3338061312
1!
#3338063024
1"
#3338063352
0"
#3338561304
0!
#3338563016
1"
#3338563144
0"
#3339061304
1!
#3339063016
1"
#3339063344
0"
#3339561304
0!
#3339563016
1"
#3339563144
0"
#3340061312
1!
#3340063024
1"
#3340063352
0"
#3340561304
0!
#3340563016
1"
#3340563144
0"
#3341061304
1!
#3341063016
1"
#3341063344
0"
#3341561304
0!
#3341563016
1"
#3341563144
0"
#3342061312
1!
#3342063024
1"
#3342063352
0"
#3342561304
0!
#3342563016
1"
#3342563144
0"
#3343061304
1!
#3343063016
1"
#3343063344
0"
#3343561304
0!
#3343563016
1"
#3343563144
0"
#3344061312
1!
#3344063024
1"
#3344063352
0"
#3344561304
0!
#3344563016
1"
#3344563144
0"
#3345061304
1!
#3345063016
1"
#3345063344
0"
#3345561304
0!
#3345563016
1"
#3345563144
0"
#3346061312
1!
#3346063024
1"
#3346063352
0"
#3346561304
0!
#3346563016
1"
#3346563144
0"
#3347061304
1!
#3347063016
1"
#3347063344
0"
#3347561304
0!
#3347563016
1"
#3347563144
0"
#3348061312
1!
#3348063024
1"
#3348063352
0"
#3348561304
0!
#3348563016
1"
#3348563144
0"
#3349061304
1!
#3349063016
1"
#3349063344
0"
#3349561304
0!
#3349563016
1"
#3349563144
0"
#3350061312
1!
#3350063024
1"
#3350063352
0"
#3350561304
0!
#3350563016
1"
#3350563144
0"
#3351061304
1!
#3351063016
1"
#3351063344
0"
#3351561304
0!
#3351563016
1"
#3351563144
0"
#3352061312
1!
#3352063024
1"
#3352063352
0"
#3352561304
0!
#3352563016
1"
#3352563144
0"
#3353061304
1!
#3353063016
1"
#3353063344
0"
#3353561304
0!
#3353563016
1"
#3353563144
0"
#3354061312
1!
#3354063024
1"
#3354063352
0"
#3354561304
0!
#3354563016
1"
#3354563144
0"
#3355061304
1!
#3355063016
1"
#3355063344
0"
#3355561304
0!
#3355563016
1"
#3355563144
0"
#3356061312
1!
#3356063024
1"
#3356063352
0"
#3356561304
0!
#3356563016
1"
#3356563144
0"
#3357061304
1!
#3357063016
1"
#3357063344
0"
#3357561304
0!
#3357563016
1"
#3357563144
0"
#3358061312
1!
#3358063024
1"
#3358063352
0"
#3358561304
0!
#3358563016
1"
#3358563144
0"
#3359061304
1!
#3359063016
1"
#3359063344
0"
#3359561304
0!
#3359563016
1"
#3359563144
0"
#3360061312
1!
#3360063024
1"
#3360063352
0"
#3360561304
0!
#3360563016
1"
#3360563144
0"
#3361061304
1!
#3361063016
1"
#3361063344
0"
#3361561304
0!
#3361563016
1"
#3361563144
0"
#3362061312
1!
#3362063024
1"
#3362063352
0"
#3362561304
0!
#3362563016
1"
#3362563144
0"
#3363061304
1!
#3363063016
1"
#3363063344
0"
#3363561304
0!
#3363563016
1"
#3363563144
0"
#3364061312
1!
#3364063024
1"
#3364063352
0"
#3364561304
0!
#3364563016
1"
#3364563144
0"
#3365061304
1!
#3365063016
1"
#3365063344
0"
#3365561304
0!
#3365563016
1"
#3365563144
0"
#3366061312
1!
#3366063024
1"
#3366063352
0"
#3366561304
0!
#3366563016
1"
#3366563144
0"
#3367061304
1!
#3367063016
1"
#3367063344
0"
#3367561304
0!
#3367563016
1"
#3367563144
0"
#3368061312
1!
#3368063024
1"
#3368063352
0"
#3368561304
0!
#3368563016
1"
#3368563144
0"
#3369061304
1!
#3369063016
1"
#3369063344
0"
#3369561304
0!
#3369563016
1"
#3369563144
0"
#3370061312
1!
#3370063024
1"
#3370063352
0"
#3370561304
0!
#3370563016
1"
#3370563144
0"
#3371061304
1!
#3371063016
1"
#3371063344
0"
#3371561304
0!
#3371563016
1"
#3371563144
0"
#3372061312
1!
#3372063024
1"
#3372063352
0"
#3372561304
0!
#3372563016
1"
#3372563144
0"
#3373061304
1!
#3373063016
1"
#3373063344
0"
#3373561304
0!
#3373563016
1"
#3373563144
0"
#3374061312
1!
#3374063024
1"
#3374063352
0"
#3374561304
0!
#3374563016
1"
#3374563144
0"
#3375061304
1!
#3375063016
1"
#3375063344
0"
#3375561304
0!
#3375563016
1"
#3375563144
0"
#3376061312
1!
#3376063024
1"
#3376063352
0"
#3376561304
0!
#3376563016
1"
#3376563144
0"
#3377061304
1!
#3377063016
1"
#3377063344
0"
#3377561304
0!
#3377563016
1"
#3377563144
0"
#3378061312
1!
#3378063024
1"
#3378063352
0"
#3378561304
0!
#3378563016
1"
#3378563144
0"
#3379061304
1!
#3379063016
1"
#3379063344
0"
#3379561304
0!
#3379563016
1"
#3379563144
0"
#3380061312
1!
#3380063024
1"
#3380063352
0"
#3380561304
0!
#3380563016
1"
#3380563144
0"
#3381061304
1!
#3381063016
1"
#3381063344
0"
#3381561304
0!
#3381563016
1"
#3381563144
0"
#3382061312
1!
#3382063024
1"
#3382063352
0"
#3382561304
0!
#3382563016
1"
#3382563144
0"
#3383061304
1!
#3383063016
1"
#3383063344
0"
#3383561304
0!
#3383563016
1"
#3383563144
0"
#3384061312
1!
#3384063024
1"
#3384063352
0"
#3384561304
0!
#3384563016
1"
#3384563144
0"
#3385061304
1!
#3385063016
1"
#3385063344
0"
#3385561304
0!
#3385563016
1"
#3385563144
0"
#3386061312
1!
#3386063024
1"
#3386063352
0"
#3386561304
0!
#3386563016
1"
#3386563144
0"
#3387061304
1!
#3387063016
1"
#3387063344
0"
#3387561304
0!
#3387563016
1"
#3387563144
0"
#3388061312
1!
#3388063024
1"
#3388063352
0"
#3388561304
0!
#3388563016
1"
#3388563144
0"
#3389061304
1!
#3389063016
1"
#3389063344
0"
#3389561304
0!
#3389563016
1"
#3389563144
0"
#3390061312
1!
#3390063024
1"
#3390063352
0"
#3390561304
0!
#3390563016
1"
#3390563144
0"
#3391061304
1!
#3391063016
1"
#3391063344
0"
#3391561304
0!
#3391563016
1"
#3391563144
0"
#3392061312
1!
#3392063024
1"
#3392063352
0"
#3392561304
0!
#3392563016
1"
#3392563144
0"
#3393061304
1!
#3393063016
1"
#3393063344
0"
#3393561304
0!
#3393563016
1"
#3393563144
0"
#3394061312
1!
#3394063024
1"
#3394063352
0"
#3394561304
0!
#3394563016
1"
#3394563144
0"
#3395061304
1!
#3395063016
1"
#3395063344
0"
#3395561304
0!
#3395563016
1"
#3395563144
0"
#3396061312
1!
#3396063024
1"
#3396063352
0"
#3396561304
0!
#3396563016
1"
#3396563144
0"
#3397061304
1!
#3397063016
1"
#3397063344
0"
#3397561304
0!
#3397563016
1"
#3397563144
0"
#3398061312
1!
#3398063024
1"
#3398063352
0"
#3398561304
0!
#3398563016
1"
#3398563144
0"
#3399061304
1!
#3399063016
1"
#3399063344
0"
#3399561304
0!
#3399563016
1"
#3399563144
0"
#3400061312
1!
#3400063024
1"
#3400063352
0"
#3400561304
0!
#3400563016
1"
#3400563144
0"
#3401061304
1!
#3401063016
1"
#3401063344
0"
#3401561304
0!
#3401563016
1"
#3401563144
0"
#3402061312
1!
#3402063024
1"
#3402063352
0"
#3402561304
0!
#3402563016
1"
#3402563144
0"
#3403061304
1!
#3403063016
1"
#3403063344
0"
#3403561304
0!
#3403563016
1"
#3403563144
0"
#3404061312
1!
#3404063024
1"
#3404063352
0"
#3404561304
0!
#3404563016
1"
#3404563144
0"
#3405061304
1!
#3405063016
1"
#3405063344
0"
#3405561304
0!
#3405563016
1"
#3405563144
0"
#3406061312
1!
#3406063024
1"
#3406063352
0"
#3406561304
0!
#3406563016
1"
#3406563144
0"
#3407061304
1!
#3407063016
1"
#3407063344
0"
#3407561304
0!
#3407563016
1"
#3407563144
0"
#3408061312
1!
#3408063024
1"
#3408063352
0"
#3408561304
0!
#3408563016
1"
#3408563144
0"
#3409061304
1!
#3409063016
1"
#3409063344
0"
#3409561304
0!
#3409563016
1"
#3409563144
0"
#3410061312
1!
#3410063024
1"
#3410063352
0"
#3410561304
0!
#3410563016
1"
#3410563144
0"
#3411061304
1!
#3411063016
1"
#3411063344
0"
#3411561304
0!
#3411563016
1"
#3411563144
0"
#3412061312
1!
#3412063024
1"
#3412063352
0"
#3412561304
0!
#3412563016
1"
#3412563144
0"
#3413061304
1!
#3413063016
1"
#3413063344
0"
#3413561304
0!
#3413563016
1"
#3413563144
0"
#3414061312
1!
#3414063024
1"
#3414063352
0"
#3414561304
0!
#3414563016
1"
#3414563144
0"
#3415061304
1!
#3415063016
1"
#3415063344
0"
#3415561304
0!
#3415563016
1"
#3415563144
0"
#3416061312
1!
#3416063024
1"
#3416063352
0"
#3416561304
0!
#3416563016
1"
#3416563144
0"
#3417061304
1!
#3417063016
1"
#3417063344
0"
#3417561304
0!
#3417563016
1"
#3417563144
0"
#3418061312
1!
#3418063024
1"
#3418063352
0"
#3418561304
0!
#3418563016
1"
#3418563144
0"
#3419061304
1!
#3419063016
1"
#3419063344
0"
#3419561304
0!
#3419563016
1"
#3419563144
0"
#3420061312
1!
#3420063024
1"
#3420063352
0"
#3420561304
0!
#3420563016
1"
#3420563144
0"
#3421061304
1!
#3421063016
1"
#3421063344
0"
#3421561304
0!
#3421563016
1"
#3421563144
0"
#3422061312
1!
#3422063024
1"
#3422063352
0"
#3422561304
0!
#3422563016
1"
#3422563144
0"
#3423061304
1!
#3423063016
1"
#3423063344
0"
#3423561304
0!
#3423563016
1"
#3423563144
0"
#3424061312
1!
#3424063024
1"
#3424063352
0"
#3424561304
0!
#3424563016
1"
#3424563144
0"
#3425061304
1!
#3425063016
1"
#3425063344
0"
#3425561304
0!
#3425563016
1"
#3425563144
0"
#3426061312
1!
#3426063024
1"
#3426063352
0"
#3426561304
0!
#3426563016
1"
#3426563144
0"
#3427061304
1!
#3427063016
1"
#3427063344
0"
#3427561304
0!
#3427563016
1"
#3427563144
0"
#3428061312
1!
#3428063024
1"
#3428063352
0"
#3428561304
0!
#3428563016
1"
#3428563144
0"
#3429061304
1!
#3429063016
1"
#3429063344
0"
#3429561304
0!
#3429563016
1"
#3429563144
0"
#3430061312
1!
#3430063024
1"
#3430063352
0"
#3430561304
0!
#3430563016
1"
#3430563144
0"
#3431061304
1!
#3431063016
1"
#3431063344
0"
#3431561304
0!
#3431563016
1"
#3431563144
0"
#3432061312
1!
#3432063024
1"
#3432063352
0"
#3432561304
0!
#3432563016
1"
#3432563144
0"
#3433061304
1!
#3433063016
1"
#3433063344
0"
#3433561304
0!
#3433563016
1"
#3433563144
0"
#3434061312
1!
#3434063024
1"
#3434063352
0"
#3434561304
0!
#3434563016
1"
#3434563144
0"
#3435061304
1!
#3435063016
1"
#3435063344
0"
#3435561304
0!
#3435563016
1"
#3435563144
0"
#3436061312
1!
#3436063024
1"
#3436063352
0"
#3436561304
0!
#3436563016
1"
#3436563144
0"
#3437061304
1!
#3437063016
1"
#3437063344
0"
#3437561304
0!
#3437563016
1"
#3437563144
0"
#3438061312
1!
#3438063024
1"
#3438063352
0"
#3438561304
0!
#3438563016
1"
#3438563144
0"
#3439061304
1!
#3439063016
1"
#3439063344
0"
#3439561304
0!
#3439563016
1"
#3439563144
0"
#3440061312
1!
#3440063024
1"
#3440063352
0"
#3440561304
0!
#3440563016
1"
#3440563144
0"
#3441061304
1!
#3441063016
1"
#3441063344
0"
#3441561304
0!
#3441563016
1"
#3441563144
0"
#3442061312
1!
#3442063024
1"
#3442063352
0"
#3442561304
0!
#3442563016
1"
#3442563144
0"
#3443061304
1!
#3443063016
1"
#3443063344
0"
#3443561304
0!
#3443563016
1"
#3443563144
0"
#3444061312
1!
#3444063024
1"
#3444063352
0"
#3444561304
0!
#3444563016
1"
#3444563144
0"
#3445061304
1!
#3445063016
1"
#3445063344
0"
#3445561304
0!
#3445563016
1"
#3445563144
0"
#3446061312
1!
#3446063024
1"
#3446063352
0"
#3446561304
0!
#3446563016
1"
#3446563144
0"
#3447061304
1!
#3447063016
1"
#3447063344
0"
#3447561304
0!
#3447563016
1"
#3447563144
0"
#3448061312
1!
#3448063024
1"
#3448063352
0"
#3448561304
0!
#3448563016
1"
#3448563144
0"
#3449061304
1!
#3449063016
1"
#3449063344
0"
#3449561304
0!
#3449563016
1"
#3449563144
0"
#3450061312
1!
#3450063024
1"
#3450063352
0"
#3450561304
0!
#3450563016
1"
#3450563144
0"
#3451061304
1!
#3451063016
1"
#3451063344
0"
#3451561304
0!
#3451563016
1"
#3451563144
0"
#3452061312
1!
#3452063024
1"
#3452063352
0"
#3452561304
0!
#3452563016
1"
#3452563144
0"
#3453061304
1!
#3453063016
1"
#3453063344
0"
#3453561304
0!
#3453563016
1"
#3453563144
0"
#3454061312
1!
#3454063024
1"
#3454063352
0"
#3454561304
0!
#3454563016
1"
#3454563144
0"
#3455061304
1!
#3455063016
1"
#3455063344
0"
#3455561304
0!
#3455563016
1"
#3455563144
0"
#3456061312
1!
#3456063024
1"
#3456063352
0"
#3456561304
0!
#3456563016
1"
#3456563144
0"
#3457061304
1!
#3457063016
1"
#3457063344
0"
#3457561304
0!
#3457563016
1"
#3457563144
0"
#3458061312
1!
#3458063024
1"
#3458063352
0"
#3458561304
0!
#3458563016
1"
#3458563144
0"
#3459061304
1!
#3459063016
1"
#3459063344
0"
#3459561304
0!
#3459563016
1"
#3459563144
0"
#3460061312
1!
#3460063024
1"
#3460063352
0"
#3460561304
0!
#3460563016
1"
#3460563144
0"
#3461061304
1!
#3461063016
1"
#3461063344
0"
#3461561304
0!
#3461563016
1"
#3461563144
0"
#3462061312
1!
#3462063024
1"
#3462063352
0"
#3462561304
0!
#3462563016
1"
#3462563144
0"
#3463061304
1!
#3463063016
1"
#3463063344
0"
#3463561304
0!
#3463563016
1"
#3463563144
0"
#3464061312
1!
#3464063024
1"
#3464063352
0"
#3464561304
0!
#3464563016
1"
#3464563144
0"
#3465061304
1!
#3465063016
1"
#3465063344
0"
#3465561304
0!
#3465563016
1"
#3465563144
0"
#3466061312
1!
#3466063024
1"
#3466063352
0"
#3466561304
0!
#3466563016
1"
#3466563144
0"
#3467061304
1!
#3467063016
1"
#3467063344
0"
#3467561304
0!
#3467563016
1"
#3467563144
0"
#3468061312
1!
#3468063024
1"
#3468063352
0"
#3468561304
0!
#3468563016
1"
#3468563144
0"
#3469061304
1!
#3469063016
1"
#3469063344
0"
#3469561304
0!
#3469563016
1"
#3469563144
0"
#3470061312
1!
#3470063024
1"
#3470063352
0"
#3470561304
0!
#3470563016
1"
#3470563144
0"
#3471061304
1!
#3471063016
1"
#3471063344
0"
#3471561304
0!
#3471563016
1"
#3471563144
0"
#3472061312
1!
#3472063024
1"
#3472063352
0"
#3472561304
0!
#3472563016
1"
#3472563144
0"
#3473061304
1!
#3473063016
1"
#3473063344
0"
#3473561304
0!
#3473563016
1"
#3473563144
0"
#3474061312
1!
#3474063024
1"
#3474063352
0"
#3474561304
0!
#3474563016
1"
#3474563144
0"
#3475061304
1!
#3475063016
1"
#3475063344
0"
#3475561304
0!
#3475563016
1"
#3475563144
0"
#3476061312
1!
#3476063024
1"
#3476063352
0"
#3476561304
0!
#3476563016
1"
#3476563144
0"
#3477061304
1!
#3477063016
1"
#3477063344
0"
#3477561304
0!
#3477563016
1"
#3477563144
0"
#3478061312
1!
#3478063024
1"
#3478063352
0"
#3478561304
0!
#3478563016
1"
#3478563144
0"
#3479061304
1!
#3479063016
1"
#3479063344
0"
#3479561304
0!
#3479563016
1"
#3479563144
0"
#3480061312
1!
#3480063024
1"
#3480063352
0"
#3480561304
0!
#3480563016
1"
#3480563144
0"
#3481061304
1!
#3481063016
1"
#3481063344
0"
#3481561304
0!
#3481563016
1"
#3481563144
0"
#3482061312
1!
#3482063024
1"
#3482063352
0"
#3482561304
0!
#3482563016
1"
#3482563144
0"
#3483061304
1!
#3483063016
1"
#3483063344
0"
#3483561304
0!
#3483563016
1"
#3483563144
0"
#3484061312
1!
#3484063024
1"
#3484063352
0"
#3484561304
0!
#3484563016
1"
#3484563144
0"
#3485061304
1!
#3485063016
1"
#3485063344
0"
#3485561304
0!
#3485563016
1"
#3485563144
0"
#3486061312
1!
#3486063024
1"
#3486063352
0"
#3486561304
0!
#3486563016
1"
#3486563144
0"
#3487061304
1!
#3487063016
1"
#3487063344
0"
#3487561304
0!
#3487563016
1"
#3487563144
0"
#3488061312
1!
#3488063024
1"
#3488063352
0"
#3488561304
0!
#3488563016
1"
#3488563144
0"
#3489061304
1!
#3489063016
1"
#3489063344
0"
#3489561304
0!
#3489563016
1"
#3489563144
0"
#3490061312
1!
#3490063024
1"
#3490063352
0"
#3490561304
0!
#3490563016
1"
#3490563144
0"
#3491061304
1!
#3491063016
1"
#3491063344
0"
#3491561304
0!
#3491563016
1"
#3491563144
0"
#3492061312
1!
#3492063024
1"
#3492063352
0"
#3492561304
0!
#3492563016
1"
#3492563144
0"
#3493061304
1!
#3493063016
1"
#3493063344
0"
#3493561304
0!
#3493563016
1"
#3493563144
0"
#3494061312
1!
#3494063024
1"
#3494063352
0"
#3494561304
0!
#3494563016
1"
#3494563144
0"
#3495061304
1!
#3495063016
1"
#3495063344
0"
#3495561304
0!
#3495563016
1"
#3495563144
0"
#3496061312
1!
#3496063024
1"
#3496063352
0"
#3496561304
0!
#3496563016
1"
#3496563144
0"
#3497061304
1!
#3497063016
1"
#3497063344
0"
#3497561304
0!
#3497563016
1"
#3497563144
0"
#3498061312
1!
#3498063024
1"
#3498063352
0"
#3498561304
0!
#3498563016
1"
#3498563144
0"
#3499061304
1!
#3499063016
1"
#3499063344
0"
#3499561304
0!
#3499563016
1"
#3499563144
0"
#3500061312
1!
#3500063024
1"
#3500063352
0"
#3500561304
0!
#3500563016
1"
#3500563144
0"
#3501061304
1!
#3501063016
1"
#3501063344
0"
#3501561304
0!
#3501563016
1"
#3501563144
0"
#3502061312
1!
#3502063024
1"
#3502063352
0"
#3502561304
0!
#3502563016
1"
#3502563144
0"
#3503061304
1!
#3503063016
1"
#3503063344
0"
#3503561304
0!
#3503563016
1"
#3503563144
0"
#3504061312
1!
#3504063024
1"
#3504063352
0"
#3504561304
0!
#3504563016
1"
#3504563144
0"
#3505061304
1!
#3505063016
1"
#3505063344
0"
#3505561304
0!
#3505563016
1"
#3505563144
0"
#3506061312
1!
#3506063024
1"
#3506063352
0"
#3506561304
0!
#3506563016
1"
#3506563144
0"
#3507061304
1!
#3507063016
1"
#3507063344
0"
#3507561304
0!
#3507563016
1"
#3507563144
0"
#3508061312
1!
#3508063024
1"
#3508063352
0"
#3508561304
0!
#3508563016
1"
#3508563144
0"
#3509061304
1!
#3509063016
1"
#3509063344
0"
#3509561304
0!
#3509563016
1"
#3509563144
0"
#3510061312
1!
#3510063024
1"
#3510063352
0"
#3510561304
0!
#3510563016
1"
#3510563144
0"
#3511061304
1!
#3511063016
1"
#3511063344
0"
#3511561304
0!
#3511563016
1"
#3511563144
0"
#3512061312
1!
#3512063024
1"
#3512063352
0"
#3512561304
0!
#3512563016
1"
#3512563144
0"
#3513061304
1!
#3513063016
1"
#3513063344
0"
#3513561304
0!
#3513563016
1"
#3513563144
0"
#3514061312
1!
#3514063024
1"
#3514063352
0"
#3514561304
0!
#3514563016
1"
#3514563144
0"
#3515061304
1!
#3515063016
1"
#3515063344
0"
#3515561304
0!
#3515563016
1"
#3515563144
0"
#3516061312
1!
#3516063024
1"
#3516063352
0"
#3516561304
0!
#3516563016
1"
#3516563144
0"
#3517061304
1!
#3517063016
1"
#3517063344
0"
#3517561304
0!
#3517563016
1"
#3517563144
0"
#3518061312
1!
#3518063024
1"
#3518063352
0"
#3518561304
0!
#3518563016
1"
#3518563144
0"
#3519061304
1!
#3519063016
1"
#3519063344
0"
#3519561304
0!
#3519563016
1"
#3519563144
0"
#3520061312
1!
#3520063024
1"
#3520063352
0"
#3520561304
0!
#3520563016
1"
#3520563144
0"
#3521061304
1!
#3521063016
1"
#3521063344
0"
#3521561304
0!
#3521563016
1"
#3521563144
0"
#3522061312
1!
#3522063024
1"
#3522063352
0"
#3522561304
0!
#3522563016
1"
#3522563144
0"
#3523061304
1!
#3523063016
1"
#3523063344
0"
#3523561304
0!
#3523563016
1"
#3523563144
0"
#3524061312
1!
#3524063024
1"
#3524063352
0"
#3524561304
0!
#3524563016
1"
#3524563144
0"
#3525061304
1!
#3525063016
1"
#3525063344
0"
#3525561304
0!
#3525563016
1"
#3525563144
0"
#3526061312
1!
#3526063024
1"
#3526063352
0"
#3526561304
0!
#3526563016
1"
#3526563144
0"
#3527061304
1!
#3527063016
1"
#3527063344
0"
#3527561304
0!
#3527563016
1"
#3527563144
0"
#3528061312
1!
#3528063024
1"
#3528063352
0"
#3528561304
0!
#3528563016
1"
#3528563144
0"
#3529061304
1!
#3529063016
1"
#3529063344
0"
#3529561304
0!
#3529563016
1"
#3529563144
0"
#3530061312
1!
#3530063024
1"
#3530063352
0"
#3530561304
0!
#3530563016
1"
#3530563144
0"
#3531061304
1!
#3531063016
1"
#3531063344
0"
#3531561304
0!
#3531563016
1"
#3531563144
0"
#3532061312
1!
#3532063024
1"
#3532063352
0"
#3532561304
0!
#3532563016
1"
#3532563144
0"
#3533061304
1!
#3533063016
1"
#3533063344
0"
#3533561304
0!
#3533563016
1"
#3533563144
0"
#3534061312
1!
#3534063024
1"
#3534063352
0"
#3534561304
0!
#3534563016
1"
#3534563144
0"
#3535061304
1!
#3535063016
1"
#3535063344
0"
#3535561304
0!
#3535563016
1"
#3535563144
0"
#3536061312
1!
#3536063024
1"
#3536063352
0"
#3536561304
0!
#3536563016
1"
#3536563144
0"
#3537061304
1!
#3537063016
1"
#3537063344
0"
#3537561304
0!
#3537563016
1"
#3537563144
0"
#3538061312
1!
#3538063024
1"
#3538063352
0"
#3538561304
0!
#3538563016
1"
#3538563144
0"
#3539061304
1!
#3539063016
1"
#3539063344
0"
#3539561304
0!
#3539563016
1"
#3539563144
0"
#3540061312
1!
#3540063024
1"
#3540063352
0"
#3540561304
0!
#3540563016
1"
#3540563144
0"
#3541061304
1!
#3541063016
1"
#3541063344
0"
#3541561304
0!
#3541563016
1"
#3541563144
0"
#3542061312
1!
#3542063024
1"
#3542063352
0"
#3542561304
0!
#3542563016
1"
#3542563144
0"
#3543061304
1!
#3543063016
1"
#3543063344
0"
#3543561304
0!
#3543563016
1"
#3543563144
0"
#3544061312
1!
#3544063024
1"
#3544063352
0"
#3544561304
0!
#3544563016
1"
#3544563144
0"
#3545061304
1!
#3545063016
1"
#3545063344
0"
#3545561304
0!
#3545563016
1"
#3545563144
0"
#3546061312
1!
#3546063024
1"
#3546063352
0"
#3546561304
0!
#3546563016
1"
#3546563144
0"
#3547061304
1!
#3547063016
1"
#3547063344
0"
#3547561304
0!
#3547563016
1"
#3547563144
0"
#3548061312
1!
#3548063024
1"
#3548063352
0"
#3548561304
0!
#3548563016
1"
#3548563144
0"
#3549061304
1!
#3549063016
1"
#3549063344
0"
#3549561304
0!
#3549563016
1"
#3549563144
0"
#3550061312
1!
#3550063024
1"
#3550063352
0"
#3550561304
0!
#3550563016
1"
#3550563144
0"
#3551061304
1!
#3551063016
1"
#3551063344
0"
#3551561304
0!
#3551563016
1"
#3551563144
0"
#3552061312
1!
#3552063024
1"
#3552063352
0"
#3552561304
0!
#3552563016
1"
#3552563144
0"
#3553061304
1!
#3553063016
1"
#3553063344
0"
#3553561304
0!
#3553563016
1"
#3553563144
0"
#3554061312
1!
#3554063024
1"
#3554063352
0"
#3554561304
0!
#3554563016
1"
#3554563144
0"
#3555061304
1!
#3555063016
1"
#3555063344
0"
#3555561304
0!
#3555563016
1"
#3555563144
0"
#3556061312
1!
#3556063024
1"
#3556063352
0"
#3556561304
0!
#3556563016
1"
#3556563144
0"
#3557061304
1!
#3557063016
1"
#3557063344
0"
#3557561304
0!
#3557563016
1"
#3557563144
0"
#3558061312
1!
#3558063024
1"
#3558063352
0"
#3558561304
0!
#3558563016
1"
#3558563144
0"
#3559061304
1!
#3559063016
1"
#3559063344
0"
#3559561304
0!
#3559563016
1"
#3559563144
0"
#3560061312
1!
#3560063024
1"
#3560063352
0"
#3560561304
0!
#3560563016
1"
#3560563144
0"
#3561061304
1!
#3561063016
1"
#3561063344
0"
#3561561304
0!
#3561563016
1"
#3561563144
0"
#3562061312
1!
#3562063024
1"
#3562063352
0"
#3562561304
0!
#3562563016
1"
#3562563144
0"
#3563061304
1!
#3563063016
1"
#3563063344
0"
#3563561304
0!
#3563563016
1"
#3563563144
0"
#3564061312
1!
#3564063024
1"
#3564063352
0"
#3564561304
0!
#3564563016
1"
#3564563144
0"
#3565061304
1!
#3565063016
1"
#3565063344
0"
#3565561304
0!
#3565563016
1"
#3565563144
0"
#3566061312
1!
#3566063024
1"
#3566063352
0"
#3566561304
0!
#3566563016
1"
#3566563144
0"
#3567061304
1!
#3567063016
1"
#3567063344
0"
#3567561304
0!
#3567563016
1"
#3567563144
0"
#3568061312
1!
#3568063024
1"
#3568063352
0"
#3568561304
0!
#3568563016
1"
#3568563144
0"
#3569061304
1!
#3569063016
1"
#3569063344
0"
#3569561304
0!
#3569563016
1"
#3569563144
0"
#3570061312
1!
#3570063024
1"
#3570063352
0"
#3570561304
0!
#3570563016
1"
#3570563144
0"
#3571061304
1!
#3571063016
1"
#3571063344
0"
#3571561304
0!
#3571563016
1"
#3571563144
0"
#3572061312
1!
#3572063024
1"
#3572063352
0"
#3572561304
0!
#3572563016
1"
#3572563144
0"
#3573061304
1!
#3573063016
1"
#3573063344
0"
#3573561304
0!
#3573563016
1"
#3573563144
0"
#3574061312
1!
#3574063024
1"
#3574063352
0"
#3574561304
0!
#3574563016
1"
#3574563144
0"
#3575061304
1!
#3575063016
1"
#3575063344
0"
#3575561304
0!
#3575563016
1"
#3575563144
0"
#3576061312
1!
#3576063024
1"
#3576063352
0"
#3576561304
0!
#3576563016
1"
#3576563144
0"
#3577061304
1!
#3577063016
1"
#3577063344
0"
#3577561304
0!
#3577563016
1"
#3577563144
0"
#3578061312
1!
#3578063024
1"
#3578063352
0"
#3578561304
0!
#3578563016
1"
#3578563144
0"
#3579061304
1!
#3579063016
1"
#3579063344
0"
#3579561304
0!
#3579563016
1"
#3579563144
0"
#3580061312
1!
#3580063024
1"
#3580063352
0"
#3580561304
0!
#3580563016
1"
#3580563144
0"
#3581061304
1!
#3581063016
1"
#3581063344
0"
#3581561304
0!
#3581563016
1"
#3581563144
0"
#3582061312
1!
#3582063024
1"
#3582063352
0"
#3582561304
0!
#3582563016
1"
#3582563144
0"
#3583061304
1!
#3583063016
1"
#3583063344
0"
#3583561304
0!
#3583563016
1"
#3583563144
0"
#3584061312
1!
#3584063024
1"
#3584063352
0"
#3584561304
0!
#3584563016
1"
#3584563144
0"
#3585061304
1!
#3585063016
1"
#3585063344
0"
#3585561304
0!
#3585563016
1"
#3585563144
0"
#3586061312
1!
#3586063024
1"
#3586063352
0"
#3586561304
0!
#3586563016
1"
#3586563144
0"
#3587061304
1!
#3587063016
1"
#3587063344
0"
#3587561304
0!
#3587563016
1"
#3587563144
0"
#3588061312
1!
#3588063024
1"
#3588063352
0"
#3588561304
0!
#3588563016
1"
#3588563144
0"
#3589061304
1!
#3589063016
1"
#3589063344
0"
#3589561304
0!
#3589563016
1"
#3589563144
0"
#3590061312
1!
#3590063024
1"
#3590063352
0"
#3590561304
0!
#3590563016
1"
#3590563144
0"
#3591061304
1!
#3591063016
1"
#3591063344
0"
#3591561304
0!
#3591563016
1"
#3591563144
0"
#3592061312
1!
#3592063024
1"
#3592063352
0"
#3592561304
0!
#3592563016
1"
#3592563144
0"
#3593061304
1!
#3593063016
1"
#3593063344
0"
#3593561304
0!
#3593563016
1"
#3593563144
0"
#3594061312
1!
#3594063024
1"
#3594063352
0"
#3594561304
0!
#3594563016
1"
#3594563144
0"
#3595061304
1!
#3595063016
1"
#3595063344
0"
#3595561304
0!
#3595563016
1"
#3595563144
0"
#3596061312
1!
#3596063024
1"
#3596063352
0"
#3596561304
0!
#3596563016
1"
#3596563144
0"
#3597061304
1!
#3597063016
1"
#3597063344
0"
#3597561304
0!
#3597563016
1"
#3597563144
0"
#3598061312
1!
#3598063024
1"
#3598063352
0"
#3598561304
0!
#3598563016
1"
#3598563144
0"
#3599061304
1!
#3599063016
1"
#3599063344
0"
#3599561304
0!
#3599563016
1"
#3599563144
0"
#3600061312
1!
#3600063024
1"
#3600063352
0"
#3600561304
0!
#3600563016
1"
#3600563144
0"
#3601061304
1!
#3601063016
1"
#3601063344
0"
#3601561304
0!
#3601563016
1"
#3601563144
0"
#3602061312
1!
#3602063024
1"
#3602063352
0"
#3602561304
0!
#3602563016
1"
#3602563144
0"
#3603061304
1!
#3603063016
1"
#3603063344
0"
#3603561304
0!
#3603563016
1"
#3603563144
0"
#3604061312
1!
#3604063024
1"
#3604063352
0"
#3604561304
0!
#3604563016
1"
#3604563144
0"
#3605061304
1!
#3605063016
1"
#3605063344
0"
#3605561304
0!
#3605563016
1"
#3605563144
0"
#3606061312
1!
#3606063024
1"
#3606063352
0"
#3606561304
0!
#3606563016
1"
#3606563144
0"
#3607061304
1!
#3607063016
1"
#3607063344
0"
#3607561304
0!
#3607563016
1"
#3607563144
0"
#3608061312
1!
#3608063024
1"
#3608063352
0"
#3608561304
0!
#3608563016
1"
#3608563144
0"
#3609061304
1!
#3609063016
1"
#3609063344
0"
#3609561304
0!
#3609563016
1"
#3609563144
0"
#3610061312
1!
#3610063024
1"
#3610063352
0"
#3610561304
0!
#3610563016
1"
#3610563144
0"
#3611061304
1!
#3611063016
1"
#3611063344
0"
#3611561304
0!
#3611563016
1"
#3611563144
0"
#3612061312
1!
#3612063024
1"
#3612063352
0"
#3612561304
0!
#3612563016
1"
#3612563144
0"
#3613061304
1!
#3613063016
1"
#3613063344
0"
#3613561304
0!
#3613563016
1"
#3613563144
0"
#3614061312
1!
#3614063024
1"
#3614063352
0"
#3614561304
0!
#3614563016
1"
#3614563144
0"
#3615061304
1!
#3615063016
1"
#3615063344
0"
#3615561304
0!
#3615563016
1"
#3615563144
0"
#3616061312
1!
#3616063024
1"
#3616063352
0"
#3616561304
0!
#3616563016
1"
#3616563144
0"
#3617061304
1!
#3617063016
1"
#3617063344
0"
#3617561304
0!
#3617563016
1"
#3617563144
0"
#3618061312
1!
#3618063024
1"
#3618063352
0"
#3618561304
0!
#3618563016
1"
#3618563144
0"
#3619061304
1!
#3619063016
1"
#3619063344
0"
#3619561304
0!
#3619563016
1"
#3619563144
0"
#3620061312
1!
#3620063024
1"
#3620063352
0"
#3620561304
0!
#3620563016
1"
#3620563144
0"
#3621061304
1!
#3621063016
1"
#3621063344
0"
#3621561304
0!
#3621563016
1"
#3621563144
0"
#3622061312
1!
#3622063024
1"
#3622063352
0"
#3622561304
0!
#3622563016
1"
#3622563144
0"
#3623061304
1!
#3623063016
1"
#3623063344
0"
#3623561304
0!
#3623563016
1"
#3623563144
0"
#3624061312
1!
#3624063024
1"
#3624063352
0"
#3624561304
0!
#3624563016
1"
#3624563144
0"
#3625061304
1!
#3625063016
1"
#3625063344
0"
#3625561304
0!
#3625563016
1"
#3625563144
0"
#3626061312
1!
#3626063024
1"
#3626063352
0"
#3626561304
0!
#3626563016
1"
#3626563144
0"
#3627061304
1!
#3627063016
1"
#3627063344
0"
#3627561304
0!
#3627563016
1"
#3627563144
0"
#3628061312
1!
#3628063024
1"
#3628063352
0"
#3628561304
0!
#3628563016
1"
#3628563144
0"
#3629061304
1!
#3629063016
1"
#3629063344
0"
#3629561304
0!
#3629563016
1"
#3629563144
0"
#3630061312
1!
#3630063024
1"
#3630063352
0"
#3630561304
0!
#3630563016
1"
#3630563144
0"
#3631061304
1!
#3631063016
1"
#3631063344
0"
#3631561304
0!
#3631563016
1"
#3631563144
0"
#3632061312
1!
#3632063024
1"
#3632063352
0"
#3632561304
0!
#3632563016
1"
#3632563144
0"
#3633061304
1!
#3633063016
1"
#3633063344
0"
#3633561304
0!
#3633563016
1"
#3633563144
0"
#3634061312
1!
#3634063024
1"
#3634063352
0"
#3634561304
0!
#3634563016
1"
#3634563144
0"
#3635061304
1!
#3635063016
1"
#3635063344
0"
#3635561304
0!
#3635563016
1"
#3635563144
0"
#3636061312
1!
#3636063024
1"
#3636063352
0"
#3636561304
0!
#3636563016
1"
#3636563144
0"
#3637061304
1!
#3637063016
1"
#3637063344
0"
#3637561304
0!
#3637563016
1"
#3637563144
0"
#3638061312
1!
#3638063024
1"
#3638063352
0"
#3638561304
0!
#3638563016
1"
#3638563144
0"
#3639061304
1!
#3639063016
1"
#3639063344
0"
#3639561304
0!
#3639563016
1"
#3639563144
0"
#3640061312
1!
#3640063024
1"
#3640063352
0"
#3640561304
0!
#3640563016
1"
#3640563144
0"
#3641061304
1!
#3641063016
1"
#3641063344
0"
#3641561304
0!
#3641563016
1"
#3641563144
0"
#3642061312
1!
#3642063024
1"
#3642063352
0"
#3642561304
0!
#3642563016
1"
#3642563144
0"
#3643061304
1!
#3643063016
1"
#3643063344
0"
#3643561304
0!
#3643563016
1"
#3643563144
0"
#3644061312
1!
#3644063024
1"
#3644063352
0"
#3644561304
0!
#3644563016
1"
#3644563144
0"
#3645061304
1!
#3645063016
1"
#3645063344
0"
#3645561304
0!
#3645563016
1"
#3645563144
0"
#3646061312
1!
#3646063024
1"
#3646063352
0"
#3646561304
0!
#3646563016
1"
#3646563144
0"
#3647061304
1!
#3647063016
1"
#3647063344
0"
#3647561304
0!
#3647563016
1"
#3647563144
0"
#3648061312
1!
#3648063024
1"
#3648063352
0"
#3648561304
0!
#3648563016
1"
#3648563144
0"
#3649061304
1!
#3649063016
1"
#3649063344
0"
#3649561304
0!
#3649563016
1"
#3649563144
0"
#3650061312
1!
#3650063024
1"
#3650063352
0"
#3650561304
0!
#3650563016
1"
#3650563144
0"
#3651061304
1!
#3651063016
1"
#3651063344
0"
#3651561304
0!
#3651563016
1"
#3651563144
0"
#3652061312
1!
#3652063024
1"
#3652063352
0"
#3652561304
0!
#3652563016
1"
#3652563144
0"
#3653061304
1!
#3653063016
1"
#3653063344
0"
#3653561304
0!
#3653563016
1"
#3653563144
0"
#3654061312
1!
#3654063024
1"
#3654063352
0"
#3654561304
0!
#3654563016
1"
#3654563144
0"
#3655061304
1!
#3655063016
1"
#3655063344
0"
#3655561304
0!
#3655563016
1"
#3655563144
0"
#3656061312
1!
#3656063024
1"
#3656063352
0"
#3656561304
0!
#3656563016
1"
#3656563144
0"
#3657061304
1!
#3657063016
1"
#3657063344
0"
#3657561304
0!
#3657563016
1"
#3657563144
0"
#3658061312
1!
#3658063024
1"
#3658063352
0"
#3658561304
0!
#3658563016
1"
#3658563144
0"
#3659061304
1!
#3659063016
1"
#3659063344
0"
#3659561304
0!
#3659563016
1"
#3659563144
0"
#3660061312
1!
#3660063024
1"
#3660063352
0"
#3660561304
0!
#3660563016
1"
#3660563144
0"
#3661061304
1!
#3661063016
1"
#3661063344
0"
#3661561304
0!
#3661563016
1"
#3661563144
0"
#3662061312
1!
#3662063024
1"
#3662063352
0"
#3662561304
0!
#3662563016
1"
#3662563144
0"
#3663061304
1!
#3663063016
1"
#3663063344
0"
#3663561304
0!
#3663563016
1"
#3663563144
0"
#3664061312
1!
#3664063024
1"
#3664063352
0"
#3664561304
0!
#3664563016
1"
#3664563144
0"
#3665061304
1!
#3665063016
1"
#3665063344
0"
#3665561304
0!
#3665563016
1"
#3665563144
0"
#3666061312
1!
#3666063024
1"
#3666063352
0"
#3666561304
0!
#3666563016
1"
#3666563144
0"
#3667061304
1!
#3667063016
1"
#3667063344
0"
#3667561304
0!
#3667563016
1"
#3667563144
0"
#3668061312
1!
#3668063024
1"
#3668063352
0"
#3668561304
0!
#3668563016
1"
#3668563144
0"
#3669061304
1!
#3669063016
1"
#3669063344
0"
#3669561304
0!
#3669563016
1"
#3669563144
0"
#3670061312
1!
#3670063024
1"
#3670063352
0"
#3670561304
0!
#3670563016
1"
#3670563144
0"
#3671061304
1!
#3671063016
1"
#3671063344
0"
#3671561304
0!
#3671563016
1"
#3671563144
0"
#3672061312
1!
#3672063024
1"
#3672063352
0"
#3672561304
0!
#3672563016
1"
#3672563144
0"
#3673061304
1!
#3673063016
1"
#3673063344
0"
#3673561304
0!
#3673563016
1"
#3673563144
0"
#3674061312
1!
#3674063024
1"
#3674063352
0"
#3674561304
0!
#3674563016
1"
#3674563144
0"
#3675061304
1!
#3675063016
1"
#3675063344
0"
#3675561304
0!
#3675563016
1"
#3675563144
0"
#3676061312
1!
#3676063024
1"
#3676063352
0"
#3676561304
0!
#3676563016
1"
#3676563144
0"
#3677061304
1!
#3677063016
1"
#3677063344
0"
#3677561304
0!
#3677563016
1"
#3677563144
0"
#3678061312
1!
#3678063024
1"
#3678063352
0"
#3678561304
0!
#3678563016
1"
#3678563144
0"
#3679061304
1!
#3679063016
1"
#3679063344
0"
#3679561304
0!
#3679563016
1"
#3679563144
0"
#3680061312
1!
#3680063024
1"
#3680063352
0"
#3680561304
0!
#3680563016
1"
#3680563144
0"
#3681061304
1!
#3681063016
1"
#3681063344
0"
#3681561304
0!
#3681563016
1"
#3681563144
0"
#3682061312
1!
#3682063024
1"
#3682063352
0"
#3682561304
0!
#3682563016
1"
#3682563144
0"
#3683061304
1!
#3683063016
1"
#3683063344
0"
#3683561304
0!
#3683563016
1"
#3683563144
0"
#3684061312
1!
#3684063024
1"
#3684063352
0"
#3684561304
0!
#3684563016
1"
#3684563144
0"
#3685061304
1!
#3685063016
1"
#3685063344
0"
#3685561304
0!
#3685563016
1"
#3685563144
0"
#3686061312
1!
#3686063024
1"
#3686063352
0"
#3686561304
0!
#3686563016
1"
#3686563144
0"
#3687061304
1!
#3687063016
1"
#3687063344
0"
#3687561304
0!
#3687563016
1"
#3687563144
0"
#3688061312
1!
#3688063024
1"
#3688063352
0"
#3688561304
0!
#3688563016
1"
#3688563144
0"
#3689061304
1!
#3689063016
1"
#3689063344
0"
#3689561304
0!
#3689563016
1"
#3689563144
0"
#3690061312
1!
#3690063024
1"
#3690063352
0"
#3690561304
0!
#3690563016
1"
#3690563144
0"
#3691061304
1!
#3691063016
1"
#3691063344
0"
#3691561304
0!
#3691563016
1"
#3691563144
0"
#3692061312
1!
#3692063024
1"
#3692063352
0"
#3692561304
0!
#3692563016
1"
#3692563144
0"
#3693061304
1!
#3693063016
1"
#3693063344
0"
#3693561304
0!
#3693563016
1"
#3693563144
0"
#3694061312
1!
#3694063024
1"
#3694063352
0"
#3694561304
0!
#3694563016
1"
#3694563144
0"
#3695061304
1!
#3695063016
1"
#3695063344
0"
#3695561304
0!
#3695563016
1"
#3695563144
0"
#3696061312
1!
#3696063024
1"
#3696063352
0"
#3696561304
0!
#3696563016
1"
#3696563144
0"
#3697061304
1!
#3697063016
1"
#3697063344
0"
#3697561304
0!
#3697563016
1"
#3697563144
0"
#3698061312
1!
#3698063024
1"
#3698063352
0"
#3698561304
0!
#3698563016
1"
#3698563144
0"
#3699061304
1!
#3699063016
1"
#3699063344
0"
#3699561304
0!
#3699563016
1"
#3699563144
0"
#3700061312
1!
#3700063024
1"
#3700063352
0"
#3700561304
0!
#3700563016
1"
#3700563144
0"
#3701061304
1!
#3701063016
1"
#3701063344
0"
#3701561304
0!
#3701563016
1"
#3701563144
0"
#3702061312
1!
#3702063024
1"
#3702063352
0"
#3702561304
0!
#3702563016
1"
#3702563144
0"
#3703061304
1!
#3703063016
1"
#3703063344
0"
#3703561304
0!
#3703563016
1"
#3703563144
0"
#3704061312
1!
#3704063024
1"
#3704063352
0"
#3704561304
0!
#3704563016
1"
#3704563144
0"
#3705061304
1!
#3705063016
1"
#3705063344
0"
#3705561304
0!
#3705563016
1"
#3705563144
0"
#3706061312
1!
#3706063024
1"
#3706063352
0"
#3706561304
0!
#3706563016
1"
#3706563144
0"
#3707061304
1!
#3707063016
1"
#3707063344
0"
#3707561304
0!
#3707563016
1"
#3707563144
0"
#3708061312
1!
#3708063024
1"
#3708063352
0"
#3708561304
0!
#3708563016
1"
#3708563144
0"
#3709061304
1!
#3709063016
1"
#3709063344
0"
#3709561304
0!
#3709563016
1"
#3709563144
0"
#3710061312
1!
#3710063024
1"
#3710063352
0"
#3710561304
0!
#3710563016
1"
#3710563144
0"
#3711061304
1!
#3711063016
1"
#3711063344
0"
#3711561304
0!
#3711563016
1"
#3711563144
0"
#3712061312
1!
#3712063024
1"
#3712063352
0"
#3712561304
0!
#3712563016
1"
#3712563144
0"
#3713061304
1!
#3713063016
1"
#3713063344
0"
#3713561304
0!
#3713563016
1"
#3713563144
0"
#3714061312
1!
#3714063024
1"
#3714063352
0"
#3714561304
0!
#3714563016
1"
#3714563144
0"
#3715061304
1!
#3715063016
1"
#3715063344
0"
#3715561304
0!
#3715563016
1"
#3715563144
0"
#3716061312
1!
#3716063024
1"
#3716063352
0"
#3716561304
0!
#3716563016
1"
#3716563144
0"
#3717061304
1!
#3717063016
1"
#3717063344
0"
#3717561304
0!
#3717563016
1"
#3717563144
0"
#3718061312
1!
#3718063024
1"
#3718063352
0"
#3718561304
0!
#3718563016
1"
#3718563144
0"
#3719061304
1!
#3719063016
1"
#3719063344
0"
#3719561304
0!
#3719563016
1"
#3719563144
0"
#3720061312
1!
#3720063024
1"
#3720063352
0"
#3720561304
0!
#3720563016
1"
#3720563144
0"
#3721061304
1!
#3721063016
1"
#3721063344
0"
#3721561304
0!
#3721563016
1"
#3721563144
0"
#3722061312
1!
#3722063024
1"
#3722063352
0"
#3722561304
0!
#3722563016
1"
#3722563144
0"
#3723061304
1!
#3723063016
1"
#3723063344
0"
#3723561304
0!
#3723563016
1"
#3723563144
0"
#3724061312
1!
#3724063024
1"
#3724063352
0"
#3724561304
0!
#3724563016
1"
#3724563144
0"
#3725061304
1!
#3725063016
1"
#3725063344
0"
#3725561304
0!
#3725563016
1"
#3725563144
0"
#3726061312
1!
#3726063024
1"
#3726063352
0"
#3726561304
0!
#3726563016
1"
#3726563144
0"
#3727061304
1!
#3727063016
1"
#3727063344
0"
#3727561304
0!
#3727563016
1"
#3727563144
0"
#3728061312
1!
#3728063024
1"
#3728063352
0"
#3728561304
0!
#3728563016
1"
#3728563144
0"
#3729061304
1!
#3729063016
1"
#3729063344
0"
#3729561304
0!
#3729563016
1"
#3729563144
0"
#3730061312
1!
#3730063024
1"
#3730063352
0"
#3730561304
0!
#3730563016
1"
#3730563144
0"
#3731061304
1!
#3731063016
1"
#3731063344
0"
#3731561304
0!
#3731563016
1"
#3731563144
0"
#3732061312
1!
#3732063024
1"
#3732063352
0"
#3732561304
0!
#3732563016
1"
#3732563144
0"
#3733061304
1!
#3733063016
1"
#3733063344
0"
#3733561304
0!
#3733563016
1"
#3733563144
0"
#3734061312
1!
#3734063024
1"
#3734063352
0"
#3734561304
0!
#3734563016
1"
#3734563144
0"
#3735061304
1!
#3735063016
1"
#3735063344
0"
#3735561304
0!
#3735563016
1"
#3735563144
0"
#3736061312
1!
#3736063024
1"
#3736063352
0"
#3736561304
0!
#3736563016
1"
#3736563144
0"
#3737061304
1!
#3737063016
1"
#3737063344
0"
#3737561304
0!
#3737563016
1"
#3737563144
0"
#3738061312
1!
#3738063024
1"
#3738063352
0"
#3738561304
0!
#3738563016
1"
#3738563144
0"
#3739061304
1!
#3739063016
1"
#3739063344
0"
#3739561304
0!
#3739563016
1"
#3739563144
0"
#3740061312
1!
#3740063024
1"
#3740063352
0"
#3740561304
0!
#3740563016
1"
#3740563144
0"
#3741061304
1!
#3741063016
1"
#3741063344
0"
#3741561304
0!
#3741563016
1"
#3741563144
0"
#3742061312
1!
#3742063024
1"
#3742063352
0"
#3742561304
0!
#3742563016
1"
#3742563144
0"
#3743061304
1!
#3743063016
1"
#3743063344
0"
#3743561304
0!
#3743563016
1"
#3743563144
0"
#3744061312
1!
#3744063024
1"
#3744063352
0"
#3744561304
0!
#3744563016
1"
#3744563144
0"
#3745061304
1!
#3745063016
1"
#3745063344
0"
#3745561304
0!
#3745563016
1"
#3745563144
0"
#3746061312
1!
#3746063024
1"
#3746063352
0"
#3746561304
0!
#3746563016
1"
#3746563144
0"
#3747061304
1!
#3747063016
1"
#3747063344
0"
#3747561304
0!
#3747563016
1"
#3747563144
0"
#3748061312
1!
#3748063024
1"
#3748063352
0"
#3748561304
0!
#3748563016
1"
#3748563144
0"
#3749061304
1!
#3749063016
1"
#3749063344
0"
#3749561304
0!
#3749563016
1"
#3749563144
0"
#3750061312
1!
#3750063024
1"
#3750063352
0"
#3750561304
0!
#3750563016
1"
#3750563144
0"
#3751061304
1!
#3751063016
1"
#3751063344
0"
#3751561304
0!
#3751563016
1"
#3751563144
0"
#3752061312
1!
#3752063024
1"
#3752063352
0"
#3752561304
0!
#3752563016
1"
#3752563144
0"
#3753061304
1!
#3753063016
1"
#3753063344
0"
#3753561304
0!
#3753563016
1"
#3753563144
0"
#3754061312
1!
#3754063024
1"
#3754063352
0"
#3754561304
0!
#3754563016
1"
#3754563144
0"
#3755061304
1!
#3755063016
1"
#3755063344
0"
#3755561304
0!
#3755563016
1"
#3755563144
0"
#3756061312
1!
#3756063024
1"
#3756063352
0"
#3756561304
0!
#3756563016
1"
#3756563144
0"
#3757061304
1!
#3757063016
1"
#3757063344
0"
#3757561304
0!
#3757563016
1"
#3757563144
0"
#3758061312
1!
#3758063024
1"
#3758063352
0"
#3758561304
0!
#3758563016
1"
#3758563144
0"
#3759061304
1!
#3759063016
1"
#3759063344
0"
#3759561304
0!
#3759563016
1"
#3759563144
0"
#3760061312
1!
#3760063024
1"
#3760063352
0"
#3760561304
0!
#3760563016
1"
#3760563144
0"
#3761061304
1!
#3761063016
1"
#3761063344
0"
#3761561304
0!
#3761563016
1"
#3761563144
0"
#3762061312
1!
#3762063024
1"
#3762063352
0"
#3762561304
0!
#3762563016
1"
#3762563144
0"
#3763061304
1!
#3763063016
1"
#3763063344
0"
#3763561304
0!
#3763563016
1"
#3763563144
0"
#3764061312
1!
#3764063024
1"
#3764063352
0"
#3764561304
0!
#3764563016
1"
#3764563144
0"
#3765061304
1!
#3765063016
1"
#3765063344
0"
#3765561304
0!
#3765563016
1"
#3765563144
0"
#3766061312
1!
#3766063024
1"
#3766063352
0"
#3766561304
0!
#3766563016
1"
#3766563144
0"
#3767061304
1!
#3767063016
1"
#3767063344
0"
#3767561304
0!
#3767563016
1"
#3767563144
0"
#3768061312
1!
#3768063024
1"
#3768063352
0"
#3768561304
0!
#3768563016
1"
#3768563144
0"
#3769061304
1!
#3769063016
1"
#3769063344
0"
#3769561304
0!
#3769563016
1"
#3769563144
0"
#3770061312
1!
#3770063024
1"
#3770063352
0"
#3770561304
0!
#3770563016
1"
#3770563144
0"
#3771061304
1!
#3771063016
1"
#3771063344
0"
#3771561304
0!
#3771563016
1"
#3771563144
0"
#3772061312
1!
#3772063024
1"
#3772063352
0"
#3772561304
0!
#3772563016
1"
#3772563144
0"
#3773061304
1!
#3773063016
1"
#3773063344
0"
#3773561304
0!
#3773563016
1"
#3773563144
0"
#3774061312
1!
#3774063024
1"
#3774063352
0"
#3774561304
0!
#3774563016
1"
#3774563144
0"
#3775061304
1!
#3775063016
1"
#3775063344
0"
#3775561304
0!
#3775563016
1"
#3775563144
0"
#3776061312
1!
#3776063024
1"
#3776063352
0"
#3776561304
0!
#3776563016
1"
#3776563144
0"
#3777061304
1!
#3777063016
1"
#3777063344
0"
#3777561304
0!
#3777563016
1"
#3777563144
0"
#3778061312
1!
#3778063024
1"
#3778063352
0"
#3778561304
0!
#3778563016
1"
#3778563144
0"
#3779061304
1!
#3779063016
1"
#3779063344
0"
#3779561304
0!
#3779563016
1"
#3779563144
0"
#3780061312
1!
#3780063024
1"
#3780063352
0"
#3780561304
0!
#3780563016
1"
#3780563144
0"
#3781061304
1!
#3781063016
1"
#3781063344
0"
#3781561304
0!
#3781563016
1"
#3781563144
0"
#3782061312
1!
#3782063024
1"
#3782063352
0"
#3782561304
0!
#3782563016
1"
#3782563144
0"
#3783061304
1!
#3783063016
1"
#3783063344
0"
#3783561304
0!
#3783563016
1"
#3783563144
0"
#3784061312
1!
#3784063024
1"
#3784063352
0"
#3784561304
0!
#3784563016
1"
#3784563144
0"
#3785061304
1!
#3785063016
1"
#3785063344
0"
#3785561304
0!
#3785563016
1"
#3785563144
0"
#3786061312
1!
#3786063024
1"
#3786063352
0"
#3786561304
0!
#3786563016
1"
#3786563144
0"
#3787061304
1!
#3787063016
1"
#3787063344
0"
#3787561304
0!
#3787563016
1"
#3787563144
0"
#3788061312
1!
#3788063024
1"
#3788063352
0"
#3788561304
0!
#3788563016
1"
#3788563144
0"
#3789061304
1!
#3789063016
1"
#3789063344
0"
#3789561304
0!
#3789563016
1"
#3789563144
0"
#3790061312
1!
#3790063024
1"
#3790063352
0"
#3790561304
0!
#3790563016
1"
#3790563144
0"
#3791061304
1!
#3791063016
1"
#3791063344
0"
#3791561304
0!
#3791563016
1"
#3791563144
0"
#3792061312
1!
#3792063024
1"
#3792063352
0"
#3792561304
0!
#3792563016
1"
#3792563144
0"
#3793061304
1!
#3793063016
1"
#3793063344
0"
#3793561304
0!
#3793563016
1"
#3793563144
0"
#3794061312
1!
#3794063024
1"
#3794063352
0"
#3794561304
0!
#3794563016
1"
#3794563144
0"
#3795061304
1!
#3795063016
1"
#3795063344
0"
#3795561304
0!
#3795563016
1"
#3795563144
0"
#3796061312
1!
#3796063024
1"
#3796063352
0"
#3796561304
0!
#3796563016
1"
#3796563144
0"
#3797061304
1!
#3797063016
1"
#3797063344
0"
#3797561304
0!
#3797563016
1"
#3797563144
0"
#3798061312
1!
#3798063024
1"
#3798063352
0"
#3798561304
0!
#3798563016
1"
#3798563144
0"
#3799061304
1!
#3799063016
1"
#3799063344
0"
#3799561304
0!
#3799563016
1"
#3799563144
0"
#3800061312
1!
#3800063024
1"
#3800063352
0"
#3800561304
0!
#3800563016
1"
#3800563144
0"
#3801061304
1!
#3801063016
1"
#3801063344
0"
#3801561304
0!
#3801563016
1"
#3801563144
0"
#3802061312
1!
#3802063024
1"
#3802063352
0"
#3802561304
0!
#3802563016
1"
#3802563144
0"
#3803061304
1!
#3803063016
1"
#3803063344
0"
#3803561304
0!
#3803563016
1"
#3803563144
0"
#3804061312
1!
#3804063024
1"
#3804063352
0"
#3804561304
0!
#3804563016
1"
#3804563144
0"
#3805061304
1!
#3805063016
1"
#3805063344
0"
#3805561304
0!
#3805563016
1"
#3805563144
0"
#3806061312
1!
#3806063024
1"
#3806063352
0"
#3806561304
0!
#3806563016
1"
#3806563144
0"
#3807061304
1!
#3807063016
1"
#3807063344
0"
#3807561304
0!
#3807563016
1"
#3807563144
0"
#3808061312
1!
#3808063024
1"
#3808063352
0"
#3808561304
0!
#3808563016
1"
#3808563144
0"
#3809061304
1!
#3809063016
1"
#3809063344
0"
#3809561304
0!
#3809563016
1"
#3809563144
0"
#3810061312
1!
#3810063024
1"
#3810063352
0"
#3810561304
0!
#3810563016
1"
#3810563144
0"
#3811061304
1!
#3811063016
1"
#3811063344
0"
#3811561304
0!
#3811563016
1"
#3811563144
0"
#3812061312
1!
#3812063024
1"
#3812063352
0"
#3812561304
0!
#3812563016
1"
#3812563144
0"
#3813061304
1!
#3813063016
1"
#3813063344
0"
#3813561304
0!
#3813563016
1"
#3813563144
0"
#3814061312
1!
#3814063024
1"
#3814063352
0"
#3814561304
0!
#3814563016
1"
#3814563144
0"
#3815061304
1!
#3815063016
1"
#3815063344
0"
#3815561304
0!
#3815563016
1"
#3815563144
0"
#3816061312
1!
#3816063024
1"
#3816063352
0"
#3816561304
0!
#3816563016
1"
#3816563144
0"
#3817061304
1!
#3817063016
1"
#3817063344
0"
#3817561304
0!
#3817563016
1"
#3817563144
0"
#3818061312
1!
#3818063024
1"
#3818063352
0"
#3818561304
0!
#3818563016
1"
#3818563144
0"
#3819061304
1!
#3819063016
1"
#3819063344
0"
#3819561304
0!
#3819563016
1"
#3819563144
0"
#3820061312
1!
#3820063024
1"
#3820063352
0"
#3820561304
0!
#3820563016
1"
#3820563144
0"
#3821061304
1!
#3821063016
1"
#3821063344
0"
#3821561304
0!
#3821563016
1"
#3821563144
0"
#3822061312
1!
#3822063024
1"
#3822063352
0"
#3822561304
0!
#3822563016
1"
#3822563144
0"
#3823061304
1!
#3823063016
1"
#3823063344
0"
#3823561304
0!
#3823563016
1"
#3823563144
0"
#3824061312
1!
#3824063024
1"
#3824063352
0"
#3824561304
0!
#3824563016
1"
#3824563144
0"
#3825061304
1!
#3825063016
1"
#3825063344
0"
#3825561304
0!
#3825563016
1"
#3825563144
0"
#3826061312
1!
#3826063024
1"
#3826063352
0"
#3826561304
0!
#3826563016
1"
#3826563144
0"
#3827061304
1!
#3827063016
1"
#3827063344
0"
#3827561304
0!
#3827563016
1"
#3827563144
0"
#3828061312
1!
#3828063024
1"
#3828063352
0"
#3828561304
0!
#3828563016
1"
#3828563144
0"
#3829061304
1!
#3829063016
1"
#3829063344
0"
#3829561304
0!
#3829563016
1"
#3829563144
0"
#3830061312
1!
#3830063024
1"
#3830063352
0"
#3830561304
0!
#3830563016
1"
#3830563144
0"
#3831061304
1!
#3831063016
1"
#3831063344
0"
#3831561304
0!
#3831563016
1"
#3831563144
0"
#3832061312
1!
#3832063024
1"
#3832063352
0"
#3832561304
0!
#3832563016
1"
#3832563144
0"
#3833061304
1!
#3833063016
1"
#3833063344
0"
#3833561304
0!
#3833563016
1"
#3833563144
0"
#3834061312
1!
#3834063024
1"
#3834063352
0"
#3834561304
0!
#3834563016
1"
#3834563144
0"
#3835061304
1!
#3835063016
1"
#3835063344
0"
#3835561304
0!
#3835563016
1"
#3835563144
0"
#3836061312
1!
#3836063024
1"
#3836063352
0"
#3836561304
0!
#3836563016
1"
#3836563144
0"
#3837061304
1!
#3837063016
1"
#3837063344
0"
#3837561304
0!
#3837563016
1"
#3837563144
0"
#3838061312
1!
#3838063024
1"
#3838063352
0"
#3838561304
0!
#3838563016
1"
#3838563144
0"
#3839061304
1!
#3839063016
1"
#3839063344
0"
#3839561304
0!
#3839563016
1"
#3839563144
0"
#3840061312
1!
#3840063024
1"
#3840063352
0"
#3840561304
0!
#3840563016
1"
#3840563144
0"
#3841061304
1!
#3841063016
1"
#3841063344
0"
#3841561304
0!
#3841563016
1"
#3841563144
0"
#3842061312
1!
#3842063024
1"
#3842063352
0"
#3842561304
0!
#3842563016
1"
#3842563144
0"
#3843061304
1!
#3843063016
1"
#3843063344
0"
#3843561304
0!
#3843563016
1"
#3843563144
0"
#3844061312
1!
#3844063024
1"
#3844063352
0"
#3844561304
0!
#3844563016
1"
#3844563144
0"
#3845061304
1!
#3845063016
1"
#3845063344
0"
#3845561304
0!
#3845563016
1"
#3845563144
0"
#3846061312
1!
#3846063024
1"
#3846063352
0"
#3846561304
0!
#3846563016
1"
#3846563144
0"
#3847061304
1!
#3847063016
1"
#3847063344
0"
#3847561304
0!
#3847563016
1"
#3847563144
0"
#3848061312
1!
#3848063024
1"
#3848063352
0"
#3848561304
0!
#3848563016
1"
#3848563144
0"
#3849061304
1!
#3849063016
1"
#3849063344
0"
#3849561304
0!
#3849563016
1"
#3849563144
0"
#3850061312
1!
#3850063024
1"
#3850063352
0"
#3850561304
0!
#3850563016
1"
#3850563144
0"
#3851061304
1!
#3851063016
1"
#3851063344
0"
#3851561304
0!
#3851563016
1"
#3851563144
0"
#3852061312
1!
#3852063024
1"
#3852063352
0"
#3852561304
0!
#3852563016
1"
#3852563144
0"
#3853061304
1!
#3853063016
1"
#3853063344
0"
#3853561304
0!
#3853563016
1"
#3853563144
0"
#3854061312
1!
#3854063024
1"
#3854063352
0"
#3854561304
0!
#3854563016
1"
#3854563144
0"
#3855061304
1!
#3855063016
1"
#3855063344
0"
#3855561304
0!
#3855563016
1"
#3855563144
0"
#3856061312
1!
#3856063024
1"
#3856063352
0"
#3856561304
0!
#3856563016
1"
#3856563144
0"
#3857061304
1!
#3857063016
1"
#3857063344
0"
#3857561304
0!
#3857563016
1"
#3857563144
0"
#3858061312
1!
#3858063024
1"
#3858063352
0"
#3858561304
0!
#3858563016
1"
#3858563144
0"
#3859061304
1!
#3859063016
1"
#3859063344
0"
#3859561304
0!
#3859563016
1"
#3859563144
0"
#3860061312
1!
#3860063024
1"
#3860063352
0"
#3860561304
0!
#3860563016
1"
#3860563144
0"
#3861061304
1!
#3861063016
1"
#3861063344
0"
#3861561304
0!
#3861563016
1"
#3861563144
0"
#3862061312
1!
#3862063024
1"
#3862063352
0"
#3862561304
0!
#3862563016
1"
#3862563144
0"
#3863061304
1!
#3863063016
1"
#3863063344
0"
#3863561304
0!
#3863563016
1"
#3863563144
0"
#3864061312
1!
#3864063024
1"
#3864063352
0"
#3864561304
0!
#3864563016
1"
#3864563144
0"
#3865061304
1!
#3865063016
1"
#3865063344
0"
#3865561304
0!
#3865563016
1"
#3865563144
0"
#3866061312
1!
#3866063024
1"
#3866063352
0"
#3866561304
0!
#3866563016
1"
#3866563144
0"
#3867061304
1!
#3867063016
1"
#3867063344
0"
#3867561304
0!
#3867563016
1"
#3867563144
0"
#3868061312
1!
#3868063024
1"
#3868063352
0"
#3868561304
0!
#3868563016
1"
#3868563144
0"
#3869061304
1!
#3869063016
1"
#3869063344
0"
#3869561304
0!
#3869563016
1"
#3869563144
0"
#3870061312
1!
#3870063024
1"
#3870063352
0"
#3870561304
0!
#3870563016
1"
#3870563144
0"
#3871061304
1!
#3871063016
1"
#3871063344
0"
#3871561304
0!
#3871563016
1"
#3871563144
0"
#3872061312
1!
#3872063024
1"
#3872063352
0"
#3872561304
0!
#3872563016
1"
#3872563144
0"
#3873061304
1!
#3873063016
1"
#3873063344
0"
#3873561304
0!
#3873563016
1"
#3873563144
0"
#3874061312
1!
#3874063024
1"
#3874063352
0"
#3874561304
0!
#3874563016
1"
#3874563144
0"
#3875061304
1!
#3875063016
1"
#3875063344
0"
#3875561304
0!
#3875563016
1"
#3875563144
0"
#3876061312
1!
#3876063024
1"
#3876063352
0"
#3876561304
0!
#3876563016
1"
#3876563144
0"
#3877061304
1!
#3877063016
1"
#3877063344
0"
#3877561304
0!
#3877563016
1"
#3877563144
0"
#3878061312
1!
#3878063024
1"
#3878063352
0"
#3878561304
0!
#3878563016
1"
#3878563144
0"
#3879061304
1!
#3879063016
1"
#3879063344
0"
#3879561304
0!
#3879563016
1"
#3879563144
0"
#3880061312
1!
#3880063024
1"
#3880063352
0"
#3880561304
0!
#3880563016
1"
#3880563144
0"
#3881061304
1!
#3881063016
1"
#3881063344
0"
#3881561304
0!
#3881563016
1"
#3881563144
0"
#3882061312
1!
#3882063024
1"
#3882063352
0"
#3882561304
0!
#3882563016
1"
#3882563144
0"
#3883061304
1!
#3883063016
1"
#3883063344
0"
#3883561304
0!
#3883563016
1"
#3883563144
0"
#3884061312
1!
#3884063024
1"
#3884063352
0"
#3884561304
0!
#3884563016
1"
#3884563144
0"
#3885061304
1!
#3885063016
1"
#3885063344
0"
#3885561304
0!
#3885563016
1"
#3885563144
0"
#3886061312
1!
#3886063024
1"
#3886063352
0"
#3886561304
0!
#3886563016
1"
#3886563144
0"
#3887061304
1!
#3887063016
1"
#3887063344
0"
#3887561304
0!
#3887563016
1"
#3887563144
0"
#3888061312
1!
#3888063024
1"
#3888063352
0"
#3888561304
0!
#3888563016
1"
#3888563144
0"
#3889061304
1!
#3889063016
1"
#3889063344
0"
#3889561304
0!
#3889563016
1"
#3889563144
0"
#3890061312
1!
#3890063024
1"
#3890063352
0"
#3890561304
0!
#3890563016
1"
#3890563144
0"
#3891061304
1!
#3891063016
1"
#3891063344
0"
#3891561304
0!
#3891563016
1"
#3891563144
0"
#3892061312
1!
#3892063024
1"
#3892063352
0"
#3892561304
0!
#3892563016
1"
#3892563144
0"
#3893061304
1!
#3893063016
1"
#3893063344
0"
#3893561304
0!
#3893563016
1"
#3893563144
0"
#3894061312
1!
#3894063024
1"
#3894063352
0"
#3894561304
0!
#3894563016
1"
#3894563144
0"
#3895061304
1!
#3895063016
1"
#3895063344
0"
#3895561304
0!
#3895563016
1"
#3895563144
0"
#3896061312
1!
#3896063024
1"
#3896063352
0"
#3896561304
0!
#3896563016
1"
#3896563144
0"
#3897061304
1!
#3897063016
1"
#3897063344
0"
#3897561304
0!
#3897563016
1"
#3897563144
0"
#3898061312
1!
#3898063024
1"
#3898063352
0"
#3898561304
0!
#3898563016
1"
#3898563144
0"
#3899061304
1!
#3899063016
1"
#3899063344
0"
#3899561304
0!
#3899563016
1"
#3899563144
0"
#3900061312
1!
#3900063024
1"
#3900063352
0"
#3900561304
0!
#3900563016
1"
#3900563144
0"
#3901061304
1!
#3901063016
1"
#3901063344
0"
#3901561304
0!
#3901563016
1"
#3901563144
0"
#3902061312
1!
#3902063024
1"
#3902063352
0"
#3902561304
0!
#3902563016
1"
#3902563144
0"
#3903061304
1!
#3903063016
1"
#3903063344
0"
#3903561304
0!
#3903563016
1"
#3903563144
0"
#3904061312
1!
#3904063024
1"
#3904063352
0"
#3904561304
0!
#3904563016
1"
#3904563144
0"
#3905061304
1!
#3905063016
1"
#3905063344
0"
#3905561304
0!
#3905563016
1"
#3905563144
0"
#3906061312
1!
#3906063024
1"
#3906063352
0"
#3906561304
0!
#3906563016
1"
#3906563144
0"
#3907061304
1!
#3907063016
1"
#3907063344
0"
#3907561304
0!
#3907563016
1"
#3907563144
0"
#3908061312
1!
#3908063024
1"
#3908063352
0"
#3908561304
0!
#3908563016
1"
#3908563144
0"
#3909061304
1!
#3909063016
1"
#3909063344
0"
#3909561304
0!
#3909563016
1"
#3909563144
0"
#3910061312
1!
#3910063024
1"
#3910063352
0"
#3910561304
0!
#3910563016
1"
#3910563144
0"
#3911061304
1!
#3911063016
1"
#3911063344
0"
#3911561304
0!
#3911563016
1"
#3911563144
0"
#3912061312
1!
#3912063024
1"
#3912063352
0"
#3912561304
0!
#3912563016
1"
#3912563144
0"
#3913061304
1!
#3913063016
1"
#3913063344
0"
#3913561304
0!
#3913563016
1"
#3913563144
0"
#3914061312
1!
#3914063024
1"
#3914063352
0"
#3914561304
0!
#3914563016
1"
#3914563144
0"
#3915061304
1!
#3915063016
1"
#3915063344
0"
#3915561304
0!
#3915563016
1"
#3915563144
0"
#3916061312
1!
#3916063024
1"
#3916063352
0"
#3916561304
0!
#3916563016
1"
#3916563144
0"
#3917061304
1!
#3917063016
1"
#3917063344
0"
#3917561304
0!
#3917563016
1"
#3917563144
0"
#3918061312
1!
#3918063024
1"
#3918063352
0"
#3918561304
0!
#3918563016
1"
#3918563144
0"
#3919061304
1!
#3919063016
1"
#3919063344
0"
#3919561304
0!
#3919563016
1"
#3919563144
0"
#3920061312
1!
#3920063024
1"
#3920063352
0"
#3920561304
0!
#3920563016
1"
#3920563144
0"
#3921061304
1!
#3921063016
1"
#3921063344
0"
#3921561304
0!
#3921563016
1"
#3921563144
0"
#3922061312
1!
#3922063024
1"
#3922063352
0"
#3922561304
0!
#3922563016
1"
#3922563144
0"
#3923061304
1!
#3923063016
1"
#3923063344
0"
#3923561304
0!
#3923563016
1"
#3923563144
0"
#3924061312
1!
#3924063024
1"
#3924063352
0"
#3924561304
0!
#3924563016
1"
#3924563144
0"
#3925061304
1!
#3925063016
1"
#3925063344
0"
#3925561304
0!
#3925563016
1"
#3925563144
0"
#3926061312
1!
#3926063024
1"
#3926063352
0"
#3926561304
0!
#3926563016
1"
#3926563144
0"
#3927061304
1!
#3927063016
1"
#3927063344
0"
#3927561304
0!
#3927563016
1"
#3927563144
0"
#3928061312
1!
#3928063024
1"
#3928063352
0"
#3928561304
0!
#3928563016
1"
#3928563144
0"
#3929061304
1!
#3929063016
1"
#3929063344
0"
#3929561304
0!
#3929563016
1"
#3929563144
0"
#3930061312
1!
#3930063024
1"
#3930063352
0"
#3930561304
0!
#3930563016
1"
#3930563144
0"
#3931061304
1!
#3931063016
1"
#3931063344
0"
#3931561304
0!
#3931563016
1"
#3931563144
0"
#3932061312
1!
#3932063024
1"
#3932063352
0"
#3932561304
0!
#3932563016
1"
#3932563144
0"
#3933061304
1!
#3933063016
1"
#3933063344
0"
#3933561304
0!
#3933563016
1"
#3933563144
0"
#3934061312
1!
#3934063024
1"
#3934063352
0"
#3934561304
0!
#3934563016
1"
#3934563144
0"
#3935061304
1!
#3935063016
1"
#3935063344
0"
#3935561304
0!
#3935563016
1"
#3935563144
0"
#3936061312
1!
#3936063024
1"
#3936063352
0"
#3936561304
0!
#3936563016
1"
#3936563144
0"
#3937061304
1!
#3937063016
1"
#3937063344
0"
#3937561304
0!
#3937563016
1"
#3937563144
0"
#3938061312
1!
#3938063024
1"
#3938063352
0"
#3938561304
0!
#3938563016
1"
#3938563144
0"
#3939061304
1!
#3939063016
1"
#3939063344
0"
#3939561304
0!
#3939563016
1"
#3939563144
0"
#3940061312
1!
#3940063024
1"
#3940063352
0"
#3940561304
0!
#3940563016
1"
#3940563144
0"
#3941061304
1!
#3941063016
1"
#3941063344
0"
#3941561304
0!
#3941563016
1"
#3941563144
0"
#3942061312
1!
#3942063024
1"
#3942063352
0"
#3942561304
0!
#3942563016
1"
#3942563144
0"
#3943061304
1!
#3943063016
1"
#3943063344
0"
#3943561304
0!
#3943563016
1"
#3943563144
0"
#3944061312
1!
#3944063024
1"
#3944063352
0"
#3944561304
0!
#3944563016
1"
#3944563144
0"
#3945061304
1!
#3945063016
1"
#3945063344
0"
#3945561304
0!
#3945563016
1"
#3945563144
0"
#3946061312
1!
#3946063024
1"
#3946063352
0"
#3946561304
0!
#3946563016
1"
#3946563144
0"
#3947061304
1!
#3947063016
1"
#3947063344
0"
#3947561304
0!
#3947563016
1"
#3947563144
0"
#3948061312
1!
#3948063024
1"
#3948063352
0"
#3948561304
0!
#3948563016
1"
#3948563144
0"
#3949061304
1!
#3949063016
1"
#3949063344
0"
#3949561304
0!
#3949563016
1"
#3949563144
0"
#3950061312
1!
#3950063024
1"
#3950063352
0"
#3950561304
0!
#3950563016
1"
#3950563144
0"
#3951061304
1!
#3951063016
1"
#3951063344
0"
#3951561304
0!
#3951563016
1"
#3951563144
0"
#3952061312
1!
#3952063024
1"
#3952063352
0"
#3952561304
0!
#3952563016
1"
#3952563144
0"
#3953061304
1!
#3953063016
1"
#3953063344
0"
#3953561304
0!
#3953563016
1"
#3953563144
0"
#3954061312
1!
#3954063024
1"
#3954063352
0"
#3954561304
0!
#3954563016
1"
#3954563144
0"
#3955061304
1!
#3955063016
1"
#3955063344
0"
#3955561304
0!
#3955563016
1"
#3955563144
0"
#3956061312
1!
#3956063024
1"
#3956063352
0"
#3956561304
0!
#3956563016
1"
#3956563144
0"
#3957061304
1!
#3957063016
1"
#3957063344
0"
#3957561304
0!
#3957563016
1"
#3957563144
0"
#3958061312
1!
#3958063024
1"
#3958063352
0"
#3958561304
0!
#3958563016
1"
#3958563144
0"
#3959061304
1!
#3959063016
1"
#3959063344
0"
#3959561304
0!
#3959563016
1"
#3959563144
0"
#3960061312
1!
#3960063024
1"
#3960063352
0"
#3960561304
0!
#3960563016
1"
#3960563144
0"
#3961061304
1!
#3961063016
1"
#3961063344
0"
#3961561304
0!
#3961563016
1"
#3961563144
0"
#3962061312
1!
#3962063024
1"
#3962063352
0"
#3962561304
0!
#3962563016
1"
#3962563144
0"
#3963061304
1!
#3963063016
1"
#3963063344
0"
#3963561304
0!
#3963563016
1"
#3963563144
0"
#3964061312
1!
#3964063024
1"
#3964063352
0"
#3964561304
0!
#3964563016
1"
#3964563144
0"
#3965061304
1!
#3965063016
1"
#3965063344
0"
#3965561304
0!
#3965563016
1"
#3965563144
0"
#3966061312
1!
#3966063024
1"
#3966063352
0"
#3966561304
0!
#3966563016
1"
#3966563144
0"
#3967061304
1!
#3967063016
1"
#3967063344
0"
#3967561304
0!
#3967563016
1"
#3967563144
0"
#3968061312
1!
#3968063024
1"
#3968063352
0"
#3968561304
0!
#3968563016
1"
#3968563144
0"
#3969061304
1!
#3969063016
1"
#3969063344
0"
#3969561304
0!
#3969563016
1"
#3969563144
0"
#3970061312
1!
#3970063024
1"
#3970063352
0"
#3970561304
0!
#3970563016
1"
#3970563144
0"
#3971061304
1!
#3971063016
1"
#3971063344
0"
#3971561304
0!
#3971563016
1"
#3971563144
0"
#3972061312
1!
#3972063024
1"
#3972063352
0"
#3972561304
0!
#3972563016
1"
#3972563144
0"
#3973061304
1!
#3973063016
1"
#3973063344
0"
#3973561304
0!
#3973563016
1"
#3973563144
0"
#3974061312
1!
#3974063024
1"
#3974063352
0"
#3974561304
0!
#3974563016
1"
#3974563144
0"
#3975061304
1!
#3975063016
1"
#3975063344
0"
#3975561304
0!
#3975563016
1"
#3975563144
0"
#3976061312
1!
#3976063024
1"
#3976063352
0"
#3976561304
0!
#3976563016
1"
#3976563144
0"
#3977061304
1!
#3977063016
1"
#3977063344
0"
#3977561304
0!
#3977563016
1"
#3977563144
0"
#3978061312
1!
#3978063024
1"
#3978063352
0"
#3978561304
0!
#3978563016
1"
#3978563144
0"
#3979061304
1!
#3979063016
1"
#3979063344
0"
#3979561304
0!
#3979563016
1"
#3979563144
0"
#3980061312
1!
#3980063024
1"
#3980063352
0"
#3980561304
0!
#3980563016
1"
#3980563144
0"
#3981061304
1!
#3981063016
1"
#3981063344
0"
#3981561304
0!
#3981563016
1"
#3981563144
0"
#3982061312
1!
#3982063024
1"
#3982063352
0"
#3982561304
0!
#3982563016
1"
#3982563144
0"
#3983061304
1!
#3983063016
1"
#3983063344
0"
#3983561304
0!
#3983563016
1"
#3983563144
0"
#3984061312
1!
#3984063024
1"
#3984063352
0"
#3984561304
0!
#3984563016
1"
#3984563144
0"
#3985061304
1!
#3985063016
1"
#3985063344
0"
#3985561304
0!
#3985563016
1"
#3985563144
0"
#3986061312
1!
#3986063024
1"
#3986063352
0"
#3986561304
0!
#3986563016
1"
#3986563144
0"
#3987061304
1!
#3987063016
1"
#3987063344
0"
#3987561304
0!
#3987563016
1"
#3987563144
0"
#3988061312
1!
#3988063024
1"
#3988063352
0"
#3988561304
0!
#3988563016
1"
#3988563144
0"
#3989061304
1!
#3989063016
1"
#3989063344
0"
#3989561304
0!
#3989563016
1"
#3989563144
0"
#3990061312
1!
#3990063024
1"
#3990063352
0"
#3990561304
0!
#3990563016
1"
#3990563144
0"
#3991061304
1!
#3991063016
1"
#3991063344
0"
#3991561304
0!
#3991563016
1"
#3991563144
0"
#3992061312
1!
#3992063024
1"
#3992063352
0"
#3992561304
0!
#3992563016
1"
#3992563144
0"
#3993061304
1!
#3993063016
1"
#3993063344
0"
#3993561304
0!
#3993563016
1"
#3993563144
0"
#3994061312
1!
#3994063024
1"
#3994063352
0"
#3994561304
0!
#3994563016
1"
#3994563144
0"
#3995061304
1!
#3995063016
1"
#3995063344
0"
#3995561304
0!
#3995563016
1"
#3995563144
0"
#3996061312
1!
#3996063024
1"
#3996063352
0"
#3996561304
0!
#3996563016
1"
#3996563144
0"
#3997061304
1!
#3997063016
1"
#3997063344
0"
#3997561304
0!
#3997563016
1"
#3997563144
0"
#3998061312
1!
#3998063024
1"
#3998063352
0"
#3998561304
0!
#3998563016
1"
#3998563144
0"
#3999061304
1!
#3999063016
1"
#3999063344
0"
#3999561304
0!
#3999563016
1"
#3999563144
0"
#4000061312
1!
#4000063024
1"
#4000063352
0"
#4000561312
0!
#4000563024
1"
#4000563152
0"
#4001061312
1!
#4001063024
1"
#4001063352
0"
#4001561304
0!
#4001563016
1"
#4001563144
0"
#4002061312
1!
#4002063024
1"
#4002063352
0"
#4002561312
0!
#4002563024
1"
#4002563152
0"
#4003061304
1!
#4003063016
1"
#4003063344
0"
#4003561304
0!
#4003563016
1"
#4003563144
0"
#4004061312
1!
#4004063024
1"
#4004063352
0"
#4004561304
0!
#4004563016
1"
#4004563144
0"
#4005061304
1!
#4005063016
1"
#4005063344
0"
#4005561312
0!
#4005563024
1"
#4005563152
0"
#4006061312
1!
#4006063024
1"
#4006063352
0"
#4006561304
0!
#4006563016
1"
#4006563144
0"
#4007061312
1!
#4007063024
1"
#4007063352
0"
#4007561304
0!
#4007563016
1"
#4007563144
0"
#4008061312
1!
#4008063024
1"
#4008063352
0"
#4008561312
0!
#4008563024
1"
#4008563152
0"
#4009061312
1!
#4009063024
1"
#4009063352
0"
#4009561304
0!
#4009563016
1"
#4009563144
0"
#4010061312
1!
#4010063024
1"
#4010063352
0"
#4010561312
0!
#4010563024
1"
#4010563152
0"
#4011061304
1!
#4011063016
1"
#4011063344
0"
#4011561304
0!
#4011563016
1"
#4011563144
0"
#4012061312
1!
#4012063024
1"
#4012063352
0"
#4012561304
0!
#4012563016
1"
#4012563144
0"
#4013061304
1!
#4013063016
1"
#4013063344
0"
#4013561312
0!
#4013563024
1"
#4013563152
0"
#4014061312
1!
#4014063024
1"
#4014063352
0"
#4014561304
0!
#4014563016
1"
#4014563144
0"
#4015061312
1!
#4015063024
1"
#4015063352
0"
#4015561304
0!
#4015563016
1"
#4015563144
0"
#4016061312
1!
#4016063024
1"
#4016063352
0"
#4016561312
0!
#4016563024
1"
#4016563152
0"
#4017061312
1!
#4017063024
1"
#4017063352
0"
#4017561304
0!
#4017563016
1"
#4017563144
0"
#4018061312
1!
#4018063024
1"
#4018063352
0"
#4018561312
0!
#4018563024
1"
#4018563152
0"
#4019061304
1!
#4019063016
1"
#4019063344
0"
#4019561304
0!
#4019563016
1"
#4019563144
0"
#4020061312
1!
#4020063024
1"
#4020063352
0"
#4020561304
0!
#4020563016
1"
#4020563144
0"
#4021061304
1!
#4021063016
1"
#4021063344
0"
#4021561312
0!
#4021563024
1"
#4021563152
0"
#4022061312
1!
#4022063024
1"
#4022063352
0"
#4022561304
0!
#4022563016
1"
#4022563144
0"
#4023061312
1!
#4023063024
1"
#4023063352
0"
#4023561304
0!
#4023563016
1"
#4023563144
0"
#4024061312
1!
#4024063024
1"
#4024063352
0"
#4024561312
0!
#4024563024
1"
#4024563152
0"
#4025061312
1!
#4025063024
1"
#4025063352
0"
#4025561304
0!
#4025563016
1"
#4025563144
0"
#4026061312
1!
#4026063024
1"
#4026063352
0"
#4026561312
0!
#4026563024
1"
#4026563152
0"
#4027061304
1!
#4027063016
1"
#4027063344
0"
#4027561304
0!
#4027563016
1"
#4027563144
0"
#4028061312
1!
#4028063024
1"
#4028063352
0"
#4028561304
0!
#4028563016
1"
#4028563144
0"
#4029061304
1!
#4029063016
1"
#4029063344
0"
#4029561312
0!
#4029563024
1"
#4029563152
0"
#4030061312
1!
#4030063024
1"
#4030063352
0"
#4030561304
0!
#4030563016
1"
#4030563144
0"
#4031061312
1!
#4031063024
1"
#4031063352
0"
#4031561304
0!
#4031563016
1"
#4031563144
0"
#4032061312
1!
#4032063024
1"
#4032063352
0"
#4032561312
0!
#4032563024
1"
#4032563152
0"
#4033061312
1!
#4033063024
1"
#4033063352
0"
#4033561304
0!
#4033563016
1"
#4033563144
0"
#4034061312
1!
#4034063024
1"
#4034063352
0"
#4034561312
0!
#4034563024
1"
#4034563152
0"
#4035061304
1!
#4035063016
1"
#4035063344
0"
#4035561304
0!
#4035563016
1"
#4035563144
0"
#4036061312
1!
#4036063024
1"
#4036063352
0"
#4036561304
0!
#4036563016
1"
#4036563144
0"
#4037061304
1!
#4037063016
1"
#4037063344
0"
#4037561312
0!
#4037563024
1"
#4037563152
0"
#4038061312
1!
#4038063024
1"
#4038063352
0"
#4038561304
0!
#4038563016
1"
#4038563144
0"
#4039061312
1!
#4039063024
1"
#4039063352
0"
#4039561312
0!
#4039563024
1"
#4039563152
0"
#4040061312
1!
#4040063024
1"
#4040063352
0"
#4040561312
0!
#4040563024
1"
#4040563152
0"
#4041061312
1!
#4041063024
1"
#4041063352
0"
#4041561304
0!
#4041563016
1"
#4041563144
0"
#4042061312
1!
#4042063024
1"
#4042063352
0"
#4042561312
0!
#4042563024
1"
#4042563152
0"
#4043061304
1!
#4043063016
1"
#4043063344
0"
#4043561304
0!
#4043563016
1"
#4043563144
0"
#4044061312
1!
#4044063024
1"
#4044063352
0"
#4044561304
0!
#4044563016
1"
#4044563144
0"
#4045061304
1!
#4045063016
1"
#4045063344
0"
#4045561312
0!
#4045563024
1"
#4045563152
0"
#4046061312
1!
#4046063024
1"
#4046063352
0"
#4046561304
0!
#4046563016
1"
#4046563144
0"
#4047061312
1!
#4047063024
1"
#4047063352
0"
#4047561312
0!
#4047563024
1"
#4047563152
0"
#4048061312
1!
#4048063024
1"
#4048063352
0"
#4048561312
0!
#4048563024
1"
#4048563152
0"
#4049061312
1!
#4049063024
1"
#4049063352
0"
#4049561304
0!
#4049563016
1"
#4049563144
0"
#4050061312
1!
#4050063024
1"
#4050063352
0"
#4050561312
0!
#4050563024
1"
#4050563152
0"
#4051061304
1!
#4051063016
1"
#4051063344
0"
#4051561304
0!
#4051563016
1"
#4051563144
0"
#4052061312
1!
#4052063024
1"
#4052063352
0"
#4052561304
0!
#4052563016
1"
#4052563144
0"
#4053061304
1!
#4053063016
1"
#4053063344
0"
#4053561312
0!
#4053563024
1"
#4053563152
0"
#4054061312
1!
#4054063024
1"
#4054063352
0"
#4054561304
0!
#4054563016
1"
#4054563144
0"
#4055061312
1!
#4055063024
1"
#4055063352
0"
#4055561312
0!
#4055563024
1"
#4055563152
0"
#4056061312
1!
#4056063024
1"
#4056063352
0"
#4056561312
0!
#4056563024
1"
#4056563152
0"
#4057061312
1!
#4057063024
1"
#4057063352
0"
#4057561304
0!
#4057563016
1"
#4057563144
0"
#4058061312
1!
#4058063024
1"
#4058063352
0"
#4058561312
0!
#4058563024
1"
#4058563152
0"
#4059061304
1!
#4059063016
1"
#4059063344
0"
#4059561304
0!
#4059563016
1"
#4059563144
0"
#4060061312
1!
#4060063024
1"
#4060063352
0"
#4060561304
0!
#4060563016
1"
#4060563144
0"
#4061061304
1!
#4061063016
1"
#4061063344
0"
#4061561312
0!
#4061563024
1"
#4061563152
0"
#4062061312
1!
#4062063024
1"
#4062063352
0"
#4062561304
0!
#4062563016
1"
#4062563144
0"
#4063061312
1!
#4063063024
1"
#4063063352
0"
#4063561312
0!
#4063563024
1"
#4063563152
0"
#4064061312
1!
#4064063024
1"
#4064063352
0"
#4064561312
0!
#4064563024
1"
#4064563152
0"
#4065061312
1!
#4065063024
1"
#4065063352
0"
#4065561304
0!
#4065563016
1"
#4065563144
0"
#4066061312
1!
#4066063024
1"
#4066063352
0"
#4066561312
0!
#4066563024
1"
#4066563152
0"
#4067061304
1!
#4067063016
1"
#4067063344
0"
#4067561304
0!
#4067563016
1"
#4067563144
0"
#4068061312
1!
#4068063024
1"
#4068063352
0"
#4068561304
0!
#4068563016
1"
#4068563144
0"
#4069061304
1!
#4069063016
1"
#4069063344
0"
#4069561312
0!
#4069563024
1"
#4069563152
0"
#4070061312
1!
#4070063024
1"
#4070063352
0"
#4070561304
0!
#4070563016
1"
#4070563144
0"
#4071061312
1!
#4071063024
1"
#4071063352
0"
#4071561312
0!
#4071563024
1"
#4071563152
0"
#4072061312
1!
#4072063024
1"
#4072063352
0"
#4072561312
0!
#4072563024
1"
#4072563152
0"
#4073061312
1!
#4073063024
1"
#4073063352
0"
#4073561304
0!
#4073563016
1"
#4073563144
0"
#4074061312
1!
#4074063024
1"
#4074063352
0"
#4074561312
0!
#4074563024
1"
#4074563152
0"
#4075061304
1!
#4075063016
1"
#4075063344
0"
#4075561304
0!
#4075563016
1"
#4075563144
0"
#4076061312
1!
#4076063024
1"
#4076063352
0"
#4076561304
0!
#4076563016
1"
#4076563144
0"
#4077061304
1!
#4077063016
1"
#4077063344
0"
#4077561312
0!
#4077563024
1"
#4077563152
0"
#4078061312
1!
#4078063024
1"
#4078063352
0"
#4078561304
0!
#4078563016
1"
#4078563144
0"
#4079061312
1!
#4079063024
1"
#4079063352
0"
#4079561312
0!
#4079563024
1"
#4079563152
0"
#4080061312
1!
#4080063024
1"
#4080063352
0"
#4080561312
0!
#4080563024
1"
#4080563152
0"
#4081061312
1!
#4081063024
1"
#4081063352
0"
#4081561304
0!
#4081563016
1"
#4081563144
0"
#4082061312
1!
#4082063024
1"
#4082063352
0"
#4082561312
0!
#4082563024
1"
#4082563152
0"
#4083061304
1!
#4083063016
1"
#4083063344
0"
#4083561304
0!
#4083563016
1"
#4083563144
0"
#4084061312
1!
#4084063024
1"
#4084063352
0"
#4084561304
0!
#4084563016
1"
#4084563144
0"
#4085061304
1!
#4085063016
1"
#4085063344
0"
#4085561312
0!
#4085563024
1"
#4085563152
0"
#4086061312
1!
#4086063024
1"
#4086063352
0"
#4086561304
0!
#4086563016
1"
#4086563144
0"
#4087061312
1!
#4087063024
1"
#4087063352
0"
#4087561312
0!
#4087563024
1"
#4087563152
0"
#4088061312
1!
#4088063024
1"
#4088063352
0"
#4088561312
0!
#4088563024
1"
#4088563152
0"
#4089061312
1!
#4089063024
1"
#4089063352
0"
#4089561304
0!
#4089563016
1"
#4089563144
0"
#4090061312
1!
#4090063024
1"
#4090063352
0"
#4090561312
0!
#4090563024
1"
#4090563152
0"
#4091061304
1!
#4091063016
1"
#4091063344
0"
#4091561304
0!
#4091563016
1"
#4091563144
0"
#4092061312
1!
#4092063024
1"
#4092063352
0"
#4092561304
0!
#4092563016
1"
#4092563144
0"
#4093061304
1!
#4093063016
1"
#4093063344
0"
#4093561312
0!
#4093563024
1"
#4093563152
0"
#4094061312
1!
#4094063024
1"
#4094063352
0"
#4094561304
0!
#4094563016
1"
#4094563144
0"
#4095061312
1!
#4095063024
1"
#4095063352
0"
#4095561312
0!
#4095563024
1"
#4095563152
0"
#4096061312
1!
#4096063024
1"
#4096063352
0"
#4096561312
0!
#4096563024
1"
#4096563152
0"
#4097061312
1!
#4097063024
1"
#4097063352
0"
#4097561304
0!
#4097563016
1"
#4097563144
0"
#4098061312
1!
#4098063024
1"
#4098063352
0"
#4098561312
0!
#4098563024
1"
#4098563152
0"
#4099061304
1!
#4099063016
1"
#4099063344
0"
#4099561304
0!
#4099563016
1"
#4099563144
0"
#4100061312
1!
#4100063024
1"
#4100063352
0"
#4100561304
0!
#4100563016
1"
#4100563144
0"
#4101061304
1!
#4101063016
1"
#4101063344
0"
#4101561312
0!
#4101563024
1"
#4101563152
0"
#4102061312
1!
#4102063024
1"
#4102063352
0"
#4102561304
0!
#4102563016
1"
#4102563144
0"
#4103061312
1!
#4103063024
1"
#4103063352
0"
#4103561312
0!
#4103563024
1"
#4103563152
0"
#4104061312
1!
#4104063024
1"
#4104063352
0"
#4104561312
0!
#4104563024
1"
#4104563152
0"
#4105061312
1!
#4105063024
1"
#4105063352
0"
#4105561304
0!
#4105563016
1"
#4105563144
0"
#4106061312
1!
#4106063024
1"
#4106063352
0"
#4106561312
0!
#4106563024
1"
#4106563152
0"
#4107061304
1!
#4107063016
1"
#4107063344
0"
#4107561304
0!
#4107563016
1"
#4107563144
0"
#4108061312
1!
#4108063024
1"
#4108063352
0"
#4108561304
0!
#4108563016
1"
#4108563144
0"
#4109061304
1!
#4109063016
1"
#4109063344
0"
#4109561312
0!
#4109563024
1"
#4109563152
0"
#4110061312
1!
#4110063024
1"
#4110063352
0"
#4110561304
0!
#4110563016
1"
#4110563144
0"
#4111061312
1!
#4111063024
1"
#4111063352
0"
#4111561312
0!
#4111563024
1"
#4111563152
0"
#4112061312
1!
#4112063024
1"
#4112063352
0"
#4112561312
0!
#4112563024
1"
#4112563152
0"
#4113061312
1!
#4113063024
1"
#4113063352
0"
#4113561304
0!
#4113563016
1"
#4113563144
0"
#4114061312
1!
#4114063024
1"
#4114063352
0"
#4114561312
0!
#4114563024
1"
#4114563152
0"
#4115061304
1!
#4115063016
1"
#4115063344
0"
#4115561304
0!
#4115563016
1"
#4115563144
0"
#4116061312
1!
#4116063024
1"
#4116063352
0"
#4116561304
0!
#4116563016
1"
#4116563144
0"
#4117061304
1!
#4117063016
1"
#4117063344
0"
#4117561312
0!
#4117563024
1"
#4117563152
0"
#4118061312
1!
#4118063024
1"
#4118063352
0"
#4118561304
0!
#4118563016
1"
#4118563144
0"
#4119061312
1!
#4119063024
1"
#4119063352
0"
#4119561312
0!
#4119563024
1"
#4119563152
0"
#4120061312
1!
#4120063024
1"
#4120063352
0"
#4120561312
0!
#4120563024
1"
#4120563152
0"
#4121061312
1!
#4121063024
1"
#4121063352
0"
#4121561304
0!
#4121563016
1"
#4121563144
0"
#4122061312
1!
#4122063024
1"
#4122063352
0"
#4122561312
0!
#4122563024
1"
#4122563152
0"
#4123061304
1!
#4123063016
1"
#4123063344
0"
#4123561304
0!
#4123563016
1"
#4123563144
0"
#4124061312
1!
#4124063024
1"
#4124063352
0"
#4124561304
0!
#4124563016
1"
#4124563144
0"
#4125061304
1!
#4125063016
1"
#4125063344
0"
#4125561312
0!
#4125563024
1"
#4125563152
0"
#4126061312
1!
#4126063024
1"
#4126063352
0"
#4126561304
0!
#4126563016
1"
#4126563144
0"
#4127061312
1!
#4127063024
1"
#4127063352
0"
#4127561312
0!
#4127563024
1"
#4127563152
0"
#4128061312
1!
#4128063024
1"
#4128063352
0"
#4128561304
0!
#4128563016
1"
#4128563144
0"
#4129061312
1!
#4129063024
1"
#4129063352
0"
#4129561304
0!
#4129563016
1"
#4129563144
0"
#4130061312
1!
#4130063024
1"
#4130063352
0"
#4130561312
0!
#4130563024
1"
#4130563152
0"
#4131061304
1!
#4131063016
1"
#4131063344
0"
#4131561304
0!
#4131563016
1"
#4131563144
0"
#4132061312
1!
#4132063024
1"
#4132063352
0"
#4132561304
0!
#4132563016
1"
#4132563144
0"
#4133061304
1!
#4133063016
1"
#4133063344
0"
#4133561312
0!
#4133563024
1"
#4133563152
0"
#4134061312
1!
#4134063024
1"
#4134063352
0"
#4134561304
0!
#4134563016
1"
#4134563144
0"
#4135061312
1!
#4135063024
1"
#4135063352
0"
#4135561312
0!
#4135563024
1"
#4135563152
0"
#4136061312
1!
#4136063024
1"
#4136063352
0"
#4136561304
0!
#4136563016
1"
#4136563144
0"
#4137061312
1!
#4137063024
1"
#4137063352
0"
#4137561304
0!
#4137563016
1"
#4137563144
0"
#4138061312
1!
#4138063024
1"
#4138063352
0"
#4138561312
0!
#4138563024
1"
#4138563152
0"
#4139061304
1!
#4139063016
1"
#4139063344
0"
#4139561304
0!
#4139563016
1"
#4139563144
0"
#4140061312
1!
#4140063024
1"
#4140063352
0"
#4140561304
0!
#4140563016
1"
#4140563144
0"
#4141061304
1!
#4141063016
1"
#4141063344
0"
#4141561312
0!
#4141563024
1"
#4141563152
0"
#4142061312
1!
#4142063024
1"
#4142063352
0"
#4142561304
0!
#4142563016
1"
#4142563144
0"
#4143061312
1!
#4143063024
1"
#4143063352
0"
#4143561312
0!
#4143563024
1"
#4143563152
0"
#4144061312
1!
#4144063024
1"
#4144063352
0"
#4144561304
0!
#4144563016
1"
#4144563144
0"
#4145061312
1!
#4145063024
1"
#4145063352
0"
#4145561304
0!
#4145563016
1"
#4145563144
0"
#4146061312
1!
#4146063024
1"
#4146063352
0"
#4146561312
0!
#4146563024
1"
#4146563152
0"
#4147061304
1!
#4147063016
1"
#4147063344
0"
#4147561304
0!
#4147563016
1"
#4147563144
0"
#4148061312
1!
#4148063024
1"
#4148063352
0"
#4148561304
0!
#4148563016
1"
#4148563144
0"
#4149061304
1!
#4149063016
1"
#4149063344
0"
#4149561312
0!
#4149563024
1"
#4149563152
0"
#4150061312
1!
#4150063024
1"
#4150063352
0"
#4150561304
0!
#4150563016
1"
#4150563144
0"
#4151061312
1!
#4151063024
1"
#4151063352
0"
#4151561312
0!
#4151563024
1"
#4151563152
0"
#4152061312
1!
#4152063024
1"
#4152063352
0"
#4152561304
0!
#4152563016
1"
#4152563144
0"
#4153061312
1!
#4153063024
1"
#4153063352
0"
#4153561304
0!
#4153563016
1"
#4153563144
0"
#4154061312
1!
#4154063024
1"
#4154063352
0"
#4154561312
0!
#4154563024
1"
#4154563152
0"
#4155061304
1!
#4155063016
1"
#4155063344
0"
#4155561304
0!
#4155563016
1"
#4155563144
0"
#4156061312
1!
#4156063024
1"
#4156063352
0"
#4156561304
0!
#4156563016
1"
#4156563144
0"
#4157061304
1!
#4157063016
1"
#4157063344
0"
#4157561312
0!
#4157563024
1"
#4157563152
0"
#4158061312
1!
#4158063024
1"
#4158063352
0"
#4158561304
0!
#4158563016
1"
#4158563144
0"
#4159061312
1!
#4159063024
1"
#4159063352
0"
#4159561312
0!
#4159563024
1"
#4159563152
0"
#4160061312
1!
#4160063024
1"
#4160063352
0"
#4160561304
0!
#4160563016
1"
#4160563144
0"
#4161061312
1!
#4161063024
1"
#4161063352
0"
#4161561304
0!
#4161563016
1"
#4161563144
0"
#4162061312
1!
#4162063024
1"
#4162063352
0"
#4162561312
0!
#4162563024
1"
#4162563152
0"
#4163061304
1!
#4163063016
1"
#4163063344
0"
#4163561304
0!
#4163563016
1"
#4163563144
0"
#4164061312
1!
#4164063024
1"
#4164063352
0"
#4164561312
0!
#4164563024
1"
#4164563152
0"
#4165061304
1!
#4165063016
1"
#4165063344
0"
#4165561312
0!
#4165563024
1"
#4165563152
0"
#4166061312
1!
#4166063024
1"
#4166063352
0"
#4166561304
0!
#4166563016
1"
#4166563144
0"
#4167061312
1!
#4167063024
1"
#4167063352
0"
#4167561312
0!
#4167563024
1"
#4167563152
0"
#4168061312
1!
#4168063024
1"
#4168063352
0"
#4168561304
0!
#4168563016
1"
#4168563144
0"
#4169061312
1!
#4169063024
1"
#4169063352
0"
#4169561304
0!
#4169563016
1"
#4169563144
0"
#4170061312
1!
#4170063024
1"
#4170063352
0"
#4170561312
0!
#4170563024
1"
#4170563152
0"
#4171061304
1!
#4171063016
1"
#4171063344
0"
#4171561304
0!
#4171563016
1"
#4171563144
0"
#4172061312
1!
#4172063024
1"
#4172063352
0"
#4172561312
0!
#4172563024
1"
#4172563152
0"
#4173061304
1!
#4173063016
1"
#4173063344
0"
#4173561312
0!
#4173563024
1"
#4173563152
0"
#4174061312
1!
#4174063024
1"
#4174063352
0"
#4174561304
0!
#4174563016
1"
#4174563144
0"
#4175061312
1!
#4175063024
1"
#4175063352
0"
#4175561312
0!
#4175563024
1"
#4175563152
0"
#4176061312
1!
#4176063024
1"
#4176063352
0"
#4176561304
0!
#4176563016
1"
#4176563144
0"
#4177061312
1!
#4177063024
1"
#4177063352
0"
#4177561304
0!
#4177563016
1"
#4177563144
0"
#4178061312
1!
#4178063024
1"
#4178063352
0"
#4178561312
0!
#4178563024
1"
#4178563152
0"
#4179061304
1!
#4179063016
1"
#4179063344
0"
#4179561304
0!
#4179563016
1"
#4179563144
0"
#4180061312
1!
#4180063024
1"
#4180063352
0"
#4180561312
0!
#4180563024
1"
#4180563152
0"
#4181061304
1!
#4181063016
1"
#4181063344
0"
#4181561312
0!
#4181563024
1"
#4181563152
0"
#4182061312
1!
#4182063024
1"
#4182063352
0"
#4182561304
0!
#4182563016
1"
#4182563144
0"
#4183061312
1!
#4183063024
1"
#4183063352
0"
#4183561312
0!
#4183563024
1"
#4183563152
0"
#4184061312
1!
#4184063024
1"
#4184063352
0"
#4184561304
0!
#4184563016
1"
#4184563144
0"
#4185061312
1!
#4185063024
1"
#4185063352
0"
#4185561304
0!
#4185563016
1"
#4185563144
0"
#4186061312
1!
#4186063024
1"
#4186063352
0"
#4186561312
0!
#4186563024
1"
#4186563152
0"
#4187061304
1!
#4187063016
1"
#4187063344
0"
#4187561304
0!
#4187563016
1"
#4187563144
0"
#4188061312
1!
#4188063024
1"
#4188063352
0"
#4188561312
0!
#4188563024
1"
#4188563152
0"
#4189061304
1!
#4189063016
1"
#4189063344
0"
#4189561312
0!
#4189563024
1"
#4189563152
0"
#4190061312
1!
#4190063024
1"
#4190063352
0"
#4190561304
0!
#4190563016
1"
#4190563144
0"
#4191061304
1!
#4191063016
1"
#4191063344
0"
#4191561312
0!
#4191563024
1"
#4191563152
0"
#4192061312
1!
#4192063024
1"
#4192063352
0"
#4192561304
0!
#4192563016
1"
#4192563144
0"
#4193061312
1!
#4193063024
1"
#4193063352
0"
#4193561304
0!
#4193563016
1"
#4193563144
0"
#4194061312
1!
#4194063024
1"
#4194063352
0"
#4194561312
0!
#4194563024
1"
#4194563152
0"
#4195061304
1!
#4195063016
1"
#4195063344
0"
#4195561304
0!
#4195563016
1"
#4195563144
0"
#4196061312
1!
#4196063024
1"
#4196063352
0"
#4196561312
0!
#4196563024
1"
#4196563152
0"
#4197061304
1!
#4197063016
1"
#4197063344
0"
#4197561312
0!
#4197563024
1"
#4197563152
0"
#4198061312
1!
#4198063024
1"
#4198063352
0"
#4198561304
0!
#4198563016
1"
#4198563144
0"
#4199061304
1!
#4199063016
1"
#4199063344
0"
#4199561312
0!
#4199563024
1"
#4199563152
0"
#4200061312
1!
#4200063024
1"
#4200063352
0"
#4200561304
0!
#4200563016
1"
#4200563144
0"
#4201061312
1!
#4201063024
1"
#4201063352
0"
#4201561304
0!
#4201563016
1"
#4201563144
0"
#4202061312
1!
#4202063024
1"
#4202063352
0"
#4202561312
0!
#4202563024
1"
#4202563152
0"
#4203061304
1!
#4203063016
1"
#4203063344
0"
#4203561304
0!
#4203563016
1"
#4203563144
0"
#4204061312
1!
#4204063024
1"
#4204063352
0"
#4204561312
0!
#4204563024
1"
#4204563152
0"
#4205061304
1!
#4205063016
1"
#4205063344
0"
#4205561312
0!
#4205563024
1"
#4205563152
0"
#4206061312
1!
#4206063024
1"
#4206063352
0"
#4206561304
0!
#4206563016
1"
#4206563144
0"
#4207061304
1!
#4207063016
1"
#4207063344
0"
#4207561312
0!
#4207563024
1"
#4207563152
0"
#4208061312
1!
#4208063024
1"
#4208063352
0"
#4208561304
0!
#4208563016
1"
#4208563144
0"
#4209061312
1!
#4209063024
1"
#4209063352
0"
#4209561304
0!
#4209563016
1"
#4209563144
0"
#4210061312
1!
#4210063024
1"
#4210063352
0"
#4210561312
0!
#4210563024
1"
#4210563152
0"
#4211061304
1!
#4211063016
1"
#4211063344
0"
#4211561304
0!
#4211563016
1"
#4211563144
0"
#4212061312
1!
#4212063024
1"
#4212063352
0"
#4212561312
0!
#4212563024
1"
#4212563152
0"
#4213061304
1!
#4213063016
1"
#4213063344
0"
#4213561312
0!
#4213563024
1"
#4213563152
0"
#4214061312
1!
#4214063024
1"
#4214063352
0"
#4214561304
0!
#4214563016
1"
#4214563144
0"
#4215061304
1!
#4215063016
1"
#4215063344
0"
#4215561312
0!
#4215563024
1"
#4215563152
0"
#4216061312
1!
#4216063024
1"
#4216063352
0"
#4216561304
0!
#4216563016
1"
#4216563144
0"
#4217061312
1!
#4217063024
1"
#4217063352
0"
#4217561304
0!
#4217563016
1"
#4217563144
0"
#4218061312
1!
#4218063024
1"
#4218063352
0"
#4218561312
0!
#4218563024
1"
#4218563152
0"
#4219061304
1!
#4219063016
1"
#4219063344
0"
#4219561304
0!
#4219563016
1"
#4219563144
0"
#4220061312
1!
#4220063024
1"
#4220063352
0"
#4220561312
0!
#4220563024
1"
#4220563152
0"
#4221061304
1!
#4221063016
1"
#4221063344
0"
#4221561312
0!
#4221563024
1"
#4221563152
0"
#4222061312
1!
#4222063024
1"
#4222063352
0"
#4222561304
0!
#4222563016
1"
#4222563144
0"
#4223061304
1!
#4223063016
1"
#4223063344
0"
#4223561312
0!
#4223563024
1"
#4223563152
0"
#4224061312
1!
#4224063024
1"
#4224063352
0"
#4224561304
0!
#4224563016
1"
#4224563144
0"
#4225061312
1!
#4225063024
1"
#4225063352
0"
#4225561304
0!
#4225563016
1"
#4225563144
0"
#4226061312
1!
#4226063024
1"
#4226063352
0"
#4226561312
0!
#4226563024
1"
#4226563152
0"
#4227061312
1!
#4227063024
1"
#4227063352
0"
#4227561304
0!
#4227563016
1"
#4227563144
0"
#4228061312
1!
#4228063024
1"
#4228063352
0"
#4228561312
0!
#4228563024
1"
#4228563152
0"
#4229061304
1!
#4229063016
1"
#4229063344
0"
#4229561312
0!
#4229563024
1"
#4229563152
0"
#4230061312
1!
#4230063024
1"
#4230063352
0"
#4230561304
0!
#4230563016
1"
#4230563144
0"
#4231061304
1!
#4231063016
1"
#4231063344
0"
#4231561312
0!
#4231563024
1"
#4231563152
0"
#4232061312
1!
#4232063024
1"
#4232063352
0"
#4232561304
0!
#4232563016
1"
#4232563144
0"
#4233061312
1!
#4233063024
1"
#4233063352
0"
#4233561304
0!
#4233563016
1"
#4233563144
0"
#4234061312
1!
#4234063024
1"
#4234063352
0"
#4234561312
0!
#4234563024
1"
#4234563152
0"
#4235061312
1!
#4235063024
1"
#4235063352
0"
#4235561304
0!
#4235563016
1"
#4235563144
0"
#4236061312
1!
#4236063024
1"
#4236063352
0"
#4236561312
0!
#4236563024
1"
#4236563152
0"
#4237061304
1!
#4237063016
1"
#4237063344
0"
#4237561312
0!
#4237563024
1"
#4237563152
0"
#4238061312
1!
#4238063024
1"
#4238063352
0"
#4238561304
0!
#4238563016
1"
#4238563144
0"
#4239061304
1!
#4239063016
1"
#4239063344
0"
#4239561312
0!
#4239563024
1"
#4239563152
0"
#4240061312
1!
#4240063024
1"
#4240063352
0"
#4240561304
0!
#4240563016
1"
#4240563144
0"
#4241061312
1!
#4241063024
1"
#4241063352
0"
#4241561304
0!
#4241563016
1"
#4241563144
0"
#4242061312
1!
#4242063024
1"
#4242063352
0"
#4242561312
0!
#4242563024
1"
#4242563152
0"
#4243061312
1!
#4243063024
1"
#4243063352
0"
#4243561304
0!
#4243563016
1"
#4243563144
0"
#4244061312
1!
#4244063024
1"
#4244063352
0"
#4244561312
0!
#4244563024
1"
#4244563152
0"
#4245061304
1!
#4245063016
1"
#4245063344
0"
#4245561312
0!
#4245563024
1"
#4245563152
0"
#4246061312
1!
#4246063024
1"
#4246063352
0"
#4246561304
0!
#4246563016
1"
#4246563144
0"
#4247061304
1!
#4247063016
1"
#4247063344
0"
#4247561312
0!
#4247563024
1"
#4247563152
0"
#4248061312
1!
#4248063024
1"
#4248063352
0"
#4248561304
0!
#4248563016
1"
#4248563144
0"
#4249061312
1!
#4249063024
1"
#4249063352
0"
#4249561304
0!
#4249563016
1"
#4249563144
0"
#4250061312
1!
#4250063024
1"
#4250063352
0"
#4250561312
0!
#4250563024
1"
#4250563152
0"
#4251061312
1!
#4251063024
1"
#4251063352
0"
#4251561304
0!
#4251563016
1"
#4251563144
0"
#4252061312
1!
#4252063024
1"
#4252063352
0"
#4252561312
0!
#4252563024
1"
#4252563152
0"
#4253061304
1!
#4253063016
1"
#4253063344
0"
#4253561304
0!
#4253563016
1"
#4253563144
0"
#4254061312
1!
#4254063024
1"
#4254063352
0"
#4254561304
0!
#4254563016
1"
#4254563144
0"
#4255061304
1!
#4255063016
1"
#4255063344
0"
#4255561312
0!
#4255563024
1"
#4255563152
0"
#4256061312
1!
#4256063024
1"
#4256063352
0"
#4256561304
0!
#4256563016
1"
#4256563144
0"
#4257061312
1!
#4257063024
1"
#4257063352
0"
#4257561304
0!
#4257563016
1"
#4257563144
0"
#4258061312
1!
#4258063024
1"
#4258063352
0"
#4258561312
0!
#4258563024
1"
#4258563152
0"
#4259061312
1!
#4259063024
1"
#4259063352
0"
#4259561304
0!
#4259563016
1"
#4259563144
0"
#4260061312
1!
#4260063024
1"
#4260063352
0"
#4260561312
0!
#4260563024
1"
#4260563152
0"
#4261061304
1!
#4261063016
1"
#4261063344
0"
#4261561304
0!
#4261563016
1"
#4261563144
0"
#4262061312
1!
#4262063024
1"
#4262063352
0"
#4262561304
0!
#4262563016
1"
#4262563144
0"
#4263061304
1!
#4263063016
1"
#4263063344
0"
#4263561312
0!
#4263563024
1"
#4263563152
0"
#4264061312
1!
#4264063024
1"
#4264063352
0"
#4264561304
0!
#4264563016
1"
#4264563144
0"
#4265061312
1!
#4265063024
1"
#4265063352
0"
#4265561304
0!
#4265563016
1"
#4265563144
0"
#4266061312
1!
#4266063024
1"
#4266063352
0"
#4266561312
0!
#4266563024
1"
#4266563152
0"
#4267061312
1!
#4267063024
1"
#4267063352
0"
#4267561304
0!
#4267563016
1"
#4267563144
0"
#4268061312
1!
#4268063024
1"
#4268063352
0"
#4268561312
0!
#4268563024
1"
#4268563152
0"
#4269061304
1!
#4269063016
1"
#4269063344
0"
#4269561304
0!
#4269563016
1"
#4269563144
0"
#4270061312
1!
#4270063024
1"
#4270063352
0"
#4270561304
0!
#4270563016
1"
#4270563144
0"
#4271061304
1!
#4271063016
1"
#4271063344
0"
#4271561312
0!
#4271563024
1"
#4271563152
0"
#4272061312
1!
#4272063024
1"
#4272063352
0"
#4272561304
0!
#4272563016
1"
#4272563144
0"
#4273061312
1!
#4273063024
1"
#4273063352
0"
#4273561304
0!
#4273563016
1"
#4273563144
0"
#4274061312
1!
#4274063024
1"
#4274063352
0"
#4274561312
0!
#4274563024
1"
#4274563152
0"
#4275061312
1!
#4275063024
1"
#4275063352
0"
#4275561304
0!
#4275563016
1"
#4275563144
0"
#4276061312
1!
#4276063024
1"
#4276063352
0"
#4276561312
0!
#4276563024
1"
#4276563152
0"
#4277061304
1!
#4277063016
1"
#4277063344
0"
#4277561304
0!
#4277563016
1"
#4277563144
0"
#4278061312
1!
#4278063024
1"
#4278063352
0"
#4278561304
0!
#4278563016
1"
#4278563144
0"
#4279061304
1!
#4279063016
1"
#4279063344
0"
#4279561312
0!
#4279563024
1"
#4279563152
0"
#4280061312
1!
#4280063024
1"
#4280063352
0"
#4280561304
0!
#4280563016
1"
#4280563144
0"
#4281061312
1!
#4281063024
1"
#4281063352
0"
#4281561304
0!
#4281563016
1"
#4281563144
0"
#4282061312
1!
#4282063024
1"
#4282063352
0"
#4282561312
0!
#4282563024
1"
#4282563152
0"
#4283061312
1!
#4283063024
1"
#4283063352
0"
#4283561304
0!
#4283563016
1"
#4283563144
0"
#4284061312
1!
#4284063024
1"
#4284063352
0"
#4284561312
0!
#4284563024
1"
#4284563152
0"
#4285061304
1!
#4285063016
1"
#4285063344
0"
#4285561304
0!
#4285563016
1"
#4285563144
0"
#4286061312
1!
#4286063024
1"
#4286063352
0"
#4286561304
0!
#4286563016
1"
#4286563144
0"
#4287061304
1!
#4287063016
1"
#4287063344
0"
#4287561312
0!
#4287563024
1"
#4287563152
0"
#4288061312
1!
#4288063024
1"
#4288063352
0"
#4288561304
0!
#4288563016
1"
#4288563144
0"
#4289061312
1!
#4289063024
1"
#4289063352
0"
#4289561312
0!
#4289563024
1"
#4289563152
0"
#4290061312
1!
#4290063024
1"
#4290063352
0"
#4290561312
0!
#4290563024
1"
#4290563152
0"
#4291061312
1!
#4291063024
1"
#4291063352
0"
#4291561304
0!
#4291563016
1"
#4291563144
0"
#4292061312
1!
#4292063024
1"
#4292063352
0"
#4292561312
0!
#4292563024
1"
#4292563152
0"
#4293061304
1!
#4293063016
1"
#4293063344
0"
#4293561304
0!
#4293563016
1"
#4293563144
0"
#4294061312
1!
#4294063024
1"
#4294063352
0"
#4294561304
0!
#4294563016
1"
#4294563144
0"
#4295061304
1!
#4295063016
1"
#4295063344
0"
#4295561304
0!
#4295563016
1"
#4295563144
0"
#4296061312
1!
#4296063024
1"
#4296063352
0"
#4296561304
0!
#4296563016
1"
#4296563144
0"
#4297061304
1!
#4297063016
1"
#4297063344
0"
#4297561304
0!
#4297563016
1"
#4297563144
0"
#4298061312
1!
#4298063024
1"
#4298063352
0"
#4298561304
0!
#4298563016
1"
#4298563144
0"
#4299061304
1!
#4299063016
1"
#4299063344
0"
#4299561304
0!
#4299563016
1"
#4299563144
0"
#4300061312
1!
#4300063024
1"
#4300063352
0"
#4300561304
0!
#4300563016
1"
#4300563144
0"
#4301061304
1!
#4301063016
1"
#4301063344
0"
#4301561304
0!
#4301563016
1"
#4301563144
0"
#4302061312
1!
#4302063024
1"
#4302063352
0"
#4302561304
0!
#4302563016
1"
#4302563144
0"
#4303061304
1!
#4303063016
1"
#4303063344
0"
#4303561304
0!
#4303563016
1"
#4303563144
0"
#4304061312
1!
#4304063024
1"
#4304063352
0"
#4304561304
0!
#4304563016
1"
#4304563144
0"
#4305061304
1!
#4305063016
1"
#4305063344
0"
#4305561304
0!
#4305563016
1"
#4305563144
0"
#4306061312
1!
#4306063024
1"
#4306063352
0"
#4306561304
0!
#4306563016
1"
#4306563144
0"
#4307061304
1!
#4307063016
1"
#4307063344
0"
#4307561304
0!
#4307563016
1"
#4307563144
0"
#4308061312
1!
#4308063024
1"
#4308063352
0"
#4308561304
0!
#4308563016
1"
#4308563144
0"
#4309061304
1!
#4309063016
1"
#4309063344
0"
#4309561304
0!
#4309563016
1"
#4309563144
0"
#4310061312
1!
#4310063024
1"
#4310063352
0"
#4310561304
0!
#4310563016
1"
#4310563144
0"
#4311061304
1!
#4311063016
1"
#4311063344
0"
#4311561304
0!
#4311563016
1"
#4311563144
0"
#4312061312
1!
#4312063024
1"
#4312063352
0"
#4312561304
0!
#4312563016
1"
#4312563144
0"
#4313061304
1!
#4313063016
1"
#4313063344
0"
#4313561304
0!
#4313563016
1"
#4313563144
0"
#4314061312
1!
#4314063024
1"
#4314063352
0"
#4314561304
0!
#4314563016
1"
#4314563144
0"
#4315061304
1!
#4315063016
1"
#4315063344
0"
#4315561304
0!
#4315563016
1"
#4315563144
0"
#4316061312
1!
#4316063024
1"
#4316063352
0"
#4316561304
0!
#4316563016
1"
#4316563144
0"
#4317061304
1!
#4317063016
1"
#4317063344
0"
#4317561304
0!
#4317563016
1"
#4317563144
0"
#4318061312
1!
#4318063024
1"
#4318063352
0"
#4318561304
0!
#4318563016
1"
#4318563144
0"
#4319061304
1!
#4319063016
1"
#4319063344
0"
#4319561304
0!
#4319563016
1"
#4319563144
0"
#4320061312
1!
#4320063024
1"
#4320063352
0"
#4320561304
0!
#4320563016
1"
#4320563144
0"
#4321061304
1!
#4321063016
1"
#4321063344
0"
#4321561304
0!
#4321563016
1"
#4321563144
0"
#4322061312
1!
#4322063024
1"
#4322063352
0"
#4322561304
0!
#4322563016
1"
#4322563144
0"
#4323061304
1!
#4323063016
1"
#4323063344
0"
#4323561304
0!
#4323563016
1"
#4323563144
0"
#4324061312
1!
#4324063024
1"
#4324063352
0"
#4324561304
0!
#4324563016
1"
#4324563144
0"
#4325061304
1!
#4325063016
1"
#4325063344
0"
#4325561304
0!
#4325563016
1"
#4325563144
0"
#4326061312
1!
#4326063024
1"
#4326063352
0"
#4326561304
0!
#4326563016
1"
#4326563144
0"
#4327061304
1!
#4327063016
1"
#4327063344
0"
#4327561304
0!
#4327563016
1"
#4327563144
0"
#4328061312
1!
#4328063024
1"
#4328063352
0"
#4328561304
0!
#4328563016
1"
#4328563144
0"
#4329061304
1!
#4329063016
1"
#4329063344
0"
#4329561304
0!
#4329563016
1"
#4329563144
0"
#4330061312
1!
#4330063024
1"
#4330063352
0"
#4330561304
0!
#4330563016
1"
#4330563144
0"
#4331061304
1!
#4331063016
1"
#4331063344
0"
#4331561304
0!
#4331563016
1"
#4331563144
0"
#4332061312
1!
#4332063024
1"
#4332063352
0"
#4332561304
0!
#4332563016
1"
#4332563144
0"
#4333061304
1!
#4333063016
1"
#4333063344
0"
#4333561304
0!
#4333563016
1"
#4333563144
0"
#4334061312
1!
#4334063024
1"
#4334063352
0"
#4334561304
0!
#4334563016
1"
#4334563144
0"
#4335061304
1!
#4335063016
1"
#4335063344
0"
#4335561304
0!
#4335563016
1"
#4335563144
0"
#4336061312
1!
#4336063024
1"
#4336063352
0"
#4336561304
0!
#4336563016
1"
#4336563144
0"
#4337061304
1!
#4337063016
1"
#4337063344
0"
#4337561304
0!
#4337563016
1"
#4337563144
0"
#4338061312
1!
#4338063024
1"
#4338063352
0"
#4338561304
0!
#4338563016
1"
#4338563144
0"
#4339061304
1!
#4339063016
1"
#4339063344
0"
#4339561304
0!
#4339563016
1"
#4339563144
0"
#4340061312
1!
#4340063024
1"
#4340063352
0"
#4340561304
0!
#4340563016
1"
#4340563144
0"
#4341061304
1!
#4341063016
1"
#4341063344
0"
#4341561304
0!
#4341563016
1"
#4341563144
0"
#4342061312
1!
#4342063024
1"
#4342063352
0"
#4342561304
0!
#4342563016
1"
#4342563144
0"
#4343061304
1!
#4343063016
1"
#4343063344
0"
#4343561304
0!
#4343563016
1"
#4343563144
0"
#4344061312
1!
#4344063024
1"
#4344063352
0"
#4344561304
0!
#4344563016
1"
#4344563144
0"
#4345061304
1!
#4345063016
1"
#4345063344
0"
#4345561304
0!
#4345563016
1"
#4345563144
0"
#4346061312
1!
#4346063024
1"
#4346063352
0"
#4346561304
0!
#4346563016
1"
#4346563144
0"
#4347061304
1!
#4347063016
1"
#4347063344
0"
#4347561304
0!
#4347563016
1"
#4347563144
0"
#4348061312
1!
#4348063024
1"
#4348063352
0"
#4348561304
0!
#4348563016
1"
#4348563144
0"
#4349061304
1!
#4349063016
1"
#4349063344
0"
#4349561304
0!
#4349563016
1"
#4349563144
0"
#4350061312
1!
#4350063024
1"
#4350063352
0"
#4350561304
0!
#4350563016
1"
#4350563144
0"
#4351061304
1!
#4351063016
1"
#4351063344
0"
#4351561304
0!
#4351563016
1"
#4351563144
0"
#4352061312
1!
#4352063024
1"
#4352063352
0"
#4352561304
0!
#4352563016
1"
#4352563144
0"
#4353061304
1!
#4353063016
1"
#4353063344
0"
#4353561304
0!
#4353563016
1"
#4353563144
0"
#4354061312
1!
#4354063024
1"
#4354063352
0"
#4354561304
0!
#4354563016
1"
#4354563144
0"
#4355061304
1!
#4355063016
1"
#4355063344
0"
#4355561304
0!
#4355563016
1"
#4355563144
0"
#4356061312
1!
#4356063024
1"
#4356063352
0"
#4356561304
0!
#4356563016
1"
#4356563144
0"
#4357061304
1!
#4357063016
1"
#4357063344
0"
#4357561304
0!
#4357563016
1"
#4357563144
0"
#4358061312
1!
#4358063024
1"
#4358063352
0"
#4358561304
0!
#4358563016
1"
#4358563144
0"
#4359061304
1!
#4359063016
1"
#4359063344
0"
#4359561304
0!
#4359563016
1"
#4359563144
0"
#4360061312
1!
#4360063024
1"
#4360063352
0"
#4360561304
0!
#4360563016
1"
#4360563144
0"
#4361061304
1!
#4361063016
1"
#4361063344
0"
#4361561304
0!
#4361563016
1"
#4361563144
0"
#4362061312
1!
#4362063024
1"
#4362063352
0"
#4362561304
0!
#4362563016
1"
#4362563144
0"
#4363061304
1!
#4363063016
1"
#4363063344
0"
#4363561304
0!
#4363563016
1"
#4363563144
0"
#4364061312
1!
#4364063024
1"
#4364063352
0"
#4364561304
0!
#4364563016
1"
#4364563144
0"
#4365061304
1!
#4365063016
1"
#4365063344
0"
#4365561304
0!
#4365563016
1"
#4365563144
0"
#4366061312
1!
#4366063024
1"
#4366063352
0"
#4366561304
0!
#4366563016
1"
#4366563144
0"
#4367061304
1!
#4367063016
1"
#4367063344
0"
#4367561304
0!
#4367563016
1"
#4367563144
0"
#4368061312
1!
#4368063024
1"
#4368063352
0"
#4368561304
0!
#4368563016
1"
#4368563144
0"
#4369061304
1!
#4369063016
1"
#4369063344
0"
#4369561304
0!
#4369563016
1"
#4369563144
0"
#4370061312
1!
#4370063024
1"
#4370063352
0"
#4370561304
0!
#4370563016
1"
#4370563144
0"
#4371061304
1!
#4371063016
1"
#4371063344
0"
#4371561304
0!
#4371563016
1"
#4371563144
0"
#4372061312
1!
#4372063024
1"
#4372063352
0"
#4372561304
0!
#4372563016
1"
#4372563144
0"
#4373061304
1!
#4373063016
1"
#4373063344
0"
#4373561304
0!
#4373563016
1"
#4373563144
0"
#4374061312
1!
#4374063024
1"
#4374063352
0"
#4374561304
0!
#4374563016
1"
#4374563144
0"
#4375061304
1!
#4375063016
1"
#4375063344
0"
#4375561304
0!
#4375563016
1"
#4375563144
0"
#4376061312
1!
#4376063024
1"
#4376063352
0"
#4376561304
0!
#4376563016
1"
#4376563144
0"
#4377061304
1!
#4377063016
1"
#4377063344
0"
#4377561304
0!
#4377563016
1"
#4377563144
0"
#4378061312
1!
#4378063024
1"
#4378063352
0"
#4378561304
0!
#4378563016
1"
#4378563144
0"
#4379061304
1!
#4379063016
1"
#4379063344
0"
#4379561304
0!
#4379563016
1"
#4379563144
0"
#4380061312
1!
#4380063024
1"
#4380063352
0"
#4380561304
0!
#4380563016
1"
#4380563144
0"
#4381061304
1!
#4381063016
1"
#4381063344
0"
#4381561304
0!
#4381563016
1"
#4381563144
0"
#4382061312
1!
#4382063024
1"
#4382063352
0"
#4382561304
0!
#4382563016
1"
#4382563144
0"
#4383061304
1!
#4383063016
1"
#4383063344
0"
#4383561304
0!
#4383563016
1"
#4383563144
0"
#4384061312
1!
#4384063024
1"
#4384063352
0"
#4384561304
0!
#4384563016
1"
#4384563144
0"
#4385061304
1!
#4385063016
1"
#4385063344
0"
#4385561304
0!
#4385563016
1"
#4385563144
0"
#4386061312
1!
#4386063024
1"
#4386063352
0"
#4386561304
0!
#4386563016
1"
#4386563144
0"
#4387061304
1!
#4387063016
1"
#4387063344
0"
#4387561304
0!
#4387563016
1"
#4387563144
0"
#4388061312
1!
#4388063024
1"
#4388063352
0"
#4388561304
0!
#4388563016
1"
#4388563144
0"
#4389061304
1!
#4389063016
1"
#4389063344
0"
#4389561304
0!
#4389563016
1"
#4389563144
0"
#4390061312
1!
#4390063024
1"
#4390063352
0"
#4390561304
0!
#4390563016
1"
#4390563144
0"
#4391061304
1!
#4391063016
1"
#4391063344
0"
#4391561304
0!
#4391563016
1"
#4391563144
0"
#4392061312
1!
#4392063024
1"
#4392063352
0"
#4392561304
0!
#4392563016
1"
#4392563144
0"
#4393061304
1!
#4393063016
1"
#4393063344
0"
#4393561304
0!
#4393563016
1"
#4393563144
0"
#4394061312
1!
#4394063024
1"
#4394063352
0"
#4394561304
0!
#4394563016
1"
#4394563144
0"
#4395061304
1!
#4395063016
1"
#4395063344
0"
#4395561304
0!
#4395563016
1"
#4395563144
0"
#4396061312
1!
#4396063024
1"
#4396063352
0"
#4396561304
0!
#4396563016
1"
#4396563144
0"
#4397061304
1!
#4397063016
1"
#4397063344
0"
#4397561304
0!
#4397563016
1"
#4397563144
0"
#4398061312
1!
#4398063024
1"
#4398063352
0"
#4398561304
0!
#4398563016
1"
#4398563144
0"
#4399061304
1!
#4399063016
1"
#4399063344
0"
#4399561304
0!
#4399563016
1"
#4399563144
0"
#4400061312
1!
#4400063024
1"
#4400063352
0"
#4400561304
0!
#4400563016
1"
#4400563144
0"
#4401061304
1!
#4401063016
1"
#4401063344
0"
#4401561304
0!
#4401563016
1"
#4401563144
0"
#4402061312
1!
#4402063024
1"
#4402063352
0"
#4402561304
0!
#4402563016
1"
#4402563144
0"
#4403061304
1!
#4403063016
1"
#4403063344
0"
#4403561304
0!
#4403563016
1"
#4403563144
0"
#4404061312
1!
#4404063024
1"
#4404063352
0"
#4404561304
0!
#4404563016
1"
#4404563144
0"
#4405061304
1!
#4405063016
1"
#4405063344
0"
#4405561304
0!
#4405563016
1"
#4405563144
0"
#4406061312
1!
#4406063024
1"
#4406063352
0"
#4406561304
0!
#4406563016
1"
#4406563144
0"
#4407061304
1!
#4407063016
1"
#4407063344
0"
#4407561304
0!
#4407563016
1"
#4407563144
0"
#4408061312
1!
#4408063024
1"
#4408063352
0"
#4408561304
0!
#4408563016
1"
#4408563144
0"
#4409061304
1!
#4409063016
1"
#4409063344
0"
#4409561304
0!
#4409563016
1"
#4409563144
0"
#4410061312
1!
#4410063024
1"
#4410063352
0"
#4410561304
0!
#4410563016
1"
#4410563144
0"
#4411061304
1!
#4411063016
1"
#4411063344
0"
#4411561304
0!
#4411563016
1"
#4411563144
0"
#4412061312
1!
#4412063024
1"
#4412063352
0"
#4412561304
0!
#4412563016
1"
#4412563144
0"
#4413061304
1!
#4413063016
1"
#4413063344
0"
#4413561304
0!
#4413563016
1"
#4413563144
0"
#4414061312
1!
#4414063024
1"
#4414063352
0"
#4414561304
0!
#4414563016
1"
#4414563144
0"
#4415061304
1!
#4415063016
1"
#4415063344
0"
#4415561304
0!
#4415563016
1"
#4415563144
0"
#4416061312
1!
#4416063024
1"
#4416063352
0"
#4416561304
0!
#4416563016
1"
#4416563144
0"
#4417061304
1!
#4417063016
1"
#4417063344
0"
#4417561304
0!
#4417563016
1"
#4417563144
0"
#4418061312
1!
#4418063024
1"
#4418063352
0"
#4418561304
0!
#4418563016
1"
#4418563144
0"
#4419061304
1!
#4419063016
1"
#4419063344
0"
#4419561304
0!
#4419563016
1"
#4419563144
0"
#4420061312
1!
#4420063024
1"
#4420063352
0"
#4420561304
0!
#4420563016
1"
#4420563144
0"
#4421061304
1!
#4421063016
1"
#4421063344
0"
#4421561304
0!
#4421563016
1"
#4421563144
0"
#4422061312
1!
#4422063024
1"
#4422063352
0"
#4422561304
0!
#4422563016
1"
#4422563144
0"
#4423061304
1!
#4423063016
1"
#4423063344
0"
#4423561304
0!
#4423563016
1"
#4423563144
0"
#4424061312
1!
#4424063024
1"
#4424063352
0"
#4424561304
0!
#4424563016
1"
#4424563144
0"
#4425061304
1!
#4425063016
1"
#4425063344
0"
#4425561304
0!
#4425563016
1"
#4425563144
0"
#4426061312
1!
#4426063024
1"
#4426063352
0"
#4426561304
0!
#4426563016
1"
#4426563144
0"
#4427061304
1!
#4427063016
1"
#4427063344
0"
#4427561304
0!
#4427563016
1"
#4427563144
0"
#4428061312
1!
#4428063024
1"
#4428063352
0"
#4428561304
0!
#4428563016
1"
#4428563144
0"
#4429061304
1!
#4429063016
1"
#4429063344
0"
#4429561304
0!
#4429563016
1"
#4429563144
0"
#4430061312
1!
#4430063024
1"
#4430063352
0"
#4430561304
0!
#4430563016
1"
#4430563144
0"
#4431061304
1!
#4431063016
1"
#4431063344
0"
#4431561304
0!
#4431563016
1"
#4431563144
0"
#4432061312
1!
#4432063024
1"
#4432063352
0"
#4432561304
0!
#4432563016
1"
#4432563144
0"
#4433061304
1!
#4433063016
1"
#4433063344
0"
#4433561304
0!
#4433563016
1"
#4433563144
0"
#4434061312
1!
#4434063024
1"
#4434063352
0"
#4434561304
0!
#4434563016
1"
#4434563144
0"
#4435061304
1!
#4435063016
1"
#4435063344
0"
#4435561304
0!
#4435563016
1"
#4435563144
0"
#4436061312
1!
#4436063024
1"
#4436063352
0"
#4436561304
0!
#4436563016
1"
#4436563144
0"
#4437061304
1!
#4437063016
1"
#4437063344
0"
#4437561304
0!
#4437563016
1"
#4437563144
0"
#4438061312
1!
#4438063024
1"
#4438063352
0"
#4438561304
0!
#4438563016
1"
#4438563144
0"
#4439061304
1!
#4439063016
1"
#4439063344
0"
#4439561304
0!
#4439563016
1"
#4439563144
0"
#4440061312
1!
#4440063024
1"
#4440063352
0"
#4440561304
0!
#4440563016
1"
#4440563144
0"
#4441061304
1!
#4441063016
1"
#4441063344
0"
#4441561304
0!
#4441563016
1"
#4441563144
0"
#4442061312
1!
#4442063024
1"
#4442063352
0"
#4442561304
0!
#4442563016
1"
#4442563144
0"
#4443061304
1!
#4443063016
1"
#4443063344
0"
#4443561304
0!
#4443563016
1"
#4443563144
0"
#4444061312
1!
#4444063024
1"
#4444063352
0"
#4444561304
0!
#4444563016
1"
#4444563144
0"
#4445061304
1!
#4445063016
1"
#4445063344
0"
#4445561304
0!
#4445563016
1"
#4445563144
0"
#4446061312
1!
#4446063024
1"
#4446063352
0"
#4446561304
0!
#4446563016
1"
#4446563144
0"
#4447061304
1!
#4447063016
1"
#4447063344
0"
#4447561304
0!
#4447563016
1"
#4447563144
0"
#4448061312
1!
#4448063024
1"
#4448063352
0"
#4448561304
0!
#4448563016
1"
#4448563144
0"
#4449061304
1!
#4449063016
1"
#4449063344
0"
#4449561304
0!
#4449563016
1"
#4449563144
0"
#4450061312
1!
#4450063024
1"
#4450063352
0"
#4450561304
0!
#4450563016
1"
#4450563144
0"
#4451061304
1!
#4451063016
1"
#4451063344
0"
#4451561304
0!
#4451563016
1"
#4451563144
0"
#4452061312
1!
#4452063024
1"
#4452063352
0"
#4452561304
0!
#4452563016
1"
#4452563144
0"
#4453061304
1!
#4453063016
1"
#4453063344
0"
#4453561304
0!
#4453563016
1"
#4453563144
0"
#4454061312
1!
#4454063024
1"
#4454063352
0"
#4454561304
0!
#4454563016
1"
#4454563144
0"
#4455061304
1!
#4455063016
1"
#4455063344
0"
#4455561304
0!
#4455563016
1"
#4455563144
0"
#4456061312
1!
#4456063024
1"
#4456063352
0"
#4456561304
0!
#4456563016
1"
#4456563144
0"
#4457061304
1!
#4457063016
1"
#4457063344
0"
#4457561304
0!
#4457563016
1"
#4457563144
0"
#4458061312
1!
#4458063024
1"
#4458063352
0"
#4458561304
0!
#4458563016
1"
#4458563144
0"
#4459061304
1!
#4459063016
1"
#4459063344
0"
#4459561304
0!
#4459563016
1"
#4459563144
0"
#4460061312
1!
#4460063024
1"
#4460063352
0"
#4460561304
0!
#4460563016
1"
#4460563144
0"
#4461061304
1!
#4461063016
1"
#4461063344
0"
#4461561304
0!
#4461563016
1"
#4461563144
0"
#4462061312
1!
#4462063024
1"
#4462063352
0"
#4462561304
0!
#4462563016
1"
#4462563144
0"
#4463061304
1!
#4463063016
1"
#4463063344
0"
#4463561304
0!
#4463563016
1"
#4463563144
0"
#4464061312
1!
#4464063024
1"
#4464063352
0"
#4464561304
0!
#4464563016
1"
#4464563144
0"
#4465061304
1!
#4465063016
1"
#4465063344
0"
#4465561304
0!
#4465563016
1"
#4465563144
0"
#4466061312
1!
#4466063024
1"
#4466063352
0"
#4466561304
0!
#4466563016
1"
#4466563144
0"
#4467061304
1!
#4467063016
1"
#4467063344
0"
#4467561304
0!
#4467563016
1"
#4467563144
0"
#4468061312
1!
#4468063024
1"
#4468063352
0"
#4468561304
0!
#4468563016
1"
#4468563144
0"
#4469061304
1!
#4469063016
1"
#4469063344
0"
#4469561304
0!
#4469563016
1"
#4469563144
0"
#4470061312
1!
#4470063024
1"
#4470063352
0"
#4470561304
0!
#4470563016
1"
#4470563144
0"
#4471061304
1!
#4471063016
1"
#4471063344
0"
#4471561304
0!
#4471563016
1"
#4471563144
0"
#4472061312
1!
#4472063024
1"
#4472063352
0"
#4472561304
0!
#4472563016
1"
#4472563144
0"
#4473061304
1!
#4473063016
1"
#4473063344
0"
#4473561304
0!
#4473563016
1"
#4473563144
0"
#4474061312
1!
#4474063024
1"
#4474063352
0"
#4474561304
0!
#4474563016
1"
#4474563144
0"
#4475061304
1!
#4475063016
1"
#4475063344
0"
#4475561304
0!
#4475563016
1"
#4475563144
0"
#4476061312
1!
#4476063024
1"
#4476063352
0"
#4476561304
0!
#4476563016
1"
#4476563144
0"
#4477061304
1!
#4477063016
1"
#4477063344
0"
#4477561304
0!
#4477563016
1"
#4477563144
0"
#4478061312
1!
#4478063024
1"
#4478063352
0"
#4478561304
0!
#4478563016
1"
#4478563144
0"
#4479061304
1!
#4479063016
1"
#4479063344
0"
#4479561304
0!
#4479563016
1"
#4479563144
0"
#4480061312
1!
#4480063024
1"
#4480063352
0"
#4480561304
0!
#4480563016
1"
#4480563144
0"
#4481061304
1!
#4481063016
1"
#4481063344
0"
#4481561304
0!
#4481563016
1"
#4481563144
0"
#4482061312
1!
#4482063024
1"
#4482063352
0"
#4482561304
0!
#4482563016
1"
#4482563144
0"
#4483061304
1!
#4483063016
1"
#4483063344
0"
#4483561304
0!
#4483563016
1"
#4483563144
0"
#4484061312
1!
#4484063024
1"
#4484063352
0"
#4484561304
0!
#4484563016
1"
#4484563144
0"
#4485061304
1!
#4485063016
1"
#4485063344
0"
#4485561304
0!
#4485563016
1"
#4485563144
0"
#4486061312
1!
#4486063024
1"
#4486063352
0"
#4486561304
0!
#4486563016
1"
#4486563144
0"
#4487061304
1!
#4487063016
1"
#4487063344
0"
#4487561304
0!
#4487563016
1"
#4487563144
0"
#4488061312
1!
#4488063024
1"
#4488063352
0"
#4488561304
0!
#4488563016
1"
#4488563144
0"
#4489061304
1!
#4489063016
1"
#4489063344
0"
#4489561304
0!
#4489563016
1"
#4489563144
0"
#4490061312
1!
#4490063024
1"
#4490063352
0"
#4490561304
0!
#4490563016
1"
#4490563144
0"
#4491061304
1!
#4491063016
1"
#4491063344
0"
#4491561304
0!
#4491563016
1"
#4491563144
0"
#4492061312
1!
#4492063024
1"
#4492063352
0"
#4492561304
0!
#4492563016
1"
#4492563144
0"
#4493061304
1!
#4493063016
1"
#4493063344
0"
#4493561304
0!
#4493563016
1"
#4493563144
0"
#4494061312
1!
#4494063024
1"
#4494063352
0"
#4494561304
0!
#4494563016
1"
#4494563144
0"
#4495061304
1!
#4495063016
1"
#4495063344
0"
#4495561304
0!
#4495563016
1"
#4495563144
0"
#4496061312
1!
#4496063024
1"
#4496063352
0"
#4496561304
0!
#4496563016
1"
#4496563144
0"
#4497061304
1!
#4497063016
1"
#4497063344
0"
#4497561304
0!
#4497563016
1"
#4497563144
0"
#4498061312
1!
#4498063024
1"
#4498063352
0"
#4498561304
0!
#4498563016
1"
#4498563144
0"
#4499061304
1!
#4499063016
1"
#4499063344
0"
#4499561304
0!
#4499563016
1"
#4499563144
0"
#4500061312
1!
#4500063024
1"
#4500063352
0"
#4500561304
0!
#4500563016
1"
#4500563144
0"
#4501061304
1!
#4501063016
1"
#4501063344
0"
#4501561304
0!
#4501563016
1"
#4501563144
0"
#4502061312
1!
#4502063024
1"
#4502063352
0"
#4502561304
0!
#4502563016
1"
#4502563144
0"
#4503061304
1!
#4503063016
1"
#4503063344
0"
#4503561304
0!
#4503563016
1"
#4503563144
0"
#4504061312
1!
#4504063024
1"
#4504063352
0"
#4504561304
0!
#4504563016
1"
#4504563144
0"
#4505061304
1!
#4505063016
1"
#4505063344
0"
#4505561304
0!
#4505563016
1"
#4505563144
0"
#4506061312
1!
#4506063024
1"
#4506063352
0"
#4506561304
0!
#4506563016
1"
#4506563144
0"
#4507061304
1!
#4507063016
1"
#4507063344
0"
#4507561304
0!
#4507563016
1"
#4507563144
0"
#4508061312
1!
#4508063024
1"
#4508063352
0"
#4508561304
0!
#4508563016
1"
#4508563144
0"
#4509061304
1!
#4509063016
1"
#4509063344
0"
#4509561304
0!
#4509563016
1"
#4509563144
0"
#4510061312
1!
#4510063024
1"
#4510063352
0"
#4510561304
0!
#4510563016
1"
#4510563144
0"
#4511061304
1!
#4511063016
1"
#4511063344
0"
#4511561304
0!
#4511563016
1"
#4511563144
0"
#4512061312
1!
#4512063024
1"
#4512063352
0"
#4512561304
0!
#4512563016
1"
#4512563144
0"
#4513061304
1!
#4513063016
1"
#4513063344
0"
#4513561304
0!
#4513563016
1"
#4513563144
0"
#4514061312
1!
#4514063024
1"
#4514063352
0"
#4514561304
0!
#4514563016
1"
#4514563144
0"
#4515061304
1!
#4515063016
1"
#4515063344
0"
#4515561304
0!
#4515563016
1"
#4515563144
0"
#4516061312
1!
#4516063024
1"
#4516063352
0"
#4516561304
0!
#4516563016
1"
#4516563144
0"
#4517061304
1!
#4517063016
1"
#4517063344
0"
#4517561304
0!
#4517563016
1"
#4517563144
0"
#4518061312
1!
#4518063024
1"
#4518063352
0"
#4518561304
0!
#4518563016
1"
#4518563144
0"
#4519061304
1!
#4519063016
1"
#4519063344
0"
#4519561304
0!
#4519563016
1"
#4519563144
0"
#4520061312
1!
#4520063024
1"
#4520063352
0"
#4520561304
0!
#4520563016
1"
#4520563144
0"
#4521061304
1!
#4521063016
1"
#4521063344
0"
#4521561304
0!
#4521563016
1"
#4521563144
0"
#4522061312
1!
#4522063024
1"
#4522063352
0"
#4522561304
0!
#4522563016
1"
#4522563144
0"
#4523061304
1!
#4523063016
1"
#4523063344
0"
#4523561304
0!
#4523563016
1"
#4523563144
0"
#4524061312
1!
#4524063024
1"
#4524063352
0"
#4524561304
0!
#4524563016
1"
#4524563144
0"
#4525061304
1!
#4525063016
1"
#4525063344
0"
#4525561304
0!
#4525563016
1"
#4525563144
0"
#4526061312
1!
#4526063024
1"
#4526063352
0"
#4526561304
0!
#4526563016
1"
#4526563144
0"
#4527061304
1!
#4527063016
1"
#4527063344
0"
#4527561304
0!
#4527563016
1"
#4527563144
0"
#4528061312
1!
#4528063024
1"
#4528063352
0"
#4528561304
0!
#4528563016
1"
#4528563144
0"
#4529061304
1!
#4529063016
1"
#4529063344
0"
#4529561304
0!
#4529563016
1"
#4529563144
0"
#4530061312
1!
#4530063024
1"
#4530063352
0"
#4530561304
0!
#4530563016
1"
#4530563144
0"
#4531061304
1!
#4531063016
1"
#4531063344
0"
#4531561304
0!
#4531563016
1"
#4531563144
0"
#4532061312
1!
#4532063024
1"
#4532063352
0"
#4532561304
0!
#4532563016
1"
#4532563144
0"
#4533061304
1!
#4533063016
1"
#4533063344
0"
#4533561304
0!
#4533563016
1"
#4533563144
0"
#4534061312
1!
#4534063024
1"
#4534063352
0"
#4534561304
0!
#4534563016
1"
#4534563144
0"
#4535061304
1!
#4535063016
1"
#4535063344
0"
#4535561304
0!
#4535563016
1"
#4535563144
0"
#4536061312
1!
#4536063024
1"
#4536063352
0"
#4536561304
0!
#4536563016
1"
#4536563144
0"
#4537061304
1!
#4537063016
1"
#4537063344
0"
#4537561304
0!
#4537563016
1"
#4537563144
0"
#4538061312
1!
#4538063024
1"
#4538063352
0"
#4538561304
0!
#4538563016
1"
#4538563144
0"
#4539061304
1!
#4539063016
1"
#4539063344
0"
#4539561304
0!
#4539563016
1"
#4539563144
0"
#4540061312
1!
#4540063024
1"
#4540063352
0"
#4540561304
0!
#4540563016
1"
#4540563144
0"
#4541061304
1!
#4541063016
1"
#4541063344
0"
#4541561304
0!
#4541563016
1"
#4541563144
0"
#4542061312
1!
#4542063024
1"
#4542063352
0"
#4542561304
0!
#4542563016
1"
#4542563144
0"
#4543061304
1!
#4543063016
1"
#4543063344
0"
#4543561304
0!
#4543563016
1"
#4543563144
0"
#4544061312
1!
#4544063024
1"
#4544063352
0"
#4544561304
0!
#4544563016
1"
#4544563144
0"
#4545061304
1!
#4545063016
1"
#4545063344
0"
#4545561304
0!
#4545563016
1"
#4545563144
0"
#4546061312
1!
#4546063024
1"
#4546063352
0"
#4546561304
0!
#4546563016
1"
#4546563144
0"
#4547061304
1!
#4547063016
1"
#4547063344
0"
#4547561304
0!
#4547563016
1"
#4547563144
0"
#4548061312
1!
#4548063024
1"
#4548063352
0"
#4548561304
0!
#4548563016
1"
#4548563144
0"
#4549061304
1!
#4549063016
1"
#4549063344
0"
#4549561304
0!
#4549563016
1"
#4549563144
0"
#4550061312
1!
#4550063024
1"
#4550063352
0"
#4550561304
0!
#4550563016
1"
#4550563144
0"
#4551061304
1!
#4551063016
1"
#4551063344
0"
#4551561304
0!
#4551563016
1"
#4551563144
0"
#4552061312
1!
#4552063024
1"
#4552063352
0"
#4552561304
0!
#4552563016
1"
#4552563144
0"
#4553061304
1!
#4553063016
1"
#4553063344
0"
#4553561304
0!
#4553563016
1"
#4553563144
0"
#4554061312
1!
#4554063024
1"
#4554063352
0"
#4554561304
0!
#4554563016
1"
#4554563144
0"
#4555061304
1!
#4555063016
1"
#4555063344
0"
#4555561304
0!
#4555563016
1"
#4555563144
0"
#4556061312
1!
#4556063024
1"
#4556063352
0"
#4556561304
0!
#4556563016
1"
#4556563144
0"
#4557061304
1!
#4557063016
1"
#4557063344
0"
#4557561304
0!
#4557563016
1"
#4557563144
0"
#4558061312
1!
#4558063024
1"
#4558063352
0"
#4558561304
0!
#4558563016
1"
#4558563144
0"
#4559061304
1!
#4559063016
1"
#4559063344
0"
#4559561304
0!
#4559563016
1"
#4559563144
0"
#4560061312
1!
#4560063024
1"
#4560063352
0"
#4560561304
0!
#4560563016
1"
#4560563144
0"
#4561061304
1!
#4561063016
1"
#4561063344
0"
#4561561304
0!
#4561563016
1"
#4561563144
0"
#4562061312
1!
#4562063024
1"
#4562063352
0"
#4562561304
0!
#4562563016
1"
#4562563144
0"
#4563061304
1!
#4563063016
1"
#4563063344
0"
#4563561304
0!
#4563563016
1"
#4563563144
0"
#4564061312
1!
#4564063024
1"
#4564063352
0"
#4564561304
0!
#4564563016
1"
#4564563144
0"
#4565061304
1!
#4565063016
1"
#4565063344
0"
#4565561304
0!
#4565563016
1"
#4565563144
0"
#4566061312
1!
#4566063024
1"
#4566063352
0"
#4566561304
0!
#4566563016
1"
#4566563144
0"
#4567061304
1!
#4567063016
1"
#4567063344
0"
#4567561304
0!
#4567563016
1"
#4567563144
0"
#4568061312
1!
#4568063024
1"
#4568063352
0"
#4568561304
0!
#4568563016
1"
#4568563144
0"
#4569061304
1!
#4569063016
1"
#4569063344
0"
#4569561304
0!
#4569563016
1"
#4569563144
0"
#4570061312
1!
#4570063024
1"
#4570063352
0"
#4570561304
0!
#4570563016
1"
#4570563144
0"
#4571061304
1!
#4571063016
1"
#4571063344
0"
#4571561304
0!
#4571563016
1"
#4571563144
0"
#4572061312
1!
#4572063024
1"
#4572063352
0"
#4572561304
0!
#4572563016
1"
#4572563144
0"
#4573061304
1!
#4573063016
1"
#4573063344
0"
#4573561304
0!
#4573563016
1"
#4573563144
0"
#4574061312
1!
#4574063024
1"
#4574063352
0"
#4574561304
0!
#4574563016
1"
#4574563144
0"
#4575061304
1!
#4575063016
1"
#4575063344
0"
#4575561304
0!
#4575563016
1"
#4575563144
0"
#4576061312
1!
#4576063024
1"
#4576063352
0"
#4576561304
0!
#4576563016
1"
#4576563144
0"
#4577061304
1!
#4577063016
1"
#4577063344
0"
#4577561304
0!
#4577563016
1"
#4577563144
0"
#4578061312
1!
#4578063024
1"
#4578063352
0"
#4578561304
0!
#4578563016
1"
#4578563144
0"
#4579061304
1!
#4579063016
1"
#4579063344
0"
#4579561304
0!
#4579563016
1"
#4579563144
0"
#4580061312
1!
#4580063024
1"
#4580063352
0"
#4580561304
0!
#4580563016
1"
#4580563144
0"
#4581061304
1!
#4581063016
1"
#4581063344
0"
#4581561304
0!
#4581563016
1"
#4581563144
0"
#4582061312
1!
#4582063024
1"
#4582063352
0"
#4582561304
0!
#4582563016
1"
#4582563144
0"
#4583061304
1!
#4583063016
1"
#4583063344
0"
#4583561304
0!
#4583563016
1"
#4583563144
0"
#4584061312
1!
#4584063024
1"
#4584063352
0"
#4584168667
1!
#4584168667
1!
